customer_id,gender,age,city,signup_date,order_id,order_date,restaurant_name,dish_name,category,quantity,price,payment_method,order_frequency,last_order_date,loyalty_points,churned,rating,rating_date,delivery_status,revenue
C5663,Male,Adult,Peshawar,2024-01-14,O9663,2023-08-23,McDonald's,Burger,Italian,5,1478.27,Cash,38,2025-07-19,238,Active,3,2024-10-14,Cancelled,7391.35
C2831,Male,Adult,Multan,2024-07-07,O6831,2023-08-23,KFC,Burger,Italian,3,956.04,Wallet,24,2024-11-25,81,Active,2,2025-08-21,Delayed,2868.12
C2851,Other,Senior,Multan,2025-05-10,O6851,2023-08-23,Pizza Hut,Fries,Italian,2,882.51,Cash,42,2025-06-20,82,Inactive,3,2024-09-19,Delayed,1765.02
C1694,Female,Senior,Peshawar,2023-09-05,O5694,2023-08-23,Subway,Pizza,Dessert,4,231.3,Card,27,2025-07-24,45,Inactive,2,2025-06-29,Delayed,925.2
C4339,Other,Senior,Lahore,2023-12-29,O8339,2023-08-24,KFC,Sandwich,Dessert,1,1156.69,Cash,35,2024-12-21,418,Inactive,3,2025-03-06,Cancelled,1156.69
C6543,Other,Adult,Karachi,2023-09-28,O10543,2023-08-24,Burger King,Pizza,Fast Food,5,1213.62,Cash,45,2024-10-10,418,Inactive,4,2025-06-01,Delivered,6068.1
C6423,Male,Adult,Lahore,2025-04-08,O10423,2023-08-24,McDonald's,Pasta,Continental,5,672.91,Wallet,31,2025-05-25,347,Active,1,2025-03-04,Cancelled,3364.55
C4621,Male,Adult,Peshawar,2024-02-05,O8621,2023-08-24,Pizza Hut,Pizza,Chinese,2,271.74,Cash,14,2025-05-01,429,Active,2,2024-09-30,Delivered,543.48
C5146,Other,Senior,Karachi,2024-12-17,O9146,2023-08-24,KFC,Pizza,Dessert,5,596.96,Wallet,1,2025-05-16,24,Active,4,2024-10-27,Delayed,2984.8
C3579,Male,Adult,Karachi,2023-10-13,O7579,2023-08-24,Pizza Hut,Pizza,Continental,2,1443.25,Cash,15,2025-02-23,270,Inactive,3,2024-10-11,Delayed,2886.5
C5535,Male,Adult,Lahore,2025-04-08,O9535,2023-08-24,Subway,Sandwich,Continental,2,645.52,Cash,32,2025-07-30,133,Active,4,2024-12-05,Delayed,1291.04
C3894,Female,Senior,Multan,2024-09-26,O7894,2023-08-24,Burger King,Burger,Fast Food,1,126.53,Wallet,45,2025-01-24,48,Inactive,2,2025-08-20,Cancelled,126.53
C4071,Male,Senior,Islamabad,2024-12-26,O8071,2023-08-24,Subway,Pizza,Italian,1,465.75,Card,29,2024-12-27,394,Active,4,2025-04-16,Cancelled,465.75
C4231,Female,Senior,Multan,2024-11-12,O8231,2023-08-24,Burger King,Sandwich,Continental,3,796.91,Wallet,39,2025-04-11,5,Inactive,5,2025-02-27,Delivered,2390.73
C3914,Male,Teenager,Islamabad,2023-11-29,O7914,2023-08-24,KFC,Pizza,Fast Food,4,1140.76,Wallet,23,2025-04-22,492,Inactive,5,2025-04-19,Delayed,4563.04
C5681,Other,Adult,Islamabad,2024-11-25,O9681,2023-08-25,Subway,Pizza,Continental,1,1285.18,Cash,10,2025-04-09,196,Inactive,2,2025-06-10,Delayed,1285.18
C4975,Female,Teenager,Karachi,2025-06-20,O8975,2023-08-25,Burger King,Burger,Dessert,1,673.86,Wallet,38,2025-07-07,439,Inactive,2,2025-07-09,Delivered,673.86
C2876,Female,Senior,Islamabad,2024-12-30,O6876,2023-08-25,KFC,Burger,Chinese,2,330.93,Cash,45,2025-07-17,455,Active,2,2024-11-28,Cancelled,661.86
C6144,Other,Teenager,Peshawar,2024-08-05,O10144,2023-08-25,Subway,Pasta,Fast Food,2,991.17,Wallet,6,2025-04-22,101,Active,2,2025-03-27,Cancelled,1982.34
C5092,Female,Adult,Lahore,2023-10-05,O9092,2023-08-25,Subway,Pasta,Chinese,1,1485.16,Card,46,2025-04-24,171,Inactive,3,2025-08-05,Delayed,1485.16
C2747,Female,Adult,Lahore,2024-08-30,O6747,2023-08-25,Subway,Sandwich,Italian,2,802.12,Wallet,22,2024-09-15,32,Inactive,4,2025-06-11,Cancelled,1604.24
C3406,Female,Teenager,Lahore,2024-02-25,O7406,2023-08-25,Pizza Hut,Sandwich,Italian,1,1394.47,Cash,13,2025-06-16,273,Inactive,2,2025-07-20,Delayed,1394.47
C2975,Male,Teenager,Multan,2024-09-28,O6975,2023-08-25,Pizza Hut,Pizza,Italian,3,1287.69,Wallet,49,2025-06-05,35,Active,4,2024-11-10,Delivered,3863.07
C5497,Other,Adult,Lahore,2024-10-21,O9497,2023-08-25,Burger King,Pasta,Continental,5,785.37,Card,49,2025-01-26,463,Active,2,2025-05-19,Delivered,3926.85
C2748,Other,Teenager,Karachi,2024-07-07,O6748,2023-08-25,Pizza Hut,Fries,Dessert,2,1304.8,Cash,2,2024-12-01,435,Inactive,1,2024-11-29,Cancelled,2609.6
C1929,Female,Teenager,Peshawar,2023-11-27,O5929,2023-08-26,KFC,Fries,Continental,1,599.7,Wallet,35,2025-06-26,172,Active,4,2024-11-10,Delayed,599.7
C5124,Male,Adult,Lahore,2024-12-13,O9124,2023-08-26,McDonald's,Burger,Continental,3,1065.15,Cash,38,2025-05-25,250,Inactive,2,2025-04-18,Cancelled,3195.45
C6250,Male,Teenager,Lahore,2024-06-29,O10250,2023-08-26,McDonald's,Pasta,Chinese,5,576.33,Card,7,2025-05-03,60,Active,3,2025-06-03,Cancelled,2881.65
C1351,Female,Adult,Karachi,2024-06-16,O5351,2023-08-26,KFC,Fries,Chinese,3,761.47,Card,3,2025-01-08,240,Inactive,2,2024-11-29,Delivered,2284.41
C5795,Female,Senior,Islamabad,2023-11-07,O9795,2023-08-26,KFC,Pizza,Italian,5,1267.2,Card,32,2024-11-10,72,Active,5,2024-10-21,Delayed,6336.0
C5513,Male,Teenager,Islamabad,2024-09-15,O9513,2023-08-26,KFC,Pizza,Continental,3,1044.89,Card,31,2025-07-20,496,Inactive,2,2024-12-27,Delayed,3134.67
C6362,Female,Senior,Islamabad,2023-11-22,O10362,2023-08-26,Burger King,Pizza,Chinese,4,343.52,Card,34,2024-09-29,164,Active,3,2025-01-25,Delivered,1374.08
C6340,Male,Senior,Multan,2024-11-20,O10340,2023-08-26,Burger King,Sandwich,Continental,2,209.77,Cash,16,2025-07-07,453,Active,3,2024-09-04,Cancelled,419.54
C5444,Other,Teenager,Peshawar,2025-04-21,O9444,2023-08-26,Subway,Pasta,Chinese,3,1052.17,Cash,12,2025-07-02,14,Inactive,3,2025-02-08,Delayed,3156.51
C1454,Female,Adult,Islamabad,2025-06-26,O5454,2023-08-26,McDonald's,Pizza,Italian,2,1030.25,Wallet,5,2025-07-01,273,Active,1,2025-02-05,Cancelled,2060.5
C4748,Other,Adult,Peshawar,2024-03-10,O8748,2023-08-26,Subway,Sandwich,Italian,5,909.48,Wallet,3,2025-07-28,224,Inactive,3,2025-05-25,Cancelled,4547.4
C2827,Male,Teenager,Multan,2025-03-05,O6827,2023-08-26,Pizza Hut,Sandwich,Italian,3,192.88,Wallet,26,2025-06-03,18,Active,3,2025-01-13,Cancelled,578.64
C3338,Female,Senior,Lahore,2023-12-04,O7338,2023-08-26,McDonald's,Burger,Chinese,2,1471.81,Wallet,25,2024-12-27,444,Active,3,2025-06-14,Delivered,2943.62
C1614,Other,Adult,Lahore,2023-12-31,O5614,2023-08-26,Subway,Pizza,Italian,1,956.03,Card,39,2025-04-19,167,Inactive,5,2025-01-04,Delivered,956.03
C4382,Male,Senior,Multan,2025-01-20,O8382,2023-08-27,Pizza Hut,Pizza,Dessert,3,222.14,Wallet,4,2025-03-25,148,Inactive,2,2025-01-01,Delayed,666.42
C1827,Other,Adult,Lahore,2024-05-24,O5827,2023-08-27,Burger King,Pasta,Italian,2,522.0,Cash,12,2025-03-30,246,Inactive,3,2024-09-20,Delayed,1044.0
C5009,Male,Teenager,Islamabad,2024-03-25,O9009,2023-08-27,Pizza Hut,Pizza,Italian,3,795.3,Card,15,2025-06-02,179,Inactive,4,2025-01-13,Delayed,2385.9
C3152,Other,Teenager,Multan,2024-02-26,O7152,2023-08-27,Subway,Burger,Chinese,3,768.49,Wallet,40,2024-12-23,495,Inactive,5,2025-01-06,Delivered,2305.47
C4729,Female,Teenager,Multan,2025-01-31,O8729,2023-08-27,KFC,Fries,Chinese,2,198.12,Card,7,2025-07-18,13,Inactive,3,2025-06-27,Cancelled,396.24
C5046,Other,Teenager,Islamabad,2024-08-15,O9046,2023-08-27,KFC,Fries,Chinese,1,196.28,Card,22,2025-08-17,378,Inactive,4,2025-03-04,Delivered,196.28
C3588,Other,Teenager,Lahore,2024-01-07,O7588,2023-08-27,Subway,Burger,Continental,1,364.91,Card,1,2025-05-06,98,Active,5,2025-08-18,Delayed,364.91
C3247,Female,Senior,Multan,2023-11-27,O7247,2023-08-27,McDonald's,Sandwich,Italian,5,275.53,Cash,7,2024-12-06,138,Active,2,2025-06-22,Delivered,1377.65
C2454,Other,Teenager,Karachi,2023-12-04,O6454,2023-08-27,KFC,Pizza,Italian,1,249.9,Cash,20,2025-03-22,70,Inactive,1,2025-07-20,Delayed,249.9
C4046,Other,Adult,Karachi,2024-11-10,O8046,2023-08-27,Subway,Sandwich,Continental,4,1226.08,Cash,32,2025-02-06,372,Active,4,2025-06-18,Delivered,4904.32
C6194,Female,Adult,Lahore,2023-10-09,O10194,2023-08-28,Subway,Fries,Continental,3,1120.65,Card,46,2024-12-02,453,Active,4,2025-08-19,Cancelled,3361.95
C5845,Other,Senior,Multan,2024-10-14,O9845,2023-08-28,Subway,Sandwich,Fast Food,3,1056.2,Card,26,2024-11-07,116,Active,5,2025-02-16,Cancelled,3168.6
C6804,Female,Adult,Peshawar,2025-01-16,O10804,2023-08-28,Burger King,Burger,Continental,3,931.02,Wallet,30,2025-07-10,211,Inactive,3,2025-03-18,Delayed,2793.06
C1490,Other,Senior,Lahore,2024-12-02,O5490,2023-08-28,Pizza Hut,Pizza,Fast Food,2,1431.45,Wallet,15,2025-05-04,190,Inactive,4,2024-10-08,Cancelled,2862.9
C4203,Male,Adult,Multan,2024-04-17,O8203,2023-08-28,KFC,Pizza,Italian,5,167.62,Card,13,2024-09-08,388,Active,4,2024-11-07,Delivered,838.1
C6818,Male,Adult,Islamabad,2024-10-22,O10818,2023-08-28,Subway,Pasta,Chinese,2,118.82,Card,12,2025-05-10,87,Active,1,2024-09-14,Cancelled,237.64
C2583,Female,Adult,Karachi,2024-08-10,O6583,2023-08-29,Pizza Hut,Pasta,Fast Food,1,492.46,Cash,10,2025-01-16,383,Active,1,2024-09-09,Delivered,492.46
C1891,Male,Teenager,Multan,2023-11-28,O5891,2023-08-29,Pizza Hut,Pasta,Chinese,5,1275.96,Card,28,2024-11-09,312,Inactive,2,2024-12-29,Delivered,6379.8
C1972,Male,Teenager,Multan,2024-06-03,O5972,2023-08-29,McDonald's,Sandwich,Chinese,1,1462.99,Wallet,36,2025-03-26,316,Inactive,4,2024-11-30,Cancelled,1462.99
C5895,Female,Adult,Karachi,2025-02-12,O9895,2023-08-29,McDonald's,Pasta,Chinese,2,1221.24,Cash,13,2025-02-19,286,Active,4,2025-03-15,Cancelled,2442.48
C5179,Male,Adult,Multan,2023-09-03,O9179,2023-08-29,McDonald's,Pasta,Fast Food,1,1033.71,Card,47,2024-08-30,4,Active,2,2024-12-24,Delivered,1033.71
C3147,Female,Adult,Islamabad,2024-10-30,O7147,2023-08-30,Burger King,Pizza,Continental,4,299.44,Cash,27,2025-02-06,480,Inactive,3,2024-12-01,Delivered,1197.76
C3256,Other,Senior,Islamabad,2024-07-06,O7256,2023-08-30,Pizza Hut,Pasta,Dessert,3,1310.72,Wallet,41,2025-08-07,47,Active,3,2024-11-20,Cancelled,3932.16
C3011,Male,Teenager,Islamabad,2025-01-27,O7011,2023-08-30,KFC,Pizza,Italian,4,343.94,Cash,20,2025-07-19,389,Active,3,2024-11-20,Cancelled,1375.76
C2727,Other,Senior,Karachi,2024-11-05,O6727,2023-08-30,Subway,Pizza,Continental,1,1416.38,Wallet,27,2024-11-27,25,Inactive,3,2025-06-28,Cancelled,1416.38
C5922,Other,Adult,Islamabad,2024-08-03,O9922,2023-08-30,Pizza Hut,Fries,Dessert,3,622.55,Cash,32,2024-08-26,92,Active,3,2025-05-15,Delayed,1867.65
C3797,Other,Teenager,Islamabad,2024-05-08,O7797,2023-08-30,Burger King,Burger,Chinese,3,266.63,Wallet,13,2024-09-14,429,Active,2,2025-05-25,Cancelled,799.89
C5286,Other,Adult,Peshawar,2025-03-09,O9286,2023-08-30,KFC,Fries,Continental,4,1052.03,Cash,44,2025-04-16,107,Inactive,4,2025-03-12,Delivered,4208.12
C3379,Other,Adult,Peshawar,2023-12-19,O7379,2023-08-30,McDonald's,Burger,Italian,3,519.94,Card,30,2024-10-08,195,Active,1,2025-02-08,Delivered,1559.82
C4465,Female,Adult,Islamabad,2024-12-13,O8465,2023-08-30,Burger King,Pizza,Italian,2,1296.57,Card,16,2025-01-22,31,Inactive,3,2025-03-13,Cancelled,2593.14
C4554,Other,Teenager,Lahore,2024-06-20,O8554,2023-08-31,Subway,Sandwich,Continental,5,575.25,Card,8,2025-04-15,168,Active,1,2025-05-06,Cancelled,2876.25
C1842,Female,Teenager,Lahore,2024-09-17,O5842,2023-08-31,Pizza Hut,Pasta,Dessert,3,1487.08,Cash,2,2025-04-27,205,Active,5,2024-09-13,Delivered,4461.24
C1557,Female,Teenager,Peshawar,2024-01-11,O5557,2023-08-31,Burger King,Pizza,Chinese,1,1071.22,Cash,5,2025-06-15,56,Inactive,5,2024-10-11,Delivered,1071.22
C6668,Other,Senior,Lahore,2024-08-28,O10668,2023-08-31,Pizza Hut,Burger,Fast Food,2,181.27,Cash,12,2024-10-14,364,Inactive,5,2024-11-20,Cancelled,362.54
C6686,Female,Senior,Peshawar,2024-08-11,O10686,2023-08-31,KFC,Burger,Fast Food,1,397.47,Wallet,5,2025-04-12,180,Active,1,2025-06-10,Cancelled,397.47
C3239,Female,Senior,Lahore,2023-09-13,O7239,2023-08-31,Pizza Hut,Fries,Chinese,5,1475.86,Card,13,2025-07-13,59,Active,4,2025-02-09,Cancelled,7379.3
C1207,Other,Teenager,Peshawar,2023-09-23,O5207,2023-08-31,McDonald's,Pizza,Italian,4,1143.99,Wallet,26,2024-09-26,323,Inactive,4,2025-03-24,Delivered,4575.96
C6466,Other,Senior,Islamabad,2024-02-14,O10466,2023-08-31,KFC,Fries,Chinese,1,1492.84,Wallet,50,2025-03-28,423,Active,1,2025-02-09,Cancelled,1492.84
C6687,Other,Adult,Islamabad,2025-01-17,O10687,2023-09-01,KFC,Pasta,Italian,3,101.29,Wallet,28,2025-06-10,468,Inactive,3,2025-02-07,Delivered,303.87
C3210,Other,Teenager,Karachi,2025-02-08,O7210,2023-09-01,Burger King,Pasta,Fast Food,2,528.24,Cash,24,2025-06-05,149,Inactive,4,2024-08-24,Delayed,1056.48
C2375,Female,Teenager,Peshawar,2023-11-17,O6375,2023-09-01,McDonald's,Burger,Continental,3,716.53,Card,3,2025-02-20,432,Inactive,1,2024-09-17,Cancelled,2149.59
C3484,Male,Senior,Peshawar,2024-10-01,O7484,2023-09-01,Subway,Pasta,Fast Food,3,1135.18,Cash,2,2025-08-02,113,Active,2,2024-11-29,Cancelled,3405.54
C3775,Other,Adult,Multan,2024-09-01,O7775,2023-09-01,Burger King,Fries,Chinese,2,388.86,Cash,31,2024-12-29,39,Inactive,3,2024-10-05,Cancelled,777.72
C5566,Other,Teenager,Islamabad,2024-03-25,O9566,2023-09-01,Subway,Pasta,Dessert,5,362.35,Cash,23,2025-02-28,309,Active,5,2025-01-03,Delayed,1811.75
C3733,Male,Adult,Multan,2024-12-18,O7733,2023-09-01,Burger King,Sandwich,Continental,4,172.76,Wallet,23,2025-05-18,356,Inactive,5,2025-01-25,Delivered,691.04
C5134,Male,Senior,Lahore,2025-02-23,O9134,2023-09-02,Burger King,Sandwich,Chinese,3,184.12,Card,41,2025-05-02,491,Inactive,4,2025-02-02,Cancelled,552.36
C4670,Other,Adult,Peshawar,2024-08-23,O8670,2023-09-02,Pizza Hut,Fries,Italian,3,124.6,Card,26,2025-05-06,297,Inactive,2,2024-11-28,Cancelled,373.8
C2760,Other,Teenager,Lahore,2025-04-10,O6760,2023-09-02,McDonald's,Pizza,Dessert,4,664.08,Cash,20,2025-07-26,354,Inactive,3,2025-04-09,Cancelled,2656.32
C6071,Female,Senior,Peshawar,2024-01-23,O10071,2023-09-02,Pizza Hut,Pizza,Continental,1,1465.02,Card,45,2025-07-04,420,Active,1,2025-02-20,Delivered,1465.02
C5186,Female,Adult,Peshawar,2023-10-27,O9186,2023-09-02,Subway,Pizza,Continental,2,158.21,Cash,8,2024-12-27,321,Active,3,2025-02-12,Delayed,316.42
C3464,Other,Adult,Peshawar,2024-06-11,O7464,2023-09-02,Pizza Hut,Pizza,Continental,2,949.78,Card,46,2025-04-14,435,Active,1,2025-08-14,Cancelled,1899.56
C5340,Male,Teenager,Peshawar,2024-05-09,O9340,2023-09-02,McDonald's,Pasta,Continental,1,1047.07,Wallet,50,2025-01-29,328,Inactive,2,2024-09-01,Delayed,1047.07
C5353,Male,Adult,Islamabad,2025-03-12,O9353,2023-09-02,KFC,Pizza,Dessert,2,1491.88,Cash,44,2025-05-25,330,Active,5,2024-09-07,Delayed,2983.76
C6843,Other,Senior,Multan,2025-04-10,O10843,2023-09-02,KFC,Pizza,Italian,4,1014.28,Card,41,2025-07-22,0,Active,1,2025-01-23,Delivered,4057.12
C5132,Male,Teenager,Lahore,2024-09-13,O9132,2023-09-02,Subway,Burger,Fast Food,2,941.02,Wallet,5,2025-07-18,468,Active,1,2025-02-27,Delivered,1882.04
C2398,Other,Senior,Islamabad,2023-12-29,O6398,2023-09-03,Subway,Pasta,Chinese,1,1187.79,Cash,41,2025-07-05,22,Inactive,2,2024-12-13,Cancelled,1187.79
C5122,Other,Senior,Multan,2025-03-30,O9122,2023-09-03,McDonald's,Pizza,Chinese,3,1201.49,Cash,37,2025-04-30,293,Active,1,2024-11-30,Delayed,3604.47
C6532,Female,Senior,Islamabad,2024-03-15,O10532,2023-09-03,Pizza Hut,Pizza,Dessert,4,579.72,Wallet,40,2025-07-14,170,Inactive,3,2025-02-06,Delayed,2318.88
C1833,Other,Adult,Peshawar,2025-04-08,O5833,2023-09-03,KFC,Burger,Chinese,4,599.35,Cash,3,2025-06-06,322,Inactive,2,2025-01-15,Cancelled,2397.4
C2040,Male,Senior,Peshawar,2024-02-07,O6040,2023-09-03,Burger King,Pasta,Fast Food,4,1418.27,Wallet,14,2025-05-18,291,Inactive,3,2025-02-10,Cancelled,5673.08
C2631,Female,Adult,Lahore,2024-11-08,O6631,2023-09-03,Subway,Pasta,Continental,2,1174.62,Card,50,2025-02-11,64,Active,5,2025-03-24,Cancelled,2349.24
C3877,Other,Teenager,Islamabad,2024-10-22,O7877,2023-09-03,KFC,Fries,Continental,4,213.52,Cash,50,2025-01-22,24,Active,3,2024-12-14,Cancelled,854.08
C4158,Male,Senior,Islamabad,2024-04-27,O8158,2023-09-04,KFC,Fries,Chinese,3,566.9,Wallet,22,2025-03-27,387,Active,3,2025-02-22,Cancelled,1700.7
C3705,Other,Teenager,Lahore,2024-05-15,O7705,2023-09-04,Burger King,Pasta,Italian,3,881.71,Wallet,16,2025-06-25,26,Active,2,2024-11-20,Cancelled,2645.13
C5223,Other,Adult,Multan,2023-11-01,O9223,2023-09-04,Subway,Fries,Chinese,3,1142.45,Wallet,9,2024-09-08,397,Inactive,1,2025-03-20,Delayed,3427.35
C4259,Male,Teenager,Islamabad,2024-09-21,O8259,2023-09-04,McDonald's,Fries,Continental,3,734.85,Card,48,2024-12-28,245,Active,4,2024-10-17,Delivered,2204.55
C4636,Female,Teenager,Lahore,2024-01-27,O8636,2023-09-04,Subway,Pasta,Fast Food,4,1303.08,Wallet,19,2025-07-09,62,Active,1,2025-04-08,Delayed,5212.32
C3087,Female,Adult,Peshawar,2025-05-05,O7087,2023-09-04,Subway,Pizza,Italian,2,526.39,Wallet,7,2025-06-22,83,Inactive,1,2025-04-04,Delayed,1052.78
C6268,Male,Teenager,Islamabad,2024-02-11,O10268,2023-09-04,Pizza Hut,Sandwich,Fast Food,3,897.81,Cash,15,2025-08-14,193,Active,5,2025-06-19,Cancelled,2693.43
C1434,Other,Senior,Multan,2024-03-16,O5434,2023-09-05,Subway,Burger,Chinese,4,949.24,Card,21,2025-06-15,264,Active,2,2024-11-21,Cancelled,3796.96
C3992,Male,Teenager,Lahore,2024-07-21,O7992,2023-09-05,Subway,Fries,Italian,5,904.16,Card,10,2025-02-20,118,Inactive,4,2025-02-03,Delayed,4520.8
C4725,Other,Senior,Islamabad,2023-12-10,O8725,2023-09-05,Subway,Pizza,Continental,4,321.23,Wallet,32,2025-03-17,145,Inactive,2,2025-06-06,Delivered,1284.92
C3703,Other,Teenager,Multan,2024-10-30,O7703,2023-09-05,McDonald's,Fries,Fast Food,4,1071.49,Card,39,2025-06-04,1,Active,2,2025-02-15,Delayed,4285.96
C1727,Male,Adult,Multan,2023-08-26,O5727,2023-09-05,Burger King,Fries,Dessert,3,465.28,Wallet,4,2025-06-06,71,Active,4,2025-06-15,Delivered,1395.84
C2154,Male,Teenager,Peshawar,2024-09-05,O6154,2023-09-05,Pizza Hut,Pizza,Continental,3,141.58,Wallet,30,2024-11-13,363,Active,2,2025-04-27,Delivered,424.74
C6419,Female,Senior,Peshawar,2024-09-16,O10419,2023-09-05,Pizza Hut,Pizza,Continental,5,699.7,Cash,20,2025-04-12,183,Active,3,2025-07-24,Delivered,3498.5
C6318,Male,Teenager,Islamabad,2024-10-10,O10318,2023-09-06,McDonald's,Sandwich,Continental,3,1428.01,Cash,50,2025-01-17,185,Active,4,2025-05-21,Cancelled,4284.03
C5633,Other,Adult,Lahore,2024-12-07,O9633,2023-09-06,KFC,Fries,Italian,5,218.68,Wallet,26,2025-05-20,249,Active,4,2025-03-10,Delivered,1093.4
C5834,Other,Adult,Multan,2023-10-06,O9834,2023-09-06,Pizza Hut,Burger,Dessert,4,395.88,Card,37,2024-11-11,113,Inactive,3,2025-04-16,Delayed,1583.52
C1356,Female,Teenager,Islamabad,2024-10-13,O5356,2023-09-06,Burger King,Sandwich,Dessert,2,235.82,Wallet,28,2025-08-16,452,Inactive,1,2024-08-25,Delayed,471.64
C6282,Female,Senior,Lahore,2024-03-18,O10282,2023-09-06,KFC,Sandwich,Italian,5,626.86,Card,47,2025-03-28,117,Inactive,4,2025-03-21,Delayed,3134.3
C3241,Other,Adult,Peshawar,2024-12-29,O7241,2023-09-06,McDonald's,Fries,Dessert,3,667.31,Cash,22,2025-08-10,375,Active,3,2024-09-15,Delivered,2001.93
C4303,Male,Adult,Multan,2024-10-21,O8303,2023-09-06,KFC,Sandwich,Dessert,2,893.55,Cash,17,2024-12-18,497,Inactive,3,2024-11-20,Delayed,1787.1
C6640,Female,Adult,Karachi,2024-12-19,O10640,2023-09-06,Subway,Pasta,Italian,1,368.03,Cash,25,2025-01-31,83,Inactive,4,2024-12-21,Delayed,368.03
C1410,Male,Teenager,Karachi,2025-01-19,O5410,2023-09-07,KFC,Fries,Fast Food,1,708.22,Cash,39,2025-04-06,441,Active,5,2024-09-12,Delayed,708.22
C2514,Male,Teenager,Multan,2024-08-10,O6514,2023-09-07,Burger King,Burger,Fast Food,3,892.81,Cash,25,2025-07-02,335,Inactive,4,2025-02-20,Cancelled,2678.43
C5399,Other,Teenager,Lahore,2024-04-12,O9399,2023-09-07,Burger King,Burger,Continental,4,1043.78,Card,6,2025-04-15,114,Active,2,2025-06-05,Delayed,4175.12
C5621,Other,Senior,Islamabad,2025-01-24,O9621,2023-09-07,Burger King,Fries,Italian,5,162.05,Wallet,27,2025-05-28,271,Inactive,2,2025-06-09,Cancelled,810.25
C2832,Other,Teenager,Peshawar,2024-07-03,O6832,2023-09-07,McDonald's,Pasta,Italian,4,792.08,Card,19,2024-09-21,296,Inactive,4,2024-09-13,Delivered,3168.32
C6876,Female,Teenager,Islamabad,2024-11-13,O10876,2023-09-07,KFC,Pasta,Dessert,5,1356.66,Card,30,2025-02-06,470,Inactive,4,2024-11-07,Cancelled,6783.3
C1577,Male,Senior,Karachi,2024-08-19,O5577,2023-09-07,KFC,Pizza,Italian,1,820.53,Card,18,2025-05-24,402,Inactive,1,2025-08-21,Delivered,820.53
C5668,Female,Adult,Multan,2024-10-20,O9668,2023-09-07,KFC,Burger,Fast Food,2,1115.36,Card,9,2025-06-27,294,Active,2,2025-04-30,Delayed,2230.72
C1370,Male,Senior,Lahore,2025-04-12,O5370,2023-09-07,KFC,Pasta,Chinese,3,1186.98,Card,11,2025-04-27,134,Inactive,2,2025-07-08,Cancelled,3560.94
C5722,Male,Teenager,Multan,2025-06-26,O9722,2023-09-07,Burger King,Fries,Continental,2,1215.67,Wallet,8,2025-06-29,186,Inactive,4,2024-12-27,Delivered,2431.34
C6273,Male,Teenager,Peshawar,2025-03-05,O10273,2023-09-07,Burger King,Pizza,Chinese,2,614.0,Card,21,2025-05-17,52,Active,3,2024-11-05,Cancelled,1228.0
C3949,Male,Adult,Peshawar,2024-10-18,O7949,2023-09-08,Burger King,Sandwich,Chinese,2,212.59,Cash,26,2025-06-26,302,Active,1,2024-09-20,Delivered,425.18
C1847,Male,Senior,Lahore,2024-03-01,O5847,2023-09-08,Subway,Fries,Continental,3,1097.28,Card,20,2024-09-22,22,Active,5,2024-11-30,Delayed,3291.84
C6999,Female,Adult,Multan,2024-05-16,O10999,2023-09-08,Subway,Sandwich,Continental,2,1033.59,Card,1,2025-01-16,255,Active,1,2024-10-06,Delayed,2067.18
C3717,Female,Senior,Islamabad,2024-07-01,O7717,2023-09-09,Burger King,Burger,Fast Food,4,466.04,Cash,27,2024-09-25,169,Inactive,1,2025-04-10,Cancelled,1864.16
C6796,Other,Teenager,Lahore,2024-02-27,O10796,2023-09-09,KFC,Burger,Chinese,2,724.91,Cash,18,2024-12-04,438,Inactive,4,2025-03-23,Cancelled,1449.82
C1799,Male,Adult,Multan,2025-02-22,O5799,2023-09-09,Burger King,Burger,Fast Food,3,1128.96,Card,12,2025-08-17,487,Active,3,2025-05-13,Cancelled,3386.88
C3815,Male,Teenager,Karachi,2025-04-07,O7815,2023-09-09,Pizza Hut,Fries,Italian,5,122.84,Cash,43,2025-05-24,104,Active,5,2025-03-29,Delivered,614.2
C5637,Male,Senior,Lahore,2023-11-29,O9637,2023-09-09,Subway,Fries,Continental,3,440.0,Wallet,11,2024-12-23,497,Active,3,2025-01-13,Delivered,1320.0
C2045,Male,Adult,Karachi,2024-06-22,O6045,2023-09-09,Burger King,Sandwich,Chinese,2,1207.62,Wallet,46,2025-02-22,91,Active,2,2025-03-13,Delivered,2415.24
C4628,Female,Adult,Peshawar,2025-03-20,O8628,2023-09-09,McDonald's,Pizza,Continental,3,1147.65,Wallet,45,2025-04-15,353,Active,4,2024-12-12,Delivered,3442.95
C4407,Other,Adult,Peshawar,2023-08-31,O8407,2023-09-09,Pizza Hut,Sandwich,Continental,5,1203.99,Wallet,1,2025-04-17,106,Inactive,4,2025-07-02,Delayed,6019.95
C5061,Female,Teenager,Karachi,2024-06-30,O9061,2023-09-09,McDonald's,Burger,Chinese,2,1417.09,Card,46,2025-01-01,355,Active,3,2025-03-05,Cancelled,2834.18
C4423,Male,Teenager,Karachi,2024-06-21,O8423,2023-09-09,Pizza Hut,Fries,Italian,5,1010.15,Cash,25,2025-03-08,461,Active,3,2025-07-16,Cancelled,5050.75
C2522,Other,Teenager,Peshawar,2024-12-11,O6522,2023-09-10,KFC,Sandwich,Italian,4,589.82,Cash,28,2025-03-25,162,Inactive,2,2025-08-07,Delivered,2359.28
C2161,Female,Senior,Karachi,2025-01-20,O6161,2023-09-10,KFC,Pizza,Fast Food,1,394.08,Card,1,2025-02-06,169,Inactive,4,2024-12-14,Delayed,394.08
C2167,Male,Senior,Multan,2025-01-30,O6167,2023-09-10,McDonald's,Sandwich,Italian,4,1460.35,Card,9,2025-04-19,315,Active,5,2025-01-25,Cancelled,5841.4
C5088,Other,Senior,Lahore,2023-09-25,O9088,2023-09-10,Subway,Pasta,Fast Food,5,1397.42,Card,18,2024-08-27,36,Active,2,2025-03-11,Cancelled,6987.1
C3941,Other,Adult,Lahore,2023-10-03,O7941,2023-09-10,Burger King,Sandwich,Italian,3,257.86,Wallet,47,2025-01-25,327,Inactive,5,2025-07-27,Cancelled,773.58
C2536,Female,Adult,Karachi,2023-12-26,O6536,2023-09-10,McDonald's,Burger,Fast Food,3,882.75,Wallet,16,2025-01-28,13,Active,4,2024-10-08,Delayed,2648.25
C3321,Male,Teenager,Multan,2024-05-10,O7321,2023-09-10,Burger King,Pasta,Dessert,5,689.01,Card,3,2025-03-08,189,Inactive,3,2024-12-20,Cancelled,3445.05
C1075,Male,Adult,Lahore,2023-09-24,O5075,2023-09-10,Subway,Pasta,Continental,2,1452.79,Cash,30,2024-10-06,382,Active,4,2025-04-12,Cancelled,2905.58
C5413,Other,Teenager,Islamabad,2024-11-16,O9413,2023-09-10,Subway,Pasta,Chinese,3,460.45,Card,40,2024-11-23,4,Active,4,2025-05-03,Cancelled,1381.35
C6438,Male,Senior,Lahore,2025-01-26,O10438,2023-09-10,Burger King,Pasta,Continental,3,648.85,Card,36,2025-08-19,289,Inactive,5,2025-07-07,Delivered,1946.55
C6145,Male,Senior,Multan,2023-09-30,O10145,2023-09-10,Subway,Fries,Continental,1,512.77,Cash,18,2025-01-01,434,Inactive,1,2025-01-14,Cancelled,512.77
C6172,Other,Adult,Islamabad,2024-12-04,O10172,2023-09-11,Burger King,Burger,Italian,3,1443.13,Card,1,2025-08-04,0,Inactive,1,2025-07-16,Delayed,4329.39
C3641,Male,Adult,Karachi,2024-09-17,O7641,2023-09-11,Burger King,Sandwich,Continental,3,191.26,Card,33,2025-03-06,393,Inactive,2,2025-05-04,Cancelled,573.78
C3998,Female,Senior,Karachi,2024-08-31,O7998,2023-09-11,Pizza Hut,Pasta,Fast Food,1,309.02,Card,2,2025-07-03,477,Active,5,2025-03-23,Cancelled,309.02
C6266,Other,Senior,Karachi,2024-07-16,O10266,2023-09-11,Pizza Hut,Burger,Dessert,3,465.95,Card,38,2024-10-26,275,Inactive,4,2024-10-13,Cancelled,1397.85
C4699,Other,Senior,Islamabad,2025-03-04,O8699,2023-09-11,McDonald's,Pasta,Fast Food,5,749.95,Card,38,2025-06-24,84,Active,2,2024-10-18,Delayed,3749.75
C3956,Other,Teenager,Lahore,2024-09-25,O7956,2023-09-11,Pizza Hut,Pizza,Chinese,5,365.02,Cash,49,2025-03-30,296,Inactive,4,2025-03-27,Cancelled,1825.1
C6753,Other,Teenager,Multan,2024-08-24,O10753,2023-09-11,KFC,Sandwich,Dessert,5,172.45,Cash,6,2025-01-07,338,Active,5,2025-03-13,Cancelled,862.25
C1279,Female,Teenager,Karachi,2025-03-14,O5279,2023-09-11,KFC,Sandwich,Dessert,4,167.37,Cash,24,2025-03-14,442,Inactive,3,2025-05-03,Delayed,669.48
C2458,Female,Adult,Islamabad,2024-02-11,O6458,2023-09-11,Burger King,Fries,Fast Food,3,1442.35,Wallet,13,2025-03-07,188,Inactive,1,2025-05-06,Delayed,4327.05
C5113,Female,Adult,Peshawar,2025-02-21,O9113,2023-09-11,Burger King,Pizza,Fast Food,5,1381.09,Wallet,23,2025-04-14,193,Inactive,1,2025-07-10,Delivered,6905.45
C1800,Female,Adult,Multan,2024-10-31,O5800,2023-09-11,KFC,Burger,Chinese,4,412.61,Cash,47,2025-06-19,392,Active,2,2024-10-02,Delayed,1650.44
C3333,Other,Teenager,Lahore,2023-12-25,O7333,2023-09-11,McDonald's,Burger,Dessert,5,819.6,Cash,47,2024-11-20,317,Inactive,3,2025-02-27,Delivered,4098.0
C6015,Other,Adult,Islamabad,2025-01-30,O10015,2023-09-11,Burger King,Pasta,Continental,1,1423.77,Wallet,24,2025-06-06,197,Inactive,3,2025-07-03,Cancelled,1423.77
C2280,Male,Teenager,Karachi,2024-10-05,O6280,2023-09-11,McDonald's,Burger,Chinese,1,739.3,Cash,14,2024-10-29,481,Inactive,2,2024-11-29,Cancelled,739.3
C5166,Female,Teenager,Karachi,2024-06-29,O9166,2023-09-11,McDonald's,Pasta,Chinese,3,898.92,Cash,27,2024-12-31,169,Active,3,2024-11-29,Delivered,2696.76
C3672,Male,Adult,Karachi,2023-11-22,O7672,2023-09-12,McDonald's,Sandwich,Italian,1,1394.3,Cash,16,2025-07-06,288,Inactive,5,2025-03-23,Cancelled,1394.3
C1043,Other,Senior,Multan,2025-01-07,O5043,2023-09-12,Pizza Hut,Pizza,Continental,1,664.72,Card,11,2025-07-02,356,Inactive,2,2025-06-06,Delayed,664.72
C4592,Other,Senior,Peshawar,2023-08-24,O8592,2023-09-12,KFC,Sandwich,Italian,1,1064.71,Card,12,2025-08-13,41,Active,4,2024-12-26,Delivered,1064.71
C5410,Male,Senior,Multan,2024-01-13,O9410,2023-09-12,Burger King,Sandwich,Continental,2,1217.64,Cash,27,2025-03-01,115,Active,4,2025-05-29,Delayed,2435.28
C1176,Other,Adult,Lahore,2025-04-19,O5176,2023-09-12,Pizza Hut,Sandwich,Dessert,2,746.63,Card,47,2025-08-15,162,Active,5,2025-06-13,Delivered,1493.26
C2453,Other,Senior,Peshawar,2024-11-20,O6453,2023-09-12,Burger King,Pizza,Continental,3,889.41,Cash,24,2025-07-24,101,Active,5,2025-06-25,Cancelled,2668.23
C6181,Other,Adult,Karachi,2024-04-05,O10181,2023-09-12,Subway,Fries,Chinese,5,752.8,Card,33,2025-04-19,76,Inactive,4,2024-08-30,Delivered,3764.0
C5067,Male,Senior,Multan,2024-08-10,O9067,2023-09-12,Pizza Hut,Burger,Fast Food,1,582.15,Cash,13,2024-12-25,492,Active,5,2024-11-01,Delayed,582.15
C1918,Male,Teenager,Multan,2023-11-29,O5918,2023-09-12,Pizza Hut,Pasta,Continental,5,1367.65,Wallet,7,2025-03-05,297,Inactive,4,2025-07-21,Delivered,6838.25
C1875,Male,Teenager,Lahore,2024-11-02,O5875,2023-09-13,KFC,Burger,Chinese,5,1454.36,Card,32,2024-12-26,80,Inactive,4,2025-03-14,Cancelled,7271.8
C3778,Female,Teenager,Lahore,2024-01-12,O7778,2023-09-13,Subway,Sandwich,Chinese,4,802.86,Wallet,44,2024-09-24,97,Active,4,2025-05-21,Delayed,3211.44
C5964,Male,Senior,Karachi,2025-02-03,O9964,2023-09-13,Subway,Pasta,Italian,3,1382.02,Wallet,6,2025-03-05,26,Inactive,1,2025-06-06,Cancelled,4146.06
C5102,Male,Adult,Multan,2024-03-01,O9102,2023-09-13,Burger King,Pizza,Chinese,3,1275.91,Card,33,2024-08-30,368,Active,4,2024-11-14,Delayed,3827.73
C5371,Other,Adult,Karachi,2024-02-25,O9371,2023-09-13,McDonald's,Fries,Fast Food,2,899.49,Card,29,2025-01-04,209,Active,3,2024-12-20,Delayed,1798.98
C6700,Male,Adult,Islamabad,2024-03-21,O10700,2023-09-13,McDonald's,Fries,Dessert,4,483.89,Cash,11,2024-10-08,493,Active,2,2024-10-31,Delayed,1935.56
C6335,Other,Senior,Lahore,2023-09-21,O10335,2023-09-13,Subway,Burger,Continental,1,390.24,Cash,49,2025-02-15,180,Inactive,1,2024-10-12,Delayed,390.24
C3605,Female,Adult,Lahore,2024-03-08,O7605,2023-09-13,Subway,Fries,Italian,5,1070.43,Wallet,20,2025-08-09,248,Active,4,2024-09-01,Delayed,5352.15
C2306,Other,Senior,Multan,2024-04-10,O6306,2023-09-14,McDonald's,Fries,Fast Food,4,1264.25,Cash,26,2024-08-22,337,Inactive,1,2024-12-30,Cancelled,5057.0
C4819,Female,Teenager,Islamabad,2025-02-04,O8819,2023-09-14,Pizza Hut,Pizza,Chinese,3,1317.92,Card,19,2025-04-27,60,Active,3,2024-10-29,Delayed,3953.76
C6883,Other,Senior,Peshawar,2025-07-19,O10883,2023-09-14,Burger King,Pizza,Chinese,1,1116.09,Card,14,2025-08-19,83,Active,2,2024-10-30,Cancelled,1116.09
C1905,Female,Senior,Multan,2024-12-30,O5905,2023-09-14,McDonald's,Pizza,Fast Food,5,1335.23,Wallet,11,2025-02-08,302,Active,5,2025-05-03,Delivered,6676.15
C2556,Female,Senior,Islamabad,2024-06-26,O6556,2023-09-14,Pizza Hut,Pasta,Italian,1,1352.98,Wallet,42,2025-01-29,494,Active,3,2025-07-09,Delivered,1352.98
C4282,Female,Senior,Lahore,2024-08-21,O8282,2023-09-14,Subway,Pasta,Fast Food,4,1125.3,Cash,1,2025-02-10,10,Inactive,2,2025-04-25,Cancelled,4501.2
C3554,Male,Teenager,Karachi,2025-03-06,O7554,2023-09-14,Pizza Hut,Burger,Fast Food,2,940.68,Card,49,2025-05-01,225,Inactive,4,2025-06-14,Delivered,1881.36
C6465,Female,Senior,Karachi,2025-02-05,O10465,2023-09-14,McDonald's,Pizza,Chinese,3,952.38,Card,31,2025-05-13,12,Active,3,2025-07-17,Delivered,2857.14
C5563,Male,Teenager,Karachi,2024-07-04,O9563,2023-09-14,Subway,Burger,Fast Food,2,502.9,Wallet,32,2025-04-03,189,Inactive,2,2025-05-05,Delivered,1005.8
C6797,Other,Senior,Peshawar,2023-09-21,O10797,2023-09-14,Subway,Pizza,Italian,3,1262.54,Card,39,2024-10-24,114,Active,1,2025-04-27,Cancelled,3787.62
C3507,Male,Senior,Islamabad,2023-10-12,O7507,2023-09-14,Subway,Pasta,Fast Food,3,1023.64,Wallet,24,2025-07-17,443,Active,5,2025-02-11,Delayed,3070.92
C1366,Other,Senior,Multan,2024-10-26,O5366,2023-09-15,Subway,Burger,Chinese,5,532.27,Cash,4,2025-05-30,9,Active,1,2025-08-03,Cancelled,2661.35
C3821,Other,Senior,Peshawar,2025-05-12,O7821,2023-09-15,Burger King,Burger,Continental,4,1219.14,Wallet,48,2025-06-29,167,Inactive,2,2025-01-13,Delivered,4876.56
C2765,Other,Teenager,Lahore,2025-04-23,O6765,2023-09-15,Pizza Hut,Fries,Fast Food,3,1435.15,Cash,31,2025-08-19,8,Active,4,2024-09-24,Delivered,4305.45
C4309,Male,Teenager,Lahore,2025-06-28,O8309,2023-09-15,Pizza Hut,Fries,Italian,4,1072.07,Card,24,2025-08-18,429,Active,4,2024-10-04,Delivered,4288.28
C2848,Male,Teenager,Lahore,2024-10-13,O6848,2023-09-15,McDonald's,Pizza,Dessert,1,1419.33,Cash,48,2025-08-11,155,Active,5,2025-06-27,Delayed,1419.33
C3174,Other,Senior,Multan,2024-02-28,O7174,2023-09-15,McDonald's,Burger,Fast Food,3,1016.5,Card,23,2025-06-13,235,Inactive,3,2025-01-28,Delayed,3049.5
C4516,Other,Senior,Islamabad,2024-12-01,O8516,2023-09-15,Subway,Burger,Continental,4,1364.01,Wallet,48,2025-01-26,165,Inactive,1,2025-04-24,Delivered,5456.04
C6840,Other,Senior,Multan,2024-05-27,O10840,2023-09-15,Subway,Burger,Chinese,2,489.76,Wallet,26,2024-09-19,120,Active,5,2025-04-25,Cancelled,979.52
C1702,Female,Senior,Multan,2024-06-24,O5702,2023-09-16,Pizza Hut,Sandwich,Chinese,1,1266.44,Wallet,3,2024-08-27,437,Inactive,5,2025-03-10,Delayed,1266.44
C4472,Male,Adult,Multan,2024-08-23,O8472,2023-09-16,Subway,Burger,Italian,4,1161.7,Wallet,21,2024-10-11,177,Active,5,2025-04-17,Delivered,4646.8
C2711,Other,Adult,Islamabad,2023-08-26,O6711,2023-09-16,Subway,Burger,Continental,2,647.62,Wallet,16,2024-10-17,375,Inactive,5,2025-03-22,Delayed,1295.24
C4540,Male,Senior,Multan,2024-04-22,O8540,2023-09-16,KFC,Sandwich,Dessert,2,179.31,Card,17,2024-11-10,210,Active,5,2025-01-17,Delayed,358.62
C4401,Male,Adult,Karachi,2024-09-28,O8401,2023-09-16,KFC,Burger,Italian,3,923.55,Cash,18,2025-05-15,275,Inactive,2,2024-08-26,Cancelled,2770.65
C2277,Male,Senior,Peshawar,2023-10-04,O6277,2023-09-16,KFC,Fries,Chinese,1,184.89,Wallet,9,2024-09-15,231,Active,2,2025-06-19,Delivered,184.89
C2317,Male,Adult,Karachi,2025-02-11,O6317,2023-09-16,McDonald's,Pizza,Continental,4,1314.73,Wallet,18,2025-08-13,310,Active,5,2025-03-28,Delivered,5258.92
C6262,Female,Senior,Multan,2024-05-21,O10262,2023-09-16,KFC,Pasta,Fast Food,2,257.44,Card,41,2025-02-07,98,Active,4,2024-09-24,Delivered,514.88
C5702,Other,Senior,Multan,2023-10-20,O9702,2023-09-16,Burger King,Pasta,Dessert,4,200.97,Wallet,3,2024-09-12,238,Inactive,5,2025-06-12,Delayed,803.88
C6165,Female,Teenager,Karachi,2025-01-22,O10165,2023-09-16,Burger King,Fries,Dessert,4,1074.93,Card,5,2025-03-15,215,Active,3,2024-12-10,Cancelled,4299.72
C1053,Female,Senior,Islamabad,2024-05-08,O5053,2023-09-16,Subway,Sandwich,Continental,1,1094.1,Wallet,39,2024-12-28,110,Active,4,2024-10-10,Delayed,1094.1
C5285,Female,Senior,Karachi,2023-10-21,O9285,2023-09-16,Pizza Hut,Burger,Fast Food,2,209.07,Wallet,23,2024-11-01,257,Active,2,2024-09-18,Delivered,418.14
C6496,Male,Adult,Lahore,2024-11-14,O10496,2023-09-17,Burger King,Pizza,Continental,2,226.01,Cash,30,2025-05-16,402,Active,1,2025-01-15,Cancelled,452.02
C1698,Male,Adult,Multan,2024-07-24,O5698,2023-09-17,McDonald's,Burger,Dessert,4,1312.55,Card,39,2025-07-24,138,Active,1,2024-12-10,Delivered,5250.2
C1993,Other,Senior,Peshawar,2024-01-13,O5993,2023-09-17,Burger King,Pizza,Fast Food,1,219.65,Wallet,14,2025-07-09,394,Active,3,2024-09-04,Delayed,219.65
C6047,Female,Teenager,Multan,2024-09-13,O10047,2023-09-17,Pizza Hut,Fries,Continental,4,293.44,Wallet,30,2024-09-18,327,Inactive,1,2025-07-05,Delivered,1173.76
C6159,Female,Adult,Islamabad,2024-02-05,O10159,2023-09-17,Subway,Fries,Chinese,2,831.6,Wallet,12,2024-12-19,44,Active,4,2024-09-08,Delayed,1663.2
C5266,Female,Adult,Lahore,2024-05-14,O9266,2023-09-17,Pizza Hut,Pasta,Chinese,5,690.91,Cash,14,2025-07-10,307,Active,3,2025-01-14,Delayed,3454.55
C3170,Male,Teenager,Islamabad,2024-05-27,O7170,2023-09-17,KFC,Pasta,Dessert,1,1352.59,Wallet,45,2024-11-15,107,Inactive,3,2025-06-08,Delivered,1352.59
C3318,Male,Adult,Lahore,2025-02-26,O7318,2023-09-18,McDonald's,Pizza,Continental,4,535.89,Card,46,2025-07-08,261,Inactive,5,2024-09-20,Delayed,2143.56
C3674,Female,Adult,Karachi,2024-03-21,O7674,2023-09-18,Pizza Hut,Pizza,Chinese,1,1353.56,Wallet,34,2025-06-25,385,Active,4,2025-07-14,Delivered,1353.56
C6887,Male,Senior,Islamabad,2023-10-30,O10887,2023-09-18,KFC,Sandwich,Italian,1,1149.56,Wallet,43,2025-07-08,130,Inactive,1,2025-05-20,Delivered,1149.56
C3291,Male,Senior,Lahore,2025-05-06,O7291,2023-09-18,McDonald's,Pizza,Italian,4,1349.15,Wallet,48,2025-08-11,275,Inactive,3,2024-12-31,Cancelled,5396.6
C5086,Female,Teenager,Multan,2024-08-30,O9086,2023-09-18,Burger King,Pizza,Dessert,5,1287.99,Wallet,6,2025-05-16,186,Inactive,4,2024-11-19,Cancelled,6439.95
C1197,Female,Senior,Islamabad,2024-10-22,O5197,2023-09-18,Subway,Fries,Continental,2,125.86,Wallet,7,2025-01-27,148,Inactive,4,2024-10-17,Delivered,251.72
C6356,Other,Teenager,Karachi,2024-10-08,O10356,2023-09-18,Subway,Sandwich,Continental,1,284.05,Cash,2,2024-10-28,459,Inactive,1,2024-11-15,Cancelled,284.05
C3872,Other,Teenager,Multan,2024-12-08,O7872,2023-09-18,KFC,Sandwich,Fast Food,2,972.83,Card,2,2025-02-23,403,Active,3,2025-08-04,Delayed,1945.66
C6040,Male,Senior,Karachi,2024-08-29,O10040,2023-09-18,McDonald's,Fries,Dessert,4,938.61,Card,49,2025-02-14,119,Inactive,5,2025-01-29,Cancelled,3754.44
C4941,Other,Senior,Karachi,2023-12-03,O8941,2023-09-18,Subway,Pasta,Fast Food,3,1214.61,Card,5,2025-05-28,330,Inactive,4,2025-01-22,Delayed,3643.83
C6533,Female,Adult,Lahore,2024-09-23,O10533,2023-09-18,Subway,Fries,Continental,5,233.74,Card,15,2025-08-08,148,Active,4,2024-10-30,Cancelled,1168.7
C3120,Male,Adult,Lahore,2023-12-02,O7120,2023-09-18,Subway,Fries,Chinese,5,1117.95,Cash,6,2025-04-27,477,Active,1,2025-02-25,Delivered,5589.75
C1612,Other,Senior,Peshawar,2024-09-05,O5612,2023-09-18,KFC,Pasta,Continental,4,1073.05,Cash,23,2025-04-07,109,Active,5,2025-03-07,Cancelled,4292.2
C3375,Other,Teenager,Multan,2025-07-27,O7375,2023-09-18,Pizza Hut,Pasta,Fast Food,2,127.52,Wallet,1,2025-07-31,204,Active,1,2025-08-01,Delayed,255.04
C1243,Other,Adult,Peshawar,2024-12-12,O5243,2023-09-19,Pizza Hut,Pasta,Fast Food,5,1487.56,Wallet,38,2025-01-08,356,Inactive,3,2025-02-23,Cancelled,7437.8
C6702,Female,Senior,Peshawar,2024-05-31,O10702,2023-09-19,Subway,Sandwich,Dessert,1,839.84,Card,46,2025-05-24,426,Active,3,2024-12-28,Delivered,839.84
C3041,Other,Senior,Karachi,2024-10-29,O7041,2023-09-19,KFC,Pasta,Fast Food,2,923.22,Wallet,31,2025-03-18,431,Inactive,2,2025-02-02,Delivered,1846.44
C1743,Female,Teenager,Karachi,2023-09-15,O5743,2023-09-19,KFC,Fries,Italian,3,1223.56,Cash,32,2025-01-27,200,Active,5,2024-12-05,Cancelled,3670.68
C5564,Female,Senior,Islamabad,2024-02-10,O9564,2023-09-19,McDonald's,Pizza,Continental,3,1052.58,Card,2,2025-08-18,27,Inactive,1,2025-01-27,Delivered,3157.74
C5858,Female,Adult,Multan,2024-12-09,O9858,2023-09-19,Subway,Burger,Chinese,2,946.03,Card,32,2025-06-14,193,Inactive,5,2024-12-17,Delayed,1892.06
C1459,Other,Adult,Multan,2024-04-05,O5459,2023-09-20,Pizza Hut,Pasta,Italian,5,434.85,Wallet,14,2024-09-12,148,Inactive,5,2025-08-20,Delivered,2174.25
C4875,Female,Adult,Islamabad,2024-08-22,O8875,2023-09-20,McDonald's,Pasta,Fast Food,3,356.66,Wallet,11,2024-09-26,258,Inactive,2,2024-10-17,Delayed,1069.98
C1814,Female,Adult,Karachi,2024-01-03,O5814,2023-09-20,Subway,Pizza,Continental,5,695.11,Wallet,13,2025-04-29,17,Inactive,2,2025-04-25,Delayed,3475.55
C1628,Other,Adult,Peshawar,2024-08-22,O5628,2023-09-20,KFC,Pasta,Dessert,1,1132.4,Cash,46,2025-08-19,426,Inactive,2,2025-05-26,Cancelled,1132.4
C4264,Female,Adult,Multan,2025-03-11,O8264,2023-09-20,McDonald's,Pasta,Dessert,3,808.42,Wallet,29,2025-03-26,423,Inactive,4,2024-10-28,Cancelled,2425.26
C3006,Female,Teenager,Karachi,2024-09-10,O7006,2023-09-20,McDonald's,Pizza,Continental,5,1088.13,Cash,40,2025-03-11,382,Inactive,2,2025-04-22,Cancelled,5440.65
C4849,Female,Adult,Multan,2024-07-22,O8849,2023-09-20,KFC,Burger,Continental,1,1323.97,Card,36,2025-05-01,448,Inactive,5,2025-08-02,Delayed,1323.97
C6104,Other,Senior,Peshawar,2024-02-01,O10104,2023-09-20,Burger King,Sandwich,Chinese,1,1336.88,Wallet,9,2025-08-14,175,Active,3,2024-10-31,Delayed,1336.88
C6704,Other,Adult,Islamabad,2023-08-22,O10704,2023-09-20,Burger King,Pizza,Dessert,5,348.25,Cash,43,2024-09-19,143,Active,3,2025-01-10,Cancelled,1741.25
C3632,Male,Senior,Lahore,2024-08-06,O7632,2023-09-20,Subway,Fries,Italian,1,490.52,Card,30,2024-10-31,371,Inactive,5,2025-01-10,Delayed,490.52
C5239,Female,Teenager,Lahore,2024-09-04,O9239,2023-09-20,Subway,Burger,Dessert,1,102.75,Wallet,33,2024-12-09,204,Inactive,5,2024-11-10,Cancelled,102.75
C6412,Female,Adult,Islamabad,2023-10-14,O10412,2023-09-20,Subway,Sandwich,Chinese,4,1491.6,Cash,20,2025-06-25,436,Active,4,2025-07-28,Delivered,5966.4
C5015,Male,Teenager,Multan,2025-01-15,O9015,2023-09-20,KFC,Burger,Continental,2,1441.48,Wallet,2,2025-07-31,40,Active,5,2025-05-14,Delivered,2882.96
C5094,Male,Teenager,Islamabad,2024-09-02,O9094,2023-09-20,Pizza Hut,Sandwich,Chinese,3,832.33,Card,19,2025-03-10,365,Inactive,3,2024-10-22,Delayed,2496.99
C1892,Other,Senior,Multan,2024-12-13,O5892,2023-09-21,Burger King,Pasta,Chinese,2,681.72,Card,10,2025-03-22,397,Inactive,5,2025-03-23,Delivered,1363.44
C4831,Other,Teenager,Lahore,2024-02-01,O8831,2023-09-21,KFC,Burger,Chinese,4,703.58,Cash,10,2025-01-08,342,Active,4,2025-04-26,Delivered,2814.32
C3213,Other,Senior,Multan,2024-07-10,O7213,2023-09-21,KFC,Burger,Continental,3,841.78,Cash,25,2025-02-07,233,Inactive,4,2024-09-06,Delivered,2525.34
C1710,Other,Teenager,Multan,2023-11-01,O5710,2023-09-21,KFC,Fries,Fast Food,3,436.54,Wallet,26,2025-01-30,391,Inactive,4,2024-11-03,Cancelled,1309.62
C6698,Male,Adult,Lahore,2025-04-05,O10698,2023-09-21,Subway,Burger,Chinese,1,829.09,Cash,20,2025-05-01,228,Inactive,4,2025-01-11,Delivered,829.09
C6157,Female,Adult,Lahore,2025-01-31,O10157,2023-09-21,KFC,Pizza,Continental,2,954.85,Card,19,2025-06-14,49,Inactive,4,2024-09-15,Cancelled,1909.7
C5363,Female,Teenager,Peshawar,2024-10-25,O9363,2023-09-21,Burger King,Pizza,Fast Food,4,548.53,Card,21,2025-08-05,468,Active,4,2024-10-21,Delivered,2194.12
C3701,Other,Senior,Lahore,2024-12-30,O7701,2023-09-21,KFC,Burger,Continental,1,856.2,Wallet,3,2025-06-08,169,Active,2,2024-11-21,Delivered,856.2
C6705,Other,Teenager,Lahore,2023-11-03,O10705,2023-09-21,McDonald's,Sandwich,Chinese,4,1025.77,Card,19,2025-02-28,124,Inactive,5,2025-08-17,Delivered,4103.08
C2180,Male,Adult,Karachi,2023-09-20,O6180,2023-09-21,Burger King,Sandwich,Fast Food,5,1065.93,Wallet,32,2025-07-12,97,Active,3,2025-05-22,Delivered,5329.65
C2344,Other,Teenager,Islamabad,2023-11-27,O6344,2023-09-22,McDonald's,Fries,Continental,4,396.85,Card,1,2025-04-25,88,Active,3,2025-05-14,Delayed,1587.4
C2694,Female,Senior,Karachi,2024-01-02,O6694,2023-09-22,KFC,Burger,Chinese,3,862.59,Wallet,45,2025-01-08,152,Inactive,3,2025-01-20,Delivered,2587.77
C4911,Female,Adult,Peshawar,2024-03-17,O8911,2023-09-22,KFC,Pizza,Dessert,1,333.7,Cash,44,2025-08-18,361,Active,1,2024-08-25,Cancelled,333.7
C3224,Female,Senior,Multan,2024-03-20,O7224,2023-09-22,Pizza Hut,Sandwich,Italian,3,931.67,Cash,3,2025-08-05,246,Active,2,2025-02-02,Cancelled,2795.01
C3267,Male,Teenager,Peshawar,2024-01-15,O7267,2023-09-22,Pizza Hut,Fries,Dessert,5,1076.91,Card,14,2024-11-27,416,Active,4,2024-12-31,Delayed,5384.55
C4787,Other,Teenager,Multan,2024-07-15,O8787,2023-09-22,Subway,Sandwich,Italian,4,160.81,Cash,2,2024-10-16,152,Active,1,2025-04-10,Cancelled,643.24
C3151,Male,Teenager,Karachi,2024-01-11,O7151,2023-09-22,Burger King,Sandwich,Fast Food,4,292.18,Cash,2,2025-07-12,374,Active,5,2025-01-07,Delivered,1168.72
C2408,Male,Senior,Multan,2025-07-14,O6408,2023-09-22,Burger King,Pasta,Italian,4,1395.01,Cash,19,2025-07-16,103,Active,4,2025-06-17,Delayed,5580.04
C3427,Female,Senior,Karachi,2024-12-17,O7427,2023-09-22,Subway,Sandwich,Fast Food,1,1340.07,Cash,36,2025-02-12,347,Active,1,2025-03-15,Cancelled,1340.07
C5097,Other,Senior,Karachi,2024-08-28,O9097,2023-09-22,KFC,Sandwich,Chinese,2,121.9,Wallet,15,2024-10-08,492,Inactive,1,2024-12-13,Delivered,243.8
C5848,Female,Teenager,Lahore,2023-12-17,O9848,2023-09-22,KFC,Pasta,Dessert,1,1399.93,Wallet,26,2024-10-07,76,Active,3,2025-04-12,Delivered,1399.93
C5596,Female,Senior,Multan,2025-01-02,O9596,2023-09-23,KFC,Pasta,Continental,5,1414.0,Wallet,13,2025-07-22,338,Active,4,2025-07-21,Delayed,7070.0
C6767,Female,Teenager,Islamabad,2024-12-22,O10767,2023-09-23,Burger King,Sandwich,Fast Food,2,224.91,Card,15,2025-08-19,443,Active,1,2024-10-01,Cancelled,449.82
C6547,Female,Senior,Islamabad,2024-11-21,O10547,2023-09-23,Burger King,Pizza,Dessert,1,262.5,Cash,18,2025-05-26,60,Active,3,2024-11-02,Delayed,262.5
C4356,Male,Adult,Peshawar,2024-05-12,O8356,2023-09-23,Burger King,Pasta,Continental,3,494.59,Card,6,2025-08-19,20,Inactive,3,2025-06-20,Delivered,1483.77
C3227,Other,Adult,Multan,2024-01-29,O7227,2023-09-23,KFC,Burger,Continental,4,980.0,Cash,1,2025-08-08,353,Inactive,4,2024-12-23,Cancelled,3920.0
C6304,Female,Teenager,Karachi,2024-08-26,O10304,2023-09-23,Burger King,Pizza,Italian,1,228.02,Cash,7,2024-11-08,458,Active,4,2025-04-17,Delayed,228.02
C1052,Other,Adult,Islamabad,2023-09-09,O5052,2023-09-23,Pizza Hut,Burger,Dessert,1,1333.52,Card,22,2025-06-17,326,Inactive,5,2025-08-05,Delivered,1333.52
C6866,Male,Senior,Lahore,2024-02-29,O10866,2023-09-23,KFC,Burger,Chinese,5,1111.68,Card,42,2024-09-20,384,Inactive,5,2024-12-20,Delayed,5558.4
C6373,Other,Senior,Lahore,2024-01-27,O10373,2023-09-23,Pizza Hut,Burger,Dessert,4,1071.37,Cash,8,2025-06-24,491,Active,5,2025-06-10,Delayed,4285.48
C3942,Male,Teenager,Karachi,2024-11-23,O7942,2023-09-24,McDonald's,Pasta,Continental,4,1104.37,Card,6,2025-02-25,223,Active,5,2024-12-20,Delivered,4417.48
C4619,Male,Adult,Islamabad,2024-04-18,O8619,2023-09-24,McDonald's,Burger,Italian,1,901.81,Cash,15,2025-05-08,26,Active,3,2025-03-11,Cancelled,901.81
C6271,Female,Teenager,Multan,2025-01-28,O10271,2023-09-24,KFC,Pasta,Dessert,5,745.64,Cash,2,2025-05-24,429,Inactive,1,2025-07-16,Delivered,3728.2
C3808,Female,Teenager,Islamabad,2025-02-13,O7808,2023-09-24,Subway,Burger,Dessert,3,121.03,Card,21,2025-04-11,69,Active,5,2025-08-15,Cancelled,363.09
C4051,Male,Senior,Lahore,2025-07-21,O8051,2023-09-24,Subway,Burger,Dessert,1,1376.4,Wallet,42,2025-07-25,76,Inactive,1,2025-02-15,Cancelled,1376.4
C1774,Male,Adult,Karachi,2024-10-14,O5774,2023-09-24,KFC,Sandwich,Chinese,1,1359.52,Card,6,2024-11-23,228,Active,1,2024-12-03,Cancelled,1359.52
C4683,Other,Senior,Karachi,2024-02-02,O8683,2023-09-24,Subway,Pizza,Chinese,1,273.98,Card,37,2024-09-02,173,Active,5,2024-09-25,Cancelled,273.98
C2248,Male,Adult,Peshawar,2023-12-30,O6248,2023-09-24,Burger King,Pizza,Continental,2,760.42,Cash,10,2025-05-12,135,Active,3,2025-08-13,Delayed,1520.84
C3431,Other,Senior,Peshawar,2025-02-11,O7431,2023-09-24,Subway,Pizza,Chinese,5,570.24,Cash,16,2025-07-07,21,Inactive,3,2025-08-13,Cancelled,2851.2
C4243,Other,Senior,Multan,2023-12-21,O8243,2023-09-24,Pizza Hut,Pasta,Dessert,5,576.53,Wallet,17,2024-09-06,40,Inactive,5,2025-01-18,Delivered,2882.65
C5836,Other,Adult,Multan,2025-07-20,O9836,2023-09-25,McDonald's,Pizza,Fast Food,4,195.48,Cash,6,2025-08-08,213,Inactive,5,2025-05-03,Cancelled,781.92
C1141,Male,Teenager,Lahore,2024-02-21,O5141,2023-09-25,McDonald's,Pasta,Chinese,5,751.35,Card,27,2024-08-27,214,Active,5,2025-06-05,Delivered,3756.75
C2836,Female,Adult,Lahore,2025-02-22,O6836,2023-09-25,Burger King,Sandwich,Fast Food,2,714.38,Wallet,45,2025-06-14,252,Active,2,2024-11-06,Cancelled,1428.76
C5866,Other,Adult,Peshawar,2025-01-22,O9866,2023-09-25,Burger King,Pasta,Fast Food,2,1435.8,Card,42,2025-02-06,451,Active,3,2025-06-17,Delivered,2871.6
C4155,Other,Senior,Peshawar,2024-11-27,O8155,2023-09-25,McDonald's,Sandwich,Dessert,4,1243.61,Cash,45,2025-01-28,274,Inactive,2,2024-10-23,Delayed,4974.44
C6345,Male,Senior,Multan,2024-07-01,O10345,2023-09-25,Subway,Fries,Italian,2,1164.01,Cash,5,2024-12-18,187,Inactive,3,2024-11-24,Delivered,2328.02
C6055,Other,Adult,Islamabad,2024-06-10,O10055,2023-09-26,Subway,Sandwich,Continental,2,1428.87,Cash,50,2025-04-12,4,Active,4,2025-04-14,Delayed,2857.74
C4195,Female,Senior,Multan,2024-12-21,O8195,2023-09-26,McDonald's,Burger,Continental,3,1025.94,Cash,9,2025-04-14,488,Inactive,3,2025-04-07,Delivered,3077.82
C5798,Other,Senior,Peshawar,2024-08-22,O9798,2023-09-26,Subway,Pasta,Italian,5,1173.77,Card,19,2025-03-07,174,Inactive,4,2025-03-13,Cancelled,5868.85
C1878,Other,Teenager,Multan,2023-09-08,O5878,2023-09-26,Subway,Fries,Chinese,2,1421.08,Card,12,2025-03-09,116,Active,2,2025-04-08,Delayed,2842.16
C1005,Female,Senior,Peshawar,2024-11-16,O5005,2023-09-26,KFC,Pizza,Dessert,4,1316.87,Card,37,2025-06-09,129,Active,3,2025-08-06,Delivered,5267.48
C2418,Male,Adult,Lahore,2024-10-09,O6418,2023-09-26,Pizza Hut,Pizza,Continental,5,1332.69,Wallet,10,2024-12-07,93,Active,3,2025-01-29,Delayed,6663.45
C3107,Other,Senior,Karachi,2024-04-22,O7107,2023-09-27,KFC,Pizza,Fast Food,3,1271.96,Cash,49,2024-10-30,27,Inactive,5,2024-12-22,Delayed,3815.88
C2697,Other,Teenager,Karachi,2025-04-11,O6697,2023-09-27,KFC,Pizza,Fast Food,3,392.26,Card,16,2025-08-03,294,Inactive,2,2025-08-13,Delayed,1176.78
C6531,Female,Adult,Multan,2024-10-04,O10531,2023-09-27,Subway,Fries,Italian,1,908.4,Cash,47,2025-07-14,145,Active,3,2024-12-01,Delivered,908.4
C5904,Female,Teenager,Peshawar,2023-11-15,O9904,2023-09-27,KFC,Pizza,Italian,3,994.25,Wallet,45,2025-01-14,118,Inactive,4,2024-10-31,Delayed,2982.75
C6518,Other,Teenager,Islamabad,2024-07-06,O10518,2023-09-27,Subway,Sandwich,Continental,3,925.84,Card,49,2025-04-19,81,Inactive,5,2025-05-11,Delayed,2777.52
C1191,Other,Senior,Islamabad,2023-12-03,O5191,2023-09-27,Pizza Hut,Sandwich,Dessert,5,993.8,Cash,34,2024-12-27,471,Active,4,2025-06-25,Delivered,4969.0
C6605,Male,Teenager,Peshawar,2024-09-19,O10605,2023-09-27,KFC,Burger,Chinese,4,1155.39,Wallet,34,2025-04-04,263,Inactive,5,2025-08-01,Cancelled,4621.56
C2018,Female,Adult,Islamabad,2024-11-23,O6018,2023-09-27,Burger King,Pasta,Continental,1,1047.83,Cash,48,2025-08-07,13,Active,5,2025-03-04,Delayed,1047.83
C1609,Male,Senior,Multan,2024-02-16,O5609,2023-09-27,Pizza Hut,Burger,Chinese,1,969.41,Wallet,37,2025-08-03,352,Inactive,1,2024-11-24,Delayed,969.41
C6708,Female,Teenager,Karachi,2024-04-25,O10708,2023-09-27,Burger King,Pasta,Continental,2,782.3,Cash,42,2025-02-04,344,Inactive,4,2025-07-27,Delayed,1564.6
C4637,Other,Teenager,Karachi,2024-10-30,O8637,2023-09-28,McDonald's,Pizza,Dessert,3,379.4,Cash,38,2025-07-03,357,Active,1,2025-04-05,Delivered,1138.2
C6288,Female,Teenager,Lahore,2024-09-26,O10288,2023-09-28,Pizza Hut,Burger,Dessert,5,1493.64,Card,42,2025-06-10,38,Inactive,3,2025-06-16,Delivered,7468.2
C5070,Female,Teenager,Multan,2025-04-14,O9070,2023-09-28,KFC,Burger,Fast Food,2,523.13,Wallet,14,2025-06-22,201,Inactive,1,2024-12-15,Cancelled,1046.26
C1877,Male,Teenager,Multan,2024-01-30,O5877,2023-09-28,Subway,Burger,Dessert,3,717.91,Card,29,2025-01-19,493,Active,5,2025-01-20,Delayed,2153.73
C1807,Female,Senior,Lahore,2025-05-01,O5807,2023-09-28,KFC,Fries,Chinese,2,821.46,Wallet,49,2025-05-15,411,Active,3,2024-11-07,Cancelled,1642.92
C3638,Male,Adult,Islamabad,2025-05-16,O7638,2023-09-28,Subway,Fries,Dessert,1,126.7,Wallet,11,2025-07-23,389,Inactive,5,2024-09-05,Delayed,126.7
C3336,Other,Senior,Multan,2024-05-31,O7336,2023-09-28,Burger King,Burger,Continental,3,1422.21,Cash,16,2024-11-13,468,Active,3,2025-02-28,Delivered,4266.63
C6602,Male,Teenager,Lahore,2023-10-17,O10602,2023-09-28,Subway,Pasta,Fast Food,5,1223.45,Card,17,2025-01-28,310,Inactive,1,2025-04-26,Delivered,6117.25
C2270,Male,Senior,Multan,2024-12-10,O6270,2023-09-29,Burger King,Fries,Fast Food,3,1271.26,Wallet,33,2025-03-16,386,Inactive,3,2025-04-28,Cancelled,3813.78
C6176,Other,Teenager,Peshawar,2024-01-28,O10176,2023-09-29,KFC,Pasta,Chinese,1,1234.59,Wallet,47,2025-05-24,294,Inactive,4,2024-11-11,Cancelled,1234.59
C4947,Other,Senior,Multan,2025-05-20,O8947,2023-09-29,Burger King,Fries,Continental,4,547.68,Card,44,2025-07-25,413,Inactive,3,2025-03-30,Cancelled,2190.72
C2698,Male,Teenager,Lahore,2025-05-25,O6698,2023-09-29,KFC,Pasta,Italian,4,350.62,Card,6,2025-06-01,331,Active,2,2025-03-31,Cancelled,1402.48
C2341,Female,Adult,Multan,2023-08-31,O6341,2023-09-29,KFC,Pasta,Italian,2,828.19,Cash,49,2025-05-03,214,Inactive,5,2025-03-02,Delivered,1656.38
C4681,Other,Senior,Peshawar,2025-01-03,O8681,2023-09-29,Burger King,Burger,Fast Food,4,1266.35,Wallet,2,2025-01-21,181,Active,4,2025-01-02,Delayed,5065.4
C6627,Male,Teenager,Multan,2024-06-21,O10627,2023-09-29,McDonald's,Pizza,Continental,5,904.34,Card,13,2024-11-14,109,Active,4,2025-01-22,Delivered,4521.7
C6558,Other,Senior,Peshawar,2025-05-30,O10558,2023-09-29,Burger King,Sandwich,Continental,4,1035.72,Cash,42,2025-08-02,95,Inactive,3,2025-02-16,Cancelled,4142.88
C3435,Other,Teenager,Lahore,2024-07-07,O7435,2023-09-29,KFC,Pizza,Continental,3,852.7,Cash,26,2024-09-08,415,Active,2,2025-01-24,Delivered,2558.1
C3987,Male,Adult,Lahore,2024-04-28,O7987,2023-09-30,Pizza Hut,Pizza,Dessert,4,1450.3,Wallet,39,2025-01-26,444,Inactive,4,2024-09-01,Delivered,5801.2
C5325,Female,Teenager,Peshawar,2024-12-20,O9325,2023-09-30,Subway,Fries,Dessert,4,777.89,Cash,14,2025-05-11,333,Inactive,2,2024-09-28,Delivered,3111.56
C1645,Male,Adult,Lahore,2024-02-09,O5645,2023-09-30,Burger King,Pizza,Italian,4,733.84,Cash,44,2025-04-11,331,Active,1,2025-02-19,Cancelled,2935.36
C2182,Female,Adult,Islamabad,2024-06-05,O6182,2023-09-30,KFC,Pasta,Dessert,3,689.88,Card,19,2025-02-05,221,Inactive,5,2025-03-05,Delivered,2069.64
C4165,Male,Senior,Karachi,2023-10-18,O8165,2023-09-30,McDonald's,Pasta,Continental,2,1378.13,Card,6,2025-04-08,435,Active,5,2024-12-07,Delayed,2756.26
C3146,Male,Teenager,Karachi,2024-08-05,O7146,2023-09-30,McDonald's,Burger,Continental,5,658.32,Cash,8,2025-06-27,142,Active,4,2025-01-26,Delayed,3291.6
C3699,Male,Adult,Islamabad,2023-09-26,O7699,2023-09-30,Pizza Hut,Burger,Italian,5,482.24,Cash,26,2025-02-06,256,Active,3,2025-08-10,Delivered,2411.2
C4298,Male,Adult,Islamabad,2024-03-03,O8298,2023-09-30,McDonald's,Sandwich,Continental,1,722.27,Card,24,2025-07-14,6,Inactive,5,2025-03-13,Cancelled,722.27
C4441,Male,Teenager,Peshawar,2025-02-14,O8441,2023-09-30,Pizza Hut,Pasta,Chinese,2,328.22,Wallet,15,2025-08-09,447,Active,1,2025-02-11,Delayed,656.44
C2596,Female,Teenager,Lahore,2024-08-05,O6596,2023-09-30,KFC,Pasta,Continental,2,902.1,Card,25,2025-07-15,280,Active,5,2024-10-07,Delivered,1804.2
C1852,Other,Teenager,Multan,2025-04-11,O5852,2023-10-01,KFC,Pasta,Chinese,2,558.34,Wallet,40,2025-06-04,361,Inactive,2,2025-04-16,Cancelled,1116.68
C1310,Other,Adult,Multan,2024-10-19,O5310,2023-10-01,KFC,Fries,Chinese,1,689.59,Wallet,32,2024-12-11,387,Inactive,1,2024-12-05,Delayed,689.59
C1871,Male,Adult,Multan,2023-11-08,O5871,2023-10-01,KFC,Fries,Chinese,4,539.86,Wallet,28,2025-05-01,26,Active,4,2024-08-21,Delayed,2159.44
C4910,Other,Senior,Multan,2023-11-25,O8910,2023-10-01,Burger King,Burger,Italian,3,1456.76,Wallet,43,2025-03-13,291,Inactive,3,2024-09-12,Cancelled,4370.28
C1888,Other,Adult,Multan,2024-09-30,O5888,2023-10-01,KFC,Pasta,Chinese,5,1472.72,Wallet,49,2025-03-30,112,Active,4,2025-01-21,Delayed,7363.6
C3779,Male,Senior,Peshawar,2023-10-24,O7779,2023-10-01,Pizza Hut,Sandwich,Fast Food,4,274.84,Wallet,22,2025-02-16,186,Inactive,3,2024-09-27,Delivered,1099.36
C4588,Female,Adult,Karachi,2024-09-01,O8588,2023-10-01,Burger King,Pasta,Continental,3,602.79,Card,29,2025-04-12,166,Active,2,2024-11-02,Delayed,1808.37
C3908,Male,Teenager,Peshawar,2023-09-27,O7908,2023-10-02,McDonald's,Fries,Chinese,5,1420.1,Card,15,2025-05-06,217,Active,1,2025-04-05,Delivered,7100.5
C1303,Male,Teenager,Lahore,2025-02-27,O5303,2023-10-02,Subway,Fries,Dessert,4,1007.04,Cash,22,2025-06-23,18,Inactive,3,2024-11-13,Delayed,4028.16
C6045,Female,Teenager,Multan,2024-11-27,O10045,2023-10-02,Subway,Fries,Dessert,1,184.69,Cash,25,2025-06-14,21,Inactive,2,2024-12-03,Delivered,184.69
C2221,Male,Senior,Lahore,2024-09-27,O6221,2023-10-02,Burger King,Sandwich,Dessert,2,859.16,Cash,18,2025-08-20,107,Active,2,2025-07-14,Cancelled,1718.32
C3022,Other,Adult,Islamabad,2024-03-25,O7022,2023-10-02,Pizza Hut,Burger,Fast Food,4,788.71,Card,27,2025-03-12,166,Inactive,1,2025-02-19,Delivered,3154.84
C3098,Male,Teenager,Karachi,2024-11-14,O7098,2023-10-03,Burger King,Burger,Continental,1,1479.44,Wallet,15,2024-11-18,268,Active,3,2025-01-27,Cancelled,1479.44
C5077,Male,Adult,Multan,2024-01-16,O9077,2023-10-03,Subway,Pasta,Italian,5,1232.59,Cash,49,2024-10-30,43,Active,3,2025-01-21,Delayed,6162.95
C5812,Male,Adult,Multan,2024-02-07,O9812,2023-10-03,Subway,Burger,Fast Food,5,918.17,Card,30,2025-04-30,347,Inactive,3,2025-05-27,Delayed,4590.85
C6928,Other,Adult,Lahore,2024-05-14,O10928,2023-10-03,Burger King,Fries,Chinese,5,413.8,Cash,43,2025-05-27,105,Active,3,2024-11-23,Delivered,2069.0
C6696,Other,Senior,Karachi,2024-05-15,O10696,2023-10-03,Subway,Sandwich,Dessert,5,1184.79,Cash,35,2024-11-09,315,Inactive,5,2025-05-30,Delayed,5923.95
C1173,Male,Teenager,Multan,2024-08-22,O5173,2023-10-04,Burger King,Pizza,Italian,3,341.1,Wallet,1,2025-05-15,183,Inactive,4,2024-11-10,Delayed,1023.3
C3851,Other,Adult,Islamabad,2024-11-22,O7851,2023-10-04,Pizza Hut,Burger,Dessert,5,1461.61,Cash,15,2025-01-16,231,Active,1,2025-02-08,Delayed,7308.05
C2178,Other,Adult,Peshawar,2023-10-22,O6178,2023-10-04,McDonald's,Fries,Chinese,5,457.3,Card,5,2025-06-06,458,Active,3,2025-05-20,Cancelled,2286.5
C6061,Male,Teenager,Multan,2024-07-20,O10061,2023-10-04,McDonald's,Pasta,Dessert,2,863.59,Wallet,36,2025-03-27,120,Inactive,4,2025-04-13,Delivered,1727.18
C5419,Male,Teenager,Lahore,2024-09-22,O9419,2023-10-04,Pizza Hut,Fries,Italian,5,693.72,Wallet,22,2025-06-09,59,Inactive,2,2025-01-30,Delayed,3468.6
C2162,Female,Senior,Lahore,2024-03-12,O6162,2023-10-04,Pizza Hut,Burger,Chinese,1,1409.53,Cash,25,2025-06-07,329,Inactive,5,2025-07-27,Cancelled,1409.53
C4286,Female,Teenager,Lahore,2024-10-23,O8286,2023-10-04,KFC,Pasta,Fast Food,3,1003.16,Wallet,23,2025-03-26,210,Active,1,2024-11-28,Delayed,3009.48
C1180,Male,Teenager,Karachi,2024-05-24,O5180,2023-10-04,Burger King,Pizza,Fast Food,2,837.52,Wallet,32,2024-10-27,268,Inactive,4,2025-02-04,Cancelled,1675.04
C6192,Female,Adult,Multan,2024-01-13,O10192,2023-10-05,McDonald's,Burger,Fast Food,5,1067.86,Cash,41,2024-08-27,164,Inactive,1,2025-05-08,Delivered,5339.3
C3598,Female,Senior,Karachi,2025-03-19,O7598,2023-10-05,Burger King,Sandwich,Fast Food,4,658.8,Wallet,10,2025-08-15,19,Active,3,2025-08-09,Cancelled,2635.2
C5317,Male,Adult,Islamabad,2025-02-22,O9317,2023-10-05,Burger King,Burger,Continental,3,1352.38,Cash,47,2025-04-20,352,Active,5,2025-07-28,Cancelled,4057.14
C6935,Other,Senior,Islamabad,2025-03-09,O10935,2023-10-05,McDonald's,Burger,Chinese,5,239.8,Wallet,9,2025-06-30,79,Inactive,5,2024-11-15,Delivered,1199.0
C1574,Female,Teenager,Lahore,2024-10-06,O5574,2023-10-05,Pizza Hut,Pasta,Continental,5,352.94,Wallet,25,2025-02-26,492,Inactive,4,2025-06-27,Delivered,1764.7
C4758,Other,Senior,Multan,2025-03-30,O8758,2023-10-05,Burger King,Pasta,Chinese,2,1353.28,Wallet,10,2025-05-30,175,Active,5,2025-04-16,Cancelled,2706.56
C3948,Female,Adult,Karachi,2023-09-08,O7948,2023-10-05,KFC,Fries,Continental,3,307.64,Card,37,2025-01-09,17,Active,2,2025-05-02,Delivered,922.92
C3161,Male,Adult,Islamabad,2024-09-24,O7161,2023-10-06,McDonald's,Pasta,Italian,5,468.95,Wallet,16,2025-06-04,355,Inactive,5,2025-06-23,Cancelled,2344.75
C2902,Other,Teenager,Islamabad,2025-02-04,O6902,2023-10-06,Burger King,Pasta,Continental,2,242.87,Wallet,7,2025-02-26,267,Active,2,2025-03-18,Delivered,485.74
C6515,Female,Teenager,Multan,2025-01-05,O10515,2023-10-06,Subway,Pizza,Italian,4,197.71,Cash,20,2025-04-02,140,Inactive,3,2024-09-06,Delivered,790.84
C6240,Other,Teenager,Lahore,2025-02-01,O10240,2023-10-06,Pizza Hut,Pizza,Italian,2,1399.34,Cash,31,2025-07-25,314,Active,2,2025-07-30,Cancelled,2798.68
C6829,Other,Teenager,Islamabad,2024-06-11,O10829,2023-10-06,Burger King,Burger,Continental,3,1257.67,Card,48,2025-03-29,252,Active,1,2024-10-25,Delivered,3773.01
C3616,Male,Senior,Karachi,2024-05-16,O7616,2023-10-06,McDonald's,Fries,Italian,5,1111.88,Wallet,1,2024-11-05,202,Inactive,5,2025-06-23,Delayed,5559.4
C3250,Female,Teenager,Peshawar,2024-11-22,O7250,2023-10-06,Burger King,Pasta,Dessert,2,1480.26,Card,37,2024-12-11,332,Inactive,4,2024-09-06,Delayed,2960.52
C2082,Male,Senior,Peshawar,2025-02-09,O6082,2023-10-06,Burger King,Sandwich,Continental,5,1351.93,Wallet,34,2025-07-09,90,Active,3,2024-09-11,Delivered,6759.65
C3761,Other,Adult,Multan,2024-05-09,O7761,2023-10-06,McDonald's,Pasta,Continental,2,743.12,Cash,34,2025-03-14,184,Active,2,2025-04-22,Delayed,1486.24
C3347,Other,Teenager,Islamabad,2024-11-28,O7347,2023-10-07,Burger King,Pasta,Chinese,2,1014.57,Wallet,39,2024-12-26,300,Inactive,2,2024-11-17,Delayed,2029.14
C5677,Male,Adult,Multan,2023-12-11,O9677,2023-10-07,Burger King,Pizza,Continental,3,489.92,Wallet,7,2025-06-06,363,Active,2,2024-09-23,Delayed,1469.76
C5683,Female,Teenager,Peshawar,2024-09-21,O9683,2023-10-07,KFC,Sandwich,Continental,4,1182.82,Cash,12,2025-08-02,252,Active,3,2025-06-19,Delivered,4731.28
C6559,Other,Senior,Karachi,2023-09-14,O10559,2023-10-07,KFC,Burger,Chinese,1,1404.83,Cash,45,2024-12-31,31,Active,5,2025-08-16,Delayed,1404.83
C6751,Other,Adult,Lahore,2025-03-24,O10751,2023-10-07,Pizza Hut,Pizza,Chinese,3,1269.92,Cash,43,2025-08-06,82,Active,2,2025-05-03,Cancelled,3809.76
C3748,Female,Senior,Karachi,2024-12-08,O7748,2023-10-07,Pizza Hut,Pizza,Fast Food,1,321.34,Wallet,22,2025-04-21,29,Active,2,2024-10-16,Delivered,321.34
C5441,Female,Adult,Karachi,2023-09-02,O9441,2023-10-07,Subway,Sandwich,Continental,1,504.21,Wallet,37,2025-02-21,467,Active,5,2024-12-07,Delayed,504.21
C6354,Male,Adult,Lahore,2024-06-28,O10354,2023-10-07,Pizza Hut,Sandwich,Continental,1,353.12,Wallet,49,2025-04-26,20,Active,4,2025-01-29,Delayed,353.12
C5314,Female,Senior,Islamabad,2024-11-12,O9314,2023-10-08,Burger King,Pasta,Dessert,2,1366.0,Card,35,2025-08-16,436,Inactive,4,2025-01-09,Delivered,2732.0
C5583,Male,Senior,Islamabad,2024-01-26,O9583,2023-10-08,Burger King,Pizza,Fast Food,5,268.56,Cash,37,2024-10-20,281,Active,1,2024-10-24,Cancelled,1342.8
C5395,Male,Senior,Islamabad,2024-06-05,O9395,2023-10-08,McDonald's,Sandwich,Chinese,2,906.01,Card,16,2024-11-03,387,Inactive,3,2025-04-09,Delivered,1812.02
C6315,Male,Senior,Karachi,2024-04-25,O10315,2023-10-08,Subway,Sandwich,Chinese,5,914.58,Cash,11,2024-10-23,500,Inactive,5,2025-01-25,Cancelled,4572.9
C5516,Other,Senior,Multan,2024-10-29,O9516,2023-10-09,Subway,Pasta,Italian,2,948.7,Cash,14,2025-06-22,221,Active,1,2024-12-17,Delayed,1897.4
C6537,Female,Senior,Multan,2024-10-18,O10537,2023-10-09,Subway,Pizza,Dessert,5,623.82,Wallet,28,2024-12-19,419,Active,1,2025-06-22,Delivered,3119.1
C1347,Female,Adult,Peshawar,2024-10-27,O5347,2023-10-09,Burger King,Pizza,Fast Food,1,1165.15,Wallet,45,2025-03-18,90,Active,5,2024-12-13,Delayed,1165.15
C5138,Female,Adult,Karachi,2025-01-18,O9138,2023-10-09,KFC,Pizza,Chinese,5,1175.72,Card,38,2025-05-08,68,Inactive,1,2025-06-21,Cancelled,5878.6
C3878,Female,Senior,Peshawar,2024-12-02,O7878,2023-10-09,Pizza Hut,Fries,Italian,4,722.13,Wallet,18,2025-03-24,390,Active,2,2025-02-23,Delivered,2888.52
C4834,Male,Senior,Multan,2024-08-01,O8834,2023-10-09,Pizza Hut,Pizza,Continental,2,387.95,Cash,2,2025-02-18,482,Active,2,2025-06-15,Cancelled,775.9
C1606,Female,Teenager,Multan,2023-12-06,O5606,2023-10-09,Subway,Fries,Fast Food,5,374.54,Cash,26,2024-10-24,442,Active,1,2025-02-27,Delayed,1872.7
C6809,Female,Teenager,Islamabad,2025-04-12,O10809,2023-10-09,Burger King,Fries,Continental,4,363.5,Cash,11,2025-08-08,310,Active,4,2025-05-02,Delivered,1454.0
C1801,Female,Senior,Karachi,2024-01-06,O5801,2023-10-09,McDonald's,Burger,Italian,4,292.59,Card,11,2025-02-09,105,Inactive,3,2025-06-03,Delayed,1170.36
C1486,Other,Teenager,Lahore,2023-10-26,O5486,2023-10-09,Pizza Hut,Pizza,Fast Food,1,1474.28,Card,34,2025-07-28,249,Active,4,2025-04-21,Delivered,1474.28
C3880,Other,Senior,Lahore,2023-12-02,O7880,2023-10-10,Burger King,Pizza,Fast Food,1,1448.45,Card,45,2025-08-09,138,Inactive,1,2024-12-26,Delayed,1448.45
C6970,Male,Senior,Karachi,2024-10-29,O10970,2023-10-10,KFC,Pizza,Fast Food,3,1016.59,Wallet,32,2025-01-21,373,Inactive,5,2025-04-21,Cancelled,3049.77
C4965,Other,Adult,Karachi,2024-05-13,O8965,2023-10-10,Pizza Hut,Fries,Dessert,4,740.92,Wallet,13,2025-05-29,311,Active,4,2025-07-06,Cancelled,2963.68
C2400,Male,Teenager,Lahore,2023-09-02,O6400,2023-10-10,Burger King,Pasta,Chinese,4,911.26,Cash,48,2025-07-28,221,Active,1,2025-06-14,Delivered,3645.04
C3563,Other,Senior,Lahore,2024-04-15,O7563,2023-10-10,Burger King,Sandwich,Italian,2,378.24,Card,34,2024-10-01,490,Inactive,3,2025-04-09,Delayed,756.48
C6520,Other,Adult,Peshawar,2024-08-25,O10520,2023-10-10,McDonald's,Pizza,Continental,4,408.34,Card,37,2025-06-11,182,Active,1,2025-07-30,Cancelled,1633.36
C2380,Male,Teenager,Islamabad,2025-01-05,O6380,2023-10-10,KFC,Burger,Dessert,5,1323.45,Wallet,43,2025-01-11,223,Inactive,5,2024-10-17,Delayed,6617.25
C2210,Female,Teenager,Lahore,2023-10-07,O6210,2023-10-10,McDonald's,Burger,Chinese,4,632.66,Cash,14,2025-03-07,127,Active,5,2025-05-05,Cancelled,2530.64
C2651,Other,Adult,Islamabad,2025-02-13,O6651,2023-10-11,Subway,Pasta,Continental,3,569.69,Card,2,2025-06-19,485,Inactive,4,2025-02-11,Delayed,1709.07
C2560,Male,Senior,Multan,2024-12-10,O6560,2023-10-11,KFC,Pasta,Continental,5,130.33,Wallet,17,2025-07-06,283,Inactive,2,2025-05-04,Cancelled,651.65
C3530,Other,Teenager,Islamabad,2025-05-22,O7530,2023-10-11,KFC,Pizza,Dessert,2,1355.58,Cash,4,2025-07-11,428,Inactive,3,2024-12-10,Delayed,2711.16
C6563,Other,Senior,Islamabad,2023-08-22,O10563,2023-10-11,Pizza Hut,Pasta,Continental,5,954.89,Wallet,5,2024-12-17,311,Inactive,1,2024-11-26,Cancelled,4774.45
C2732,Female,Senior,Lahore,2024-12-22,O6732,2023-10-12,Pizza Hut,Sandwich,Dessert,2,863.87,Card,37,2025-07-16,428,Inactive,4,2025-03-10,Delivered,1727.74
C1041,Female,Adult,Multan,2023-12-26,O5041,2023-10-12,KFC,Pasta,Italian,5,1036.39,Wallet,10,2024-09-19,108,Active,2,2024-08-24,Delayed,5181.95
C1832,Male,Adult,Islamabad,2024-09-02,O5832,2023-10-12,Subway,Sandwich,Dessert,3,1420.4,Wallet,49,2024-12-08,250,Active,1,2025-07-31,Delayed,4261.2
C2513,Male,Senior,Lahore,2024-08-09,O6513,2023-10-12,Pizza Hut,Fries,Chinese,5,844.54,Wallet,50,2025-03-29,121,Inactive,5,2024-12-09,Cancelled,4222.7
C2004,Male,Adult,Lahore,2024-02-27,O6004,2023-10-12,McDonald's,Pasta,Italian,5,1187.55,Wallet,16,2024-12-12,364,Active,2,2025-06-11,Delivered,5937.75
C1543,Male,Adult,Islamabad,2024-09-25,O5543,2023-10-12,McDonald's,Sandwich,Continental,1,1059.59,Card,45,2025-04-02,275,Active,3,2024-10-07,Cancelled,1059.59
C5470,Female,Teenager,Lahore,2024-09-01,O9470,2023-10-12,Pizza Hut,Pizza,Chinese,3,397.24,Cash,17,2024-09-03,297,Active,3,2024-12-20,Cancelled,1191.72
C6966,Male,Adult,Islamabad,2024-04-24,O10966,2023-10-12,Burger King,Fries,Continental,3,282.79,Cash,44,2025-07-06,136,Inactive,3,2025-02-25,Delayed,848.37
C6638,Male,Adult,Islamabad,2025-02-24,O10638,2023-10-12,KFC,Burger,Dessert,1,473.6,Wallet,35,2025-04-10,378,Inactive,1,2025-06-23,Delayed,473.6
C5141,Other,Adult,Islamabad,2025-03-25,O9141,2023-10-13,McDonald's,Sandwich,Chinese,5,1005.28,Wallet,36,2025-04-30,339,Active,2,2025-07-27,Cancelled,5026.4
C2141,Male,Senior,Multan,2025-04-01,O6141,2023-10-13,KFC,Fries,Chinese,5,1069.32,Wallet,9,2025-06-01,291,Active,4,2025-08-14,Delayed,5346.6
C2118,Other,Teenager,Karachi,2024-09-19,O6118,2023-10-13,Pizza Hut,Sandwich,Continental,4,802.55,Card,38,2025-06-11,125,Active,2,2025-03-18,Delivered,3210.2
C2640,Female,Teenager,Islamabad,2024-09-01,O6640,2023-10-13,Subway,Pasta,Dessert,1,685.31,Wallet,31,2025-06-01,50,Active,5,2025-08-06,Cancelled,685.31
C3651,Female,Teenager,Karachi,2023-09-02,O7651,2023-10-13,KFC,Pizza,Continental,4,1189.0,Cash,4,2025-02-15,163,Active,4,2025-03-20,Delivered,4756.0
C5612,Other,Teenager,Peshawar,2023-12-24,O9612,2023-10-13,Burger King,Fries,Fast Food,3,708.99,Wallet,50,2024-10-26,212,Inactive,5,2025-07-14,Delivered,2126.97
C6709,Female,Adult,Multan,2024-02-07,O10709,2023-10-13,McDonald's,Burger,Fast Food,2,488.25,Cash,42,2025-01-26,459,Active,1,2024-12-09,Delivered,976.5
C5600,Female,Teenager,Peshawar,2023-08-29,O9600,2023-10-13,Pizza Hut,Pasta,Chinese,2,1104.81,Cash,49,2025-02-18,343,Inactive,2,2024-12-18,Cancelled,2209.62
C5789,Female,Teenager,Karachi,2024-12-23,O9789,2023-10-13,McDonald's,Pizza,Continental,2,817.18,Cash,15,2025-08-01,417,Inactive,2,2025-02-16,Delayed,1634.36
C2779,Female,Teenager,Lahore,2024-09-07,O6779,2023-10-13,McDonald's,Fries,Dessert,2,1397.6,Card,31,2025-04-30,8,Inactive,3,2025-07-21,Cancelled,2795.2
C1974,Female,Adult,Multan,2024-12-23,O5974,2023-10-14,McDonald's,Pizza,Dessert,2,308.94,Cash,47,2025-04-18,429,Active,3,2025-07-06,Delayed,617.88
C3394,Male,Senior,Peshawar,2024-08-25,O7394,2023-10-14,Subway,Pasta,Italian,3,1295.91,Wallet,50,2025-08-03,424,Active,5,2025-07-27,Cancelled,3887.73
C2134,Other,Teenager,Peshawar,2025-02-16,O6134,2023-10-14,KFC,Sandwich,Italian,4,617.77,Card,12,2025-05-07,284,Inactive,1,2025-01-06,Delivered,2471.08
C4826,Male,Teenager,Islamabad,2025-07-13,O8826,2023-10-14,Burger King,Burger,Fast Food,2,1451.72,Card,45,2025-08-09,38,Inactive,5,2025-08-12,Delivered,2903.44
C3265,Female,Teenager,Islamabad,2024-11-15,O7265,2023-10-14,Subway,Sandwich,Italian,5,564.16,Wallet,14,2025-01-03,379,Inactive,2,2025-04-06,Delayed,2820.8
C3680,Other,Adult,Karachi,2024-01-05,O7680,2023-10-15,KFC,Sandwich,Fast Food,2,1368.1,Cash,32,2024-10-22,205,Inactive,1,2024-11-05,Cancelled,2736.2
C6140,Male,Adult,Peshawar,2024-03-07,O10140,2023-10-15,Pizza Hut,Pasta,Chinese,3,1060.39,Cash,48,2025-02-13,381,Active,3,2025-01-04,Delivered,3181.17
C2388,Male,Teenager,Multan,2024-05-02,O6388,2023-10-15,Burger King,Pizza,Fast Food,4,1019.58,Wallet,30,2024-10-11,92,Inactive,2,2025-07-04,Delivered,4078.32
C5024,Male,Teenager,Islamabad,2024-11-19,O9024,2023-10-15,Pizza Hut,Fries,Dessert,3,229.14,Card,24,2025-07-26,248,Active,5,2025-02-05,Delivered,687.42
C4940,Other,Senior,Multan,2023-12-19,O8940,2023-10-15,Subway,Burger,Dessert,2,923.74,Cash,40,2025-03-19,118,Inactive,3,2024-10-30,Cancelled,1847.48
C5746,Female,Adult,Lahore,2024-07-15,O9746,2023-10-15,Pizza Hut,Burger,Italian,3,239.36,Card,25,2025-04-25,331,Inactive,2,2024-08-21,Delivered,718.08
C6394,Other,Senior,Peshawar,2024-10-20,O10394,2023-10-16,Pizza Hut,Pizza,Fast Food,1,433.41,Card,21,2025-05-31,230,Inactive,5,2024-11-13,Delayed,433.41
C4061,Other,Teenager,Islamabad,2025-01-02,O8061,2023-10-16,Subway,Pizza,Italian,2,1242.0,Card,8,2025-05-21,251,Active,4,2025-01-23,Delayed,2484.0
C6697,Male,Adult,Lahore,2024-12-07,O10697,2023-10-16,McDonald's,Sandwich,Dessert,1,1411.95,Card,17,2025-03-15,138,Active,1,2024-09-13,Cancelled,1411.95
C1901,Female,Teenager,Multan,2024-07-22,O5901,2023-10-16,KFC,Sandwich,Italian,5,328.98,Cash,31,2025-08-18,200,Active,5,2025-04-10,Delayed,1644.9
C1912,Female,Senior,Peshawar,2024-10-28,O5912,2023-10-16,Subway,Pasta,Continental,4,1153.33,Card,35,2025-01-26,423,Inactive,3,2025-03-07,Cancelled,4613.32
C5983,Male,Senior,Karachi,2023-10-05,O9983,2023-10-16,Burger King,Pasta,Dessert,1,408.56,Wallet,24,2025-06-08,344,Inactive,1,2025-06-29,Delayed,408.56
C3159,Female,Teenager,Karachi,2025-03-03,O7159,2023-10-16,Pizza Hut,Burger,Continental,2,1019.81,Card,30,2025-03-07,191,Active,3,2025-03-12,Delayed,2039.62
C5016,Other,Senior,Lahore,2024-06-18,O9016,2023-10-16,KFC,Burger,Chinese,1,637.28,Cash,41,2025-07-30,81,Inactive,3,2025-01-15,Delivered,637.28
C2384,Female,Teenager,Lahore,2024-04-25,O6384,2023-10-16,Pizza Hut,Pizza,Chinese,5,1255.63,Cash,15,2024-09-04,323,Inactive,2,2025-06-24,Delivered,6278.15
C1865,Other,Senior,Peshawar,2024-09-27,O5865,2023-10-16,Burger King,Pasta,Continental,3,189.51,Cash,3,2024-11-22,173,Inactive,1,2025-03-19,Delivered,568.53
C1857,Other,Adult,Islamabad,2023-11-13,O5857,2023-10-16,Pizza Hut,Fries,Chinese,4,963.94,Cash,32,2024-10-23,146,Inactive,3,2025-07-30,Delayed,3855.76
C3053,Female,Adult,Islamabad,2025-02-20,O7053,2023-10-16,Pizza Hut,Burger,Chinese,4,573.06,Wallet,14,2025-06-13,72,Active,2,2024-10-15,Delayed,2292.24
C5537,Female,Senior,Lahore,2023-11-16,O9537,2023-10-16,Pizza Hut,Pasta,Dessert,5,731.14,Wallet,16,2025-01-09,447,Inactive,1,2024-10-31,Delayed,3655.7
C2446,Male,Adult,Peshawar,2024-03-25,O6446,2023-10-16,Pizza Hut,Pasta,Chinese,2,1297.06,Card,24,2025-08-16,116,Active,1,2024-12-11,Delivered,2594.12
C4667,Male,Senior,Karachi,2025-03-03,O8667,2023-10-16,McDonald's,Burger,Dessert,1,179.23,Card,50,2025-08-18,412,Active,2,2025-02-10,Delayed,179.23
C3980,Male,Adult,Multan,2025-05-16,O7980,2023-10-16,Pizza Hut,Pasta,Italian,1,1393.3,Cash,10,2025-06-06,84,Inactive,5,2025-04-03,Delayed,1393.3
C1764,Male,Senior,Islamabad,2024-07-16,O5764,2023-10-16,Burger King,Sandwich,Chinese,5,154.1,Card,37,2024-11-10,439,Inactive,1,2024-11-05,Delayed,770.5
C1054,Male,Senior,Peshawar,2024-05-28,O5054,2023-10-17,McDonald's,Burger,Chinese,2,1456.87,Wallet,8,2025-07-08,264,Active,1,2025-05-20,Cancelled,2913.74
C4769,Male,Senior,Lahore,2024-08-02,O8769,2023-10-17,Burger King,Fries,Italian,4,490.51,Cash,43,2025-03-03,102,Inactive,4,2025-05-24,Cancelled,1962.04
C4324,Other,Teenager,Karachi,2024-02-03,O8324,2023-10-17,KFC,Fries,Fast Food,3,234.84,Cash,21,2024-09-27,377,Active,3,2025-03-05,Delivered,704.52
C5291,Male,Adult,Multan,2023-09-18,O9291,2023-10-17,Pizza Hut,Sandwich,Italian,1,716.46,Card,11,2024-11-15,145,Inactive,5,2025-03-04,Delivered,716.46
C5859,Other,Senior,Multan,2024-03-06,O9859,2023-10-17,McDonald's,Pizza,Italian,4,421.4,Cash,28,2024-09-17,182,Inactive,4,2024-10-04,Delivered,1685.6
C3457,Other,Teenager,Islamabad,2024-03-08,O7457,2023-10-17,Burger King,Pizza,Dessert,4,535.23,Card,50,2024-10-03,285,Active,3,2025-06-06,Cancelled,2140.92
C6780,Female,Adult,Karachi,2024-09-21,O10780,2023-10-17,Pizza Hut,Sandwich,Italian,2,838.2,Card,28,2025-05-24,366,Inactive,3,2024-08-26,Delivered,1676.4
C1779,Female,Teenager,Lahore,2024-05-16,O5779,2023-10-17,Subway,Fries,Fast Food,4,693.04,Wallet,13,2025-07-29,452,Active,2,2024-09-26,Delayed,2772.16
C1096,Male,Senior,Lahore,2023-09-29,O5096,2023-10-18,Subway,Pasta,Fast Food,5,1321.4,Card,20,2025-02-28,482,Active,5,2024-12-14,Delayed,6607.0
C5344,Male,Teenager,Multan,2024-08-24,O9344,2023-10-18,Subway,Fries,Dessert,2,1302.76,Cash,29,2025-03-06,410,Inactive,4,2025-07-21,Delayed,2605.52
C1985,Female,Adult,Multan,2024-09-08,O5985,2023-10-18,Burger King,Pasta,Dessert,2,623.28,Cash,38,2025-01-05,313,Active,1,2024-09-13,Delivered,1246.56
C3226,Other,Senior,Lahore,2025-03-17,O7226,2023-10-18,KFC,Pasta,Italian,4,1350.64,Cash,45,2025-04-16,257,Inactive,3,2024-12-24,Delayed,5402.56
C1826,Other,Senior,Peshawar,2025-01-11,O5826,2023-10-19,KFC,Fries,Dessert,5,709.05,Cash,50,2025-05-15,330,Inactive,5,2024-10-03,Delivered,3545.25
C1664,Male,Teenager,Peshawar,2025-03-03,O5664,2023-10-19,McDonald's,Sandwich,Dessert,5,166.46,Card,36,2025-03-28,274,Active,1,2025-01-13,Cancelled,832.3
C4186,Male,Senior,Multan,2025-02-08,O8186,2023-10-19,McDonald's,Pasta,Fast Food,1,1034.47,Cash,44,2025-03-30,116,Inactive,4,2024-10-29,Delayed,1034.47
C3999,Male,Teenager,Karachi,2024-03-04,O7999,2023-10-19,KFC,Pasta,Italian,1,503.13,Cash,15,2024-09-19,85,Active,2,2025-07-23,Delivered,503.13
C1050,Other,Adult,Islamabad,2024-11-05,O5050,2023-10-19,KFC,Fries,Chinese,1,923.65,Cash,34,2025-03-03,156,Inactive,5,2024-10-11,Delayed,923.65
C1763,Male,Adult,Karachi,2025-05-28,O5763,2023-10-19,Burger King,Burger,Fast Food,2,839.66,Card,7,2025-05-30,424,Active,1,2025-01-01,Delayed,1679.32
C2477,Female,Senior,Islamabad,2025-05-17,O6477,2023-10-19,Subway,Sandwich,Chinese,3,1319.53,Card,44,2025-05-20,129,Inactive,2,2024-10-03,Cancelled,3958.59
C5246,Female,Senior,Multan,2024-11-10,O9246,2023-10-19,McDonald's,Pasta,Chinese,4,221.81,Card,39,2025-05-15,420,Inactive,4,2024-09-14,Cancelled,887.24
C1017,Female,Senior,Peshawar,2025-02-03,O5017,2023-10-19,McDonald's,Pasta,Dessert,3,707.54,Card,22,2025-07-26,127,Active,4,2025-03-10,Cancelled,2122.62
C6156,Female,Teenager,Multan,2024-07-29,O10156,2023-10-19,McDonald's,Pasta,Chinese,5,1372.76,Card,42,2024-11-03,448,Active,4,2025-02-27,Delayed,6863.8
C2266,Female,Senior,Lahore,2025-02-15,O6266,2023-10-19,McDonald's,Sandwich,Italian,3,1253.72,Wallet,49,2025-07-17,260,Active,2,2024-10-09,Delayed,3761.16
C1661,Female,Teenager,Islamabad,2025-03-31,O5661,2023-10-19,KFC,Pasta,Chinese,2,740.65,Card,8,2025-05-01,223,Active,3,2025-05-29,Cancelled,1481.3
C5074,Male,Senior,Karachi,2024-01-04,O9074,2023-10-19,Pizza Hut,Burger,Continental,2,1029.96,Wallet,50,2024-12-24,439,Active,5,2025-03-04,Delayed,2059.92
C5975,Male,Senior,Peshawar,2023-09-29,O9975,2023-10-19,McDonald's,Sandwich,Dessert,1,288.03,Wallet,15,2025-02-23,369,Inactive,4,2025-06-01,Delayed,288.03
C1331,Female,Adult,Multan,2024-03-27,O5331,2023-10-20,Burger King,Fries,Dessert,4,1196.17,Card,17,2025-02-10,452,Active,3,2025-03-11,Cancelled,4784.68
C1933,Male,Adult,Lahore,2023-09-01,O5933,2023-10-20,McDonald's,Pasta,Continental,1,1103.76,Cash,36,2025-04-20,207,Active,4,2025-06-11,Cancelled,1103.76
C6077,Female,Teenager,Islamabad,2025-01-27,O10077,2023-10-20,Burger King,Pizza,Fast Food,4,1307.57,Wallet,12,2025-06-24,102,Active,2,2024-08-29,Cancelled,5230.28
C3231,Other,Adult,Peshawar,2024-01-26,O7231,2023-10-20,Burger King,Fries,Italian,4,137.6,Cash,6,2025-02-20,140,Active,1,2024-11-19,Delayed,550.4
C1114,Female,Teenager,Karachi,2023-12-17,O5114,2023-10-20,Pizza Hut,Pizza,Continental,5,149.23,Cash,1,2025-08-10,212,Inactive,1,2024-09-30,Cancelled,746.15
C6889,Other,Adult,Multan,2024-05-15,O10889,2023-10-20,Subway,Burger,Continental,3,700.13,Cash,28,2025-04-08,348,Inactive,3,2024-09-05,Cancelled,2100.39
C3702,Other,Senior,Karachi,2024-08-27,O7702,2023-10-20,KFC,Sandwich,Italian,3,1466.23,Card,42,2024-12-03,488,Inactive,4,2024-11-10,Delivered,4398.69
C4539,Other,Adult,Peshawar,2024-05-21,O8539,2023-10-21,Subway,Pasta,Chinese,1,1425.71,Card,18,2025-02-23,26,Active,4,2025-06-10,Delayed,1425.71
C5751,Other,Adult,Karachi,2024-09-14,O9751,2023-10-21,Burger King,Pizza,Fast Food,3,557.9,Cash,20,2025-04-27,265,Inactive,5,2025-06-22,Delayed,1673.7
C1231,Female,Teenager,Karachi,2023-10-29,O5231,2023-10-21,KFC,Pasta,Italian,3,1173.19,Wallet,46,2025-02-08,362,Inactive,1,2024-08-31,Delayed,3519.57
C3559,Other,Senior,Karachi,2024-07-12,O7559,2023-10-21,McDonald's,Sandwich,Italian,3,686.97,Wallet,12,2025-01-09,431,Active,1,2025-03-01,Cancelled,2060.91
C4114,Other,Adult,Lahore,2023-12-22,O8114,2023-10-21,McDonald's,Fries,Italian,4,1499.59,Cash,28,2025-06-06,452,Active,3,2025-01-23,Cancelled,5998.36
C1420,Male,Teenager,Multan,2025-03-10,O5420,2023-10-21,McDonald's,Burger,Chinese,2,186.18,Cash,40,2025-05-19,389,Inactive,3,2025-07-09,Delivered,372.36
C1239,Other,Teenager,Karachi,2025-01-02,O5239,2023-10-21,Subway,Fries,Italian,5,232.07,Wallet,46,2025-01-15,180,Inactive,2,2025-01-30,Cancelled,1160.35
C3716,Other,Teenager,Lahore,2023-12-25,O7716,2023-10-21,Burger King,Sandwich,Continental,1,1412.49,Wallet,45,2025-03-30,222,Inactive,2,2024-10-12,Cancelled,1412.49
C3537,Male,Teenager,Islamabad,2024-09-16,O7537,2023-10-22,KFC,Burger,Fast Food,5,1133.59,Card,26,2024-10-14,474,Active,3,2024-09-30,Delayed,5667.95
C1001,Male,Adult,Multan,2024-08-27,O5001,2023-10-22,Pizza Hut,Pasta,Fast Food,5,322.72,Cash,45,2025-01-25,417,Active,5,2024-12-27,Delayed,1613.6
C2692,Male,Adult,Multan,2023-12-19,O6692,2023-10-22,Burger King,Sandwich,Continental,4,209.85,Wallet,14,2024-11-11,456,Inactive,3,2025-04-05,Delayed,839.4
C1048,Female,Senior,Peshawar,2025-01-30,O5048,2023-10-22,KFC,Pizza,Fast Food,4,1006.92,Card,45,2025-05-31,41,Active,3,2025-02-21,Delayed,4027.68
C1524,Female,Senior,Lahore,2023-11-05,O5524,2023-10-22,Pizza Hut,Pasta,Continental,1,862.12,Wallet,4,2024-10-18,24,Active,5,2025-01-15,Delivered,862.12
C2450,Male,Senior,Peshawar,2024-05-30,O6450,2023-10-22,KFC,Sandwich,Fast Food,2,384.71,Cash,24,2025-02-01,420,Active,3,2024-11-09,Delayed,769.42
C4552,Other,Adult,Karachi,2024-02-17,O8552,2023-10-23,McDonald's,Fries,Continental,5,1271.19,Card,17,2025-01-03,143,Inactive,4,2024-10-12,Cancelled,6355.95
C3721,Female,Teenager,Karachi,2024-03-09,O7721,2023-10-23,Pizza Hut,Sandwich,Chinese,2,823.3,Cash,49,2025-01-20,300,Active,5,2024-12-23,Delivered,1646.6
C2219,Other,Teenager,Karachi,2024-01-21,O6219,2023-10-23,Pizza Hut,Sandwich,Italian,4,1014.88,Card,26,2024-11-28,54,Inactive,1,2024-09-21,Cancelled,4059.52
C1695,Female,Adult,Lahore,2024-04-07,O5695,2023-10-23,Pizza Hut,Fries,Fast Food,2,804.72,Card,3,2025-01-08,328,Active,5,2024-09-11,Delayed,1609.44
C3369,Female,Senior,Lahore,2024-04-24,O7369,2023-10-23,Pizza Hut,Fries,Chinese,4,1081.64,Cash,18,2025-01-05,27,Active,2,2025-03-05,Cancelled,4326.56
C1954,Other,Teenager,Multan,2024-03-02,O5954,2023-10-23,Pizza Hut,Pasta,Chinese,2,815.3,Card,7,2024-09-29,343,Active,4,2025-05-17,Cancelled,1630.6
C4009,Female,Teenager,Peshawar,2023-12-31,O8009,2023-10-23,Subway,Burger,Dessert,4,990.4,Cash,30,2024-09-25,88,Inactive,4,2025-06-23,Cancelled,3961.6
C5726,Male,Teenager,Peshawar,2024-10-14,O9726,2023-10-23,KFC,Burger,Italian,2,881.98,Card,11,2025-08-07,471,Active,4,2025-08-21,Delayed,1763.96
C2285,Male,Adult,Lahore,2024-10-23,O6285,2023-10-23,Subway,Sandwich,Italian,2,641.06,Wallet,24,2025-05-02,407,Active,3,2025-07-21,Cancelled,1282.12
C2708,Other,Teenager,Islamabad,2025-02-28,O6708,2023-10-23,Subway,Fries,Chinese,4,293.46,Wallet,31,2025-04-23,193,Active,4,2025-03-01,Cancelled,1173.84
C4363,Female,Teenager,Islamabad,2023-09-30,O8363,2023-10-23,Pizza Hut,Sandwich,Continental,2,1054.55,Cash,18,2025-06-02,43,Inactive,2,2024-10-12,Delivered,2109.1
C2374,Male,Senior,Multan,2024-01-12,O6374,2023-10-23,Burger King,Burger,Continental,1,1033.01,Card,43,2025-03-27,27,Inactive,2,2025-02-15,Cancelled,1033.01
C5541,Female,Senior,Islamabad,2024-11-14,O9541,2023-10-23,Subway,Fries,Continental,5,210.1,Wallet,50,2024-12-25,77,Inactive,4,2025-03-01,Cancelled,1050.5
C3760,Other,Senior,Lahore,2023-10-30,O7760,2023-10-23,Subway,Pasta,Fast Food,1,1022.96,Card,25,2025-01-07,61,Inactive,5,2025-08-08,Delivered,1022.96
C4883,Male,Teenager,Lahore,2023-10-15,O8883,2023-10-23,Pizza Hut,Burger,Italian,4,265.07,Card,2,2025-07-19,500,Active,1,2025-07-01,Delivered,1060.28
C2781,Female,Adult,Karachi,2024-09-04,O6781,2023-10-23,Subway,Sandwich,Italian,5,841.99,Cash,23,2025-04-03,470,Inactive,1,2025-02-12,Delivered,4209.95
C4452,Female,Teenager,Islamabad,2024-12-09,O8452,2023-10-24,Pizza Hut,Burger,Chinese,5,825.12,Card,12,2025-01-13,250,Active,2,2025-04-20,Cancelled,4125.6
C5627,Male,Senior,Islamabad,2023-10-08,O9627,2023-10-24,KFC,Sandwich,Continental,3,1406.75,Cash,49,2024-10-13,86,Inactive,1,2024-10-09,Delayed,4220.25
C3138,Other,Adult,Islamabad,2024-06-30,O7138,2023-10-24,McDonald's,Pasta,Chinese,4,1182.54,Card,3,2025-03-16,331,Inactive,1,2024-10-30,Delivered,4730.16
C3255,Female,Senior,Islamabad,2023-10-14,O7255,2023-10-24,Subway,Burger,Chinese,4,500.85,Wallet,35,2024-10-11,166,Active,5,2025-08-10,Delivered,2003.4
C6072,Male,Teenager,Lahore,2024-02-29,O10072,2023-10-24,McDonald's,Pasta,Continental,1,527.61,Card,37,2025-03-26,371,Active,3,2025-01-18,Cancelled,527.61
C6712,Other,Senior,Lahore,2024-05-10,O10712,2023-10-24,KFC,Pasta,Italian,5,277.78,Card,46,2025-02-24,412,Inactive,4,2024-12-06,Delivered,1388.9
C4146,Other,Teenager,Lahore,2024-03-09,O8146,2023-10-24,KFC,Pizza,Fast Food,1,905.27,Wallet,15,2025-01-24,238,Inactive,5,2025-04-22,Delivered,905.27
C5653,Female,Adult,Karachi,2023-12-08,O9653,2023-10-24,McDonald's,Pasta,Italian,2,289.67,Cash,42,2025-07-08,107,Active,1,2025-03-26,Delivered,579.34
C4168,Male,Teenager,Karachi,2024-08-09,O8168,2023-10-24,Pizza Hut,Pizza,Fast Food,1,1470.46,Cash,4,2025-04-17,78,Active,3,2025-02-02,Cancelled,1470.46
C4773,Female,Teenager,Lahore,2025-02-06,O8773,2023-10-24,Burger King,Pizza,Dessert,1,1025.78,Wallet,6,2025-08-18,85,Active,5,2024-10-20,Delayed,1025.78
C1895,Male,Adult,Multan,2024-03-14,O5895,2023-10-24,Pizza Hut,Fries,Chinese,4,1018.61,Card,38,2025-08-04,142,Active,4,2024-09-18,Delayed,4074.44
C3973,Female,Teenager,Peshawar,2023-12-20,O7973,2023-10-24,McDonald's,Burger,Italian,5,857.77,Cash,11,2024-11-17,263,Inactive,3,2025-08-19,Delivered,4288.85
C4763,Female,Adult,Karachi,2024-11-19,O8763,2023-10-24,KFC,Sandwich,Chinese,4,371.85,Cash,31,2025-02-14,10,Inactive,1,2025-01-08,Delivered,1487.4
C3667,Male,Teenager,Karachi,2024-03-28,O7667,2023-10-24,Subway,Pasta,Italian,2,1061.01,Wallet,18,2024-12-28,383,Inactive,2,2025-02-24,Cancelled,2122.02
C3950,Male,Adult,Islamabad,2025-03-02,O7950,2023-10-24,McDonald's,Burger,Fast Food,3,309.01,Cash,23,2025-05-06,98,Inactive,5,2024-08-22,Cancelled,927.03
C6937,Male,Senior,Peshawar,2023-11-18,O10937,2023-10-25,KFC,Pizza,Fast Food,2,1288.98,Card,10,2025-07-05,8,Inactive,1,2024-11-05,Delivered,2577.96
C4687,Other,Adult,Lahore,2024-05-25,O8687,2023-10-25,Pizza Hut,Burger,Italian,3,652.57,Wallet,43,2025-04-24,408,Active,3,2025-01-02,Delayed,1957.71
C2411,Male,Senior,Lahore,2024-04-24,O6411,2023-10-25,Burger King,Sandwich,Continental,2,540.76,Cash,16,2025-07-14,398,Active,1,2025-08-09,Delayed,1081.52
C5390,Female,Senior,Peshawar,2024-07-20,O9390,2023-10-25,Pizza Hut,Pasta,Chinese,1,1277.21,Cash,48,2025-07-13,251,Inactive,1,2025-07-19,Cancelled,1277.21
C1353,Other,Senior,Lahore,2023-12-28,O5353,2023-10-25,Burger King,Fries,Fast Food,5,904.2,Card,22,2024-09-26,62,Active,1,2024-09-04,Delayed,4521.0
C4860,Female,Teenager,Islamabad,2024-07-29,O8860,2023-10-25,KFC,Pasta,Continental,5,1212.26,Wallet,17,2025-06-14,160,Inactive,4,2025-03-16,Cancelled,6061.3
C5719,Female,Teenager,Islamabad,2023-12-07,O9719,2023-10-25,Burger King,Sandwich,Fast Food,5,800.07,Wallet,20,2025-08-05,203,Inactive,4,2025-03-14,Delayed,4000.35
C5415,Female,Teenager,Karachi,2024-11-21,O9415,2023-10-26,Pizza Hut,Sandwich,Dessert,2,746.82,Card,37,2025-07-01,213,Active,2,2025-07-27,Delivered,1493.64
C4233,Female,Teenager,Peshawar,2024-11-21,O8233,2023-10-26,KFC,Pasta,Dessert,4,455.11,Card,25,2025-05-18,173,Active,3,2024-12-30,Delivered,1820.44
C5029,Male,Teenager,Lahore,2023-11-26,O9029,2023-10-26,McDonald's,Sandwich,Fast Food,4,179.04,Card,48,2025-01-16,332,Inactive,3,2024-09-04,Cancelled,716.16
C4266,Male,Senior,Multan,2024-07-21,O8266,2023-10-26,Subway,Sandwich,Fast Food,2,185.45,Cash,25,2024-09-11,98,Inactive,4,2024-12-12,Delivered,370.9
C6183,Other,Teenager,Lahore,2024-12-01,O10183,2023-10-26,Burger King,Fries,Fast Food,5,618.18,Card,6,2025-03-16,406,Inactive,2,2025-03-18,Delivered,3090.9
C3670,Female,Senior,Karachi,2025-01-31,O7670,2023-10-26,Pizza Hut,Sandwich,Fast Food,3,1433.0,Cash,19,2025-07-17,310,Inactive,5,2024-10-24,Cancelled,4299.0
C2723,Female,Teenager,Multan,2024-03-18,O6723,2023-10-27,KFC,Sandwich,Dessert,1,814.63,Card,13,2025-04-09,486,Active,3,2025-02-18,Delivered,814.63
C1329,Female,Senior,Peshawar,2023-11-22,O5329,2023-10-27,McDonald's,Pasta,Dessert,3,1466.41,Card,26,2025-08-19,72,Active,3,2025-01-02,Delivered,4399.23
C4403,Male,Senior,Peshawar,2024-11-29,O8403,2023-10-27,Pizza Hut,Pasta,Dessert,4,1313.69,Cash,15,2025-05-07,487,Inactive,1,2024-12-31,Cancelled,5254.76
C4627,Other,Senior,Islamabad,2024-12-26,O8627,2023-10-27,Burger King,Fries,Dessert,3,943.38,Wallet,10,2025-08-08,16,Inactive,3,2024-12-29,Cancelled,2830.14
C4562,Other,Senior,Karachi,2024-09-01,O8562,2023-10-27,Subway,Sandwich,Dessert,1,1264.17,Card,15,2024-12-11,246,Active,4,2024-11-15,Delivered,1264.17
C6555,Other,Teenager,Multan,2024-05-10,O10555,2023-10-27,McDonald's,Sandwich,Dessert,1,1351.11,Card,48,2025-05-16,458,Inactive,1,2024-12-24,Delayed,1351.11
C4178,Female,Adult,Peshawar,2025-03-28,O8178,2023-10-27,Burger King,Pizza,Chinese,5,1174.49,Wallet,13,2025-07-14,118,Inactive,2,2024-11-07,Cancelled,5872.45
C4229,Female,Senior,Multan,2024-05-09,O8229,2023-10-27,Burger King,Burger,Italian,1,303.3,Card,42,2024-08-30,457,Active,3,2024-10-14,Cancelled,303.3
C1226,Other,Teenager,Lahore,2025-01-31,O5226,2023-10-27,Burger King,Fries,Fast Food,5,1053.52,Wallet,34,2025-02-08,186,Inactive,4,2024-11-22,Delayed,5267.6
C1686,Male,Adult,Karachi,2024-07-27,O5686,2023-10-28,Burger King,Sandwich,Fast Food,5,1480.61,Card,6,2024-11-10,490,Active,5,2025-02-25,Cancelled,7403.05
C6422,Other,Teenager,Peshawar,2024-12-29,O10422,2023-10-28,McDonald's,Pasta,Chinese,1,1016.6,Wallet,30,2025-04-12,108,Inactive,2,2025-02-18,Delayed,1016.6
C2044,Male,Senior,Peshawar,2025-03-04,O6044,2023-10-28,Subway,Fries,Dessert,3,361.99,Wallet,15,2025-07-26,146,Inactive,4,2025-01-12,Delivered,1085.97
C6247,Other,Senior,Islamabad,2024-04-10,O10247,2023-10-28,Burger King,Burger,Fast Food,5,558.63,Card,21,2024-09-11,439,Active,1,2025-07-25,Cancelled,2793.15
C6676,Female,Senior,Lahore,2024-03-01,O10676,2023-10-28,Pizza Hut,Pasta,Chinese,5,1234.61,Wallet,24,2025-05-25,350,Active,5,2024-10-16,Delivered,6173.05
C6152,Female,Adult,Multan,2024-12-27,O10152,2023-10-28,McDonald's,Fries,Chinese,2,294.61,Card,19,2025-08-13,254,Active,4,2024-10-25,Cancelled,589.22
C6848,Other,Senior,Peshawar,2024-06-27,O10848,2023-10-28,Subway,Pizza,Fast Food,4,963.48,Cash,25,2025-06-22,274,Inactive,3,2025-01-27,Delivered,3853.92
C5347,Male,Teenager,Peshawar,2024-02-14,O9347,2023-10-28,Pizza Hut,Pizza,Italian,5,267.94,Wallet,16,2024-09-11,425,Active,4,2024-11-26,Delivered,1339.7
C3272,Male,Teenager,Islamabad,2024-09-13,O7272,2023-10-29,Subway,Pizza,Italian,2,1053.87,Card,38,2024-09-30,411,Active,3,2024-09-03,Cancelled,2107.74
C2603,Male,Adult,Peshawar,2024-05-29,O6603,2023-10-29,KFC,Fries,Continental,2,936.85,Cash,16,2025-07-27,493,Inactive,4,2025-05-26,Delayed,1873.7
C5673,Female,Adult,Peshawar,2024-06-22,O9673,2023-10-29,McDonald's,Sandwich,Italian,2,933.33,Cash,30,2024-12-31,480,Active,5,2025-06-18,Cancelled,1866.66
C3692,Female,Teenager,Lahore,2024-03-31,O7692,2023-10-29,McDonald's,Pizza,Dessert,5,290.86,Card,26,2024-11-28,45,Active,2,2025-04-22,Delivered,1454.3
C1697,Male,Adult,Peshawar,2025-06-07,O5697,2023-10-29,KFC,Pasta,Italian,3,359.65,Wallet,24,2025-07-27,421,Inactive,3,2024-09-20,Delivered,1078.95
C6930,Female,Adult,Lahore,2023-12-31,O10930,2023-10-29,Subway,Fries,Chinese,4,910.23,Cash,23,2025-05-23,97,Active,5,2025-01-01,Cancelled,3640.92
C5580,Male,Adult,Peshawar,2024-06-02,O9580,2023-10-29,Subway,Pizza,Continental,5,544.34,Wallet,40,2024-09-20,74,Inactive,3,2025-04-25,Delayed,2721.7
C5033,Male,Teenager,Lahore,2024-09-24,O9033,2023-10-29,KFC,Burger,Continental,2,762.24,Wallet,8,2025-06-12,244,Inactive,5,2025-06-05,Cancelled,1524.48
C4571,Other,Teenager,Islamabad,2024-05-06,O8571,2023-10-29,Subway,Pasta,Italian,1,375.22,Cash,50,2025-04-17,435,Inactive,4,2024-11-04,Delayed,375.22
C2892,Male,Senior,Lahore,2023-09-21,O6892,2023-10-29,McDonald's,Pizza,Italian,5,428.61,Cash,37,2025-05-26,304,Active,1,2025-02-21,Delivered,2143.05
C1731,Female,Senior,Islamabad,2024-06-06,O5731,2023-10-29,Subway,Pasta,Continental,2,793.33,Card,8,2024-12-30,499,Inactive,3,2024-11-25,Cancelled,1586.66
C3535,Other,Teenager,Islamabad,2024-08-17,O7535,2023-10-29,KFC,Sandwich,Chinese,5,1350.13,Card,2,2024-11-25,58,Active,3,2025-01-28,Delivered,6750.65
C1240,Male,Senior,Multan,2025-02-17,O5240,2023-10-29,Pizza Hut,Sandwich,Italian,5,920.95,Card,22,2025-04-02,78,Inactive,4,2025-08-06,Delivered,4604.75
C1578,Other,Teenager,Islamabad,2024-07-04,O5578,2023-10-29,KFC,Pizza,Italian,4,128.82,Wallet,17,2025-02-25,295,Inactive,5,2025-02-27,Cancelled,515.28
C5467,Male,Senior,Multan,2024-08-22,O9467,2023-10-30,Subway,Pasta,Italian,2,552.13,Cash,8,2024-11-14,321,Inactive,3,2025-03-31,Delayed,1104.26
C2201,Other,Adult,Multan,2024-08-23,O6201,2023-10-30,KFC,Pizza,Continental,5,1462.68,Wallet,45,2025-04-03,388,Inactive,1,2024-09-05,Delayed,7313.4
C2293,Female,Teenager,Lahore,2024-09-10,O6293,2023-10-30,KFC,Pizza,Italian,1,1143.43,Wallet,50,2025-04-07,338,Active,5,2024-10-22,Delivered,1143.43
C4994,Female,Teenager,Multan,2025-04-02,O8994,2023-10-30,Subway,Burger,Dessert,1,1217.19,Cash,7,2025-05-05,88,Active,2,2025-07-18,Delivered,1217.19
C3715,Other,Teenager,Multan,2024-11-20,O7715,2023-10-30,Pizza Hut,Burger,Italian,4,1049.77,Card,26,2025-04-12,139,Inactive,5,2024-10-22,Delivered,4199.08
C4227,Female,Teenager,Lahore,2023-10-11,O8227,2023-10-30,Pizza Hut,Pasta,Continental,4,917.23,Wallet,41,2025-03-26,479,Inactive,2,2024-09-15,Cancelled,3668.92
C2966,Male,Teenager,Islamabad,2024-05-04,O6966,2023-10-30,Subway,Pizza,Italian,1,1049.57,Card,11,2025-01-13,383,Active,5,2025-04-25,Delivered,1049.57
C3593,Other,Teenager,Karachi,2025-05-18,O7593,2023-10-30,KFC,Sandwich,Italian,4,802.08,Cash,26,2025-07-25,88,Inactive,2,2024-11-21,Cancelled,3208.32
C2037,Male,Senior,Multan,2024-05-25,O6037,2023-10-31,Burger King,Fries,Chinese,1,1049.51,Cash,26,2024-11-02,307,Active,4,2025-01-23,Delivered,1049.51
C1275,Female,Senior,Karachi,2024-05-27,O5275,2023-10-31,Pizza Hut,Pasta,Chinese,2,1035.4,Wallet,44,2024-10-12,132,Inactive,1,2025-02-17,Delayed,2070.8
C6235,Male,Adult,Lahore,2025-01-29,O10235,2023-10-31,KFC,Pasta,Continental,3,1472.47,Cash,23,2025-03-28,248,Active,3,2025-04-18,Delayed,4417.41
C4746,Female,Senior,Peshawar,2024-05-02,O8746,2023-10-31,Subway,Pizza,Dessert,1,1362.27,Wallet,13,2025-05-27,71,Inactive,3,2024-11-02,Cancelled,1362.27
C6791,Male,Senior,Peshawar,2025-01-07,O10791,2023-10-31,Burger King,Burger,Fast Food,2,603.36,Card,13,2025-08-06,418,Inactive,3,2025-06-01,Delayed,1206.72
C5014,Other,Teenager,Karachi,2024-05-01,O9014,2023-10-31,McDonald's,Pasta,Dessert,3,1041.92,Cash,3,2025-08-09,360,Active,3,2025-06-27,Delayed,3125.76
C2371,Male,Adult,Lahore,2024-10-22,O6371,2023-10-31,Pizza Hut,Sandwich,Fast Food,2,1339.73,Cash,14,2025-03-12,66,Inactive,1,2024-10-03,Delayed,2679.46
C2405,Other,Adult,Islamabad,2024-12-30,O6405,2023-10-31,Subway,Sandwich,Dessert,1,1468.01,Cash,12,2025-05-24,312,Active,3,2025-08-01,Cancelled,1468.01
C6656,Male,Teenager,Lahore,2025-01-11,O10656,2023-10-31,KFC,Burger,Fast Food,5,1111.96,Cash,8,2025-08-18,119,Active,1,2025-01-16,Delayed,5559.8
C2504,Female,Adult,Islamabad,2024-03-23,O6504,2023-10-31,McDonald's,Pizza,Chinese,2,1401.08,Card,32,2025-08-09,293,Inactive,1,2024-11-19,Delivered,2802.16
C4610,Male,Teenager,Karachi,2024-01-25,O8610,2023-11-01,McDonald's,Burger,Dessert,3,732.93,Cash,31,2025-05-14,428,Inactive,2,2024-10-09,Cancelled,2198.79
C2822,Male,Adult,Peshawar,2025-02-18,O6822,2023-11-01,Burger King,Sandwich,Italian,2,211.0,Wallet,10,2025-05-29,452,Active,4,2025-04-20,Delivered,422.0
C3090,Male,Adult,Karachi,2024-10-22,O7090,2023-11-01,Burger King,Burger,Continental,3,1431.66,Cash,48,2025-05-14,302,Inactive,4,2024-10-31,Cancelled,4294.98
C6137,Female,Senior,Islamabad,2025-05-07,O10137,2023-11-01,Burger King,Pizza,Fast Food,2,789.22,Card,48,2025-05-16,393,Inactive,1,2024-10-05,Cancelled,1578.44
C3972,Female,Adult,Multan,2024-11-27,O7972,2023-11-01,Pizza Hut,Burger,Fast Food,1,618.05,Cash,33,2025-01-18,12,Inactive,4,2025-08-20,Delivered,618.05
C6734,Other,Teenager,Peshawar,2025-03-05,O10734,2023-11-01,Pizza Hut,Burger,Dessert,4,1001.16,Card,37,2025-08-02,267,Inactive,1,2025-05-26,Delivered,4004.64
C4839,Other,Adult,Islamabad,2024-12-18,O8839,2023-11-01,Subway,Pizza,Continental,3,1120.67,Wallet,20,2025-06-07,446,Active,1,2025-05-17,Delayed,3362.01
C1851,Female,Adult,Peshawar,2024-03-18,O5851,2023-11-01,Burger King,Fries,Chinese,1,805.06,Card,23,2025-01-13,361,Inactive,4,2024-09-10,Cancelled,805.06
C6599,Male,Senior,Karachi,2023-11-09,O10599,2023-11-01,KFC,Sandwich,Fast Food,3,1405.54,Wallet,5,2024-08-26,13,Active,2,2025-06-30,Delivered,4216.62
C2999,Other,Teenager,Peshawar,2024-11-16,O6999,2023-11-02,Pizza Hut,Burger,Italian,2,1095.03,Wallet,49,2025-07-01,454,Inactive,4,2025-02-28,Delayed,2190.06
C3673,Male,Teenager,Lahore,2024-08-18,O7673,2023-11-02,McDonald's,Burger,Italian,3,547.13,Cash,22,2024-11-16,358,Inactive,4,2024-11-17,Delayed,1641.39
C4938,Male,Teenager,Lahore,2025-03-22,O8938,2023-11-02,KFC,Pizza,Chinese,4,1010.88,Cash,20,2025-04-30,229,Active,4,2025-06-06,Delivered,4043.52
C6996,Male,Senior,Karachi,2025-03-13,O10996,2023-11-02,KFC,Pasta,Dessert,4,1117.04,Card,42,2025-03-24,120,Inactive,5,2025-05-14,Delayed,4468.16
C5527,Male,Adult,Multan,2024-05-06,O9527,2023-11-02,KFC,Fries,Fast Food,2,114.1,Cash,10,2024-08-29,494,Inactive,2,2024-12-26,Cancelled,228.2
C2499,Female,Senior,Karachi,2024-11-05,O6499,2023-11-02,Burger King,Burger,Chinese,4,942.14,Wallet,17,2025-06-20,456,Inactive,2,2024-10-31,Delivered,3768.56
C5775,Male,Teenager,Multan,2025-01-29,O9775,2023-11-02,KFC,Pasta,Dessert,5,1409.81,Wallet,2,2025-03-18,344,Inactive,2,2025-08-09,Delivered,7049.05
C3492,Other,Senior,Karachi,2023-09-05,O7492,2023-11-02,Pizza Hut,Pizza,Chinese,2,890.41,Card,16,2025-01-30,208,Active,1,2025-06-06,Cancelled,1780.82
C5297,Female,Senior,Karachi,2024-11-08,O9297,2023-11-02,Burger King,Pizza,Chinese,3,804.41,Wallet,3,2025-02-06,340,Inactive,5,2025-05-27,Delayed,2413.23
C4456,Female,Adult,Peshawar,2024-06-26,O8456,2023-11-02,Pizza Hut,Fries,Continental,3,873.53,Cash,15,2024-11-05,40,Inactive,2,2025-07-03,Delivered,2620.59
C3355,Other,Adult,Multan,2024-08-12,O7355,2023-11-03,McDonald's,Pasta,Chinese,3,1336.05,Cash,32,2025-07-09,464,Active,5,2025-04-22,Delayed,4008.15
C2113,Other,Teenager,Peshawar,2025-01-10,O6113,2023-11-03,McDonald's,Fries,Dessert,4,1099.24,Cash,4,2025-02-01,194,Active,2,2024-12-21,Cancelled,4396.96
C1906,Male,Senior,Karachi,2023-12-22,O5906,2023-11-03,McDonald's,Burger,Dessert,2,538.18,Card,28,2024-10-17,280,Active,5,2024-10-13,Cancelled,1076.36
C3018,Male,Adult,Lahore,2023-12-25,O7018,2023-11-03,Subway,Pasta,Chinese,4,443.28,Cash,16,2025-02-07,415,Inactive,4,2025-05-02,Cancelled,1773.12
C2967,Female,Senior,Islamabad,2024-09-01,O6967,2023-11-03,KFC,Pizza,Fast Food,4,935.15,Cash,49,2024-11-08,389,Active,2,2025-07-22,Delivered,3740.6
C3833,Male,Teenager,Multan,2024-09-23,O7833,2023-11-03,Pizza Hut,Fries,Chinese,5,214.58,Wallet,32,2024-11-18,157,Inactive,3,2025-06-16,Delivered,1072.9
C5020,Male,Teenager,Multan,2024-04-08,O9020,2023-11-03,McDonald's,Fries,Fast Food,3,311.08,Wallet,48,2025-06-23,198,Active,4,2024-10-20,Delayed,933.24
C2561,Female,Adult,Peshawar,2025-06-02,O6561,2023-11-03,McDonald's,Fries,Italian,4,1266.3,Wallet,3,2025-07-11,458,Inactive,5,2025-06-10,Delayed,5065.2
C1546,Female,Teenager,Lahore,2024-12-25,O5546,2023-11-04,Pizza Hut,Burger,Continental,2,853.16,Card,49,2025-06-16,181,Inactive,2,2025-06-29,Delivered,1706.32
C4308,Other,Teenager,Karachi,2025-02-12,O8308,2023-11-04,KFC,Fries,Chinese,1,122.48,Card,21,2025-04-02,405,Active,4,2024-09-07,Delayed,122.48
C5087,Female,Adult,Lahore,2024-12-03,O9087,2023-11-04,McDonald's,Sandwich,Continental,4,1206.87,Card,15,2025-03-15,386,Inactive,4,2025-01-22,Delayed,4827.48
C1910,Female,Teenager,Lahore,2024-01-27,O5910,2023-11-04,Pizza Hut,Pasta,Chinese,2,993.76,Cash,13,2025-08-02,145,Active,1,2025-03-09,Delivered,1987.52
C6566,Male,Senior,Lahore,2024-06-02,O10566,2023-11-04,Burger King,Sandwich,Italian,3,586.44,Wallet,50,2024-12-28,2,Inactive,1,2025-04-17,Delayed,1759.32
C5043,Female,Teenager,Peshawar,2024-03-21,O9043,2023-11-04,McDonald's,Pasta,Chinese,1,202.27,Cash,7,2024-12-20,491,Inactive,2,2025-02-10,Delivered,202.27
C3676,Other,Senior,Peshawar,2024-04-14,O7676,2023-11-04,Pizza Hut,Pasta,Dessert,2,1053.22,Card,7,2024-10-15,357,Inactive,4,2025-01-06,Cancelled,2106.44
C6674,Female,Adult,Islamabad,2025-02-01,O10674,2023-11-04,Pizza Hut,Pasta,Dessert,2,1201.85,Cash,38,2025-07-13,228,Inactive,3,2025-05-30,Delivered,2403.7
C4894,Male,Teenager,Lahore,2024-06-09,O8894,2023-11-05,Burger King,Burger,Chinese,3,1254.02,Card,48,2025-06-17,425,Inactive,3,2024-12-23,Delayed,3762.06
C1085,Other,Senior,Karachi,2024-04-19,O5085,2023-11-05,Burger King,Fries,Chinese,4,812.01,Wallet,48,2024-12-27,141,Inactive,3,2025-05-01,Cancelled,3248.04
C4400,Other,Adult,Peshawar,2023-09-03,O8400,2023-11-06,McDonald's,Pasta,Fast Food,4,816.51,Wallet,26,2024-12-04,346,Inactive,2,2025-05-07,Delivered,3266.04
C4059,Other,Adult,Karachi,2024-01-07,O8059,2023-11-06,Subway,Pasta,Chinese,1,193.63,Wallet,44,2025-08-16,384,Active,5,2025-08-05,Delayed,193.63
C2204,Other,Teenager,Karachi,2023-11-19,O6204,2023-11-06,Pizza Hut,Pizza,Dessert,1,946.77,Card,11,2024-10-28,292,Active,3,2025-04-11,Delivered,946.77
C1080,Female,Teenager,Karachi,2024-10-21,O5080,2023-11-06,Pizza Hut,Burger,Dessert,1,178.49,Cash,15,2025-01-29,446,Active,5,2025-04-16,Delayed,178.49
C4719,Male,Senior,Karachi,2024-01-11,O8719,2023-11-06,KFC,Pasta,Chinese,1,721.89,Card,49,2024-09-09,58,Inactive,1,2024-09-09,Cancelled,721.89
C4781,Other,Senior,Peshawar,2025-01-19,O8781,2023-11-06,Pizza Hut,Burger,Italian,5,1317.34,Wallet,36,2025-05-04,166,Inactive,3,2025-01-31,Cancelled,6586.7
C4799,Female,Senior,Multan,2023-08-28,O8799,2023-11-06,McDonald's,Pasta,Fast Food,5,300.28,Card,31,2024-12-31,460,Inactive,1,2025-08-10,Delivered,1501.4
C3408,Male,Adult,Lahore,2024-12-05,O7408,2023-11-06,Subway,Pasta,Italian,2,277.0,Cash,42,2025-08-05,291,Inactive,5,2025-02-14,Delivered,554.0
C3553,Male,Senior,Peshawar,2024-02-11,O7553,2023-11-07,Pizza Hut,Pizza,Continental,4,772.32,Card,1,2025-01-02,266,Inactive,2,2025-06-12,Cancelled,3089.28
C1570,Female,Teenager,Lahore,2024-10-11,O5570,2023-11-07,Burger King,Pasta,Fast Food,4,175.16,Wallet,24,2024-10-31,440,Active,4,2025-07-18,Delayed,700.64
C3902,Male,Teenager,Peshawar,2024-11-12,O7902,2023-11-07,Pizza Hut,Fries,Italian,2,301.62,Cash,38,2025-02-12,388,Active,3,2025-02-28,Cancelled,603.24
C2257,Other,Teenager,Multan,2023-11-11,O6257,2023-11-07,McDonald's,Burger,Continental,4,728.89,Cash,21,2025-06-12,168,Active,5,2025-07-18,Cancelled,2915.56
C6171,Male,Teenager,Islamabad,2024-09-12,O10171,2023-11-07,KFC,Fries,Fast Food,2,483.3,Card,35,2025-07-20,163,Inactive,1,2025-04-28,Delayed,966.6
C6409,Other,Teenager,Islamabad,2025-03-10,O10409,2023-11-07,Subway,Pizza,Italian,2,1240.23,Card,8,2025-03-24,121,Inactive,2,2024-11-01,Cancelled,2480.46
C5003,Other,Teenager,Peshawar,2024-11-18,O9003,2023-11-07,Burger King,Fries,Chinese,1,1254.7,Card,32,2025-01-03,145,Active,2,2024-09-27,Delayed,1254.7
C6592,Male,Teenager,Multan,2024-03-29,O10592,2023-11-07,Pizza Hut,Pasta,Fast Food,3,570.02,Card,43,2024-12-01,85,Inactive,1,2024-09-21,Delayed,1710.06
C3610,Other,Teenager,Karachi,2024-09-16,O7610,2023-11-08,Burger King,Pizza,Continental,3,355.37,Wallet,34,2025-06-19,214,Inactive,3,2024-08-24,Delivered,1066.11
C3811,Female,Teenager,Peshawar,2024-09-20,O7811,2023-11-08,Burger King,Pasta,Dessert,1,1104.67,Card,19,2025-07-20,451,Inactive,3,2025-01-03,Delayed,1104.67
C2521,Female,Adult,Peshawar,2024-06-20,O6521,2023-11-08,Burger King,Fries,Italian,5,573.4,Card,49,2025-02-14,416,Active,1,2024-10-08,Delayed,2867.0
C5004,Female,Senior,Peshawar,2024-06-10,O9004,2023-11-08,Burger King,Sandwich,Chinese,5,327.79,Cash,17,2024-08-26,80,Inactive,1,2024-09-27,Delivered,1638.95
C2369,Female,Adult,Islamabad,2024-06-12,O6369,2023-11-08,Pizza Hut,Pasta,Dessert,5,1403.58,Wallet,13,2024-12-17,298,Active,4,2024-11-02,Delayed,7017.9
C1181,Male,Senior,Karachi,2024-04-07,O5181,2023-11-08,Pizza Hut,Pizza,Dessert,1,1483.22,Wallet,37,2025-03-12,379,Active,3,2025-04-17,Delivered,1483.22
C4426,Other,Adult,Peshawar,2025-05-01,O8426,2023-11-08,Subway,Sandwich,Chinese,5,678.51,Wallet,24,2025-07-15,254,Active,5,2025-04-18,Cancelled,3392.55
C1122,Male,Teenager,Islamabad,2024-11-28,O5122,2023-11-08,McDonald's,Fries,Fast Food,3,933.86,Card,15,2025-03-08,430,Inactive,1,2025-06-29,Cancelled,2801.58
C4496,Male,Teenager,Multan,2025-01-09,O8496,2023-11-08,KFC,Fries,Continental,5,1100.88,Wallet,42,2025-04-22,52,Inactive,1,2025-02-18,Delivered,5504.4
C3940,Other,Teenager,Peshawar,2023-08-28,O7940,2023-11-08,Subway,Burger,Chinese,2,350.02,Card,19,2025-07-16,372,Inactive,1,2025-03-17,Delayed,700.04
C5890,Other,Teenager,Lahore,2024-05-15,O9890,2023-11-09,McDonald's,Sandwich,Italian,3,422.25,Card,49,2025-01-05,122,Inactive,4,2025-07-20,Cancelled,1266.75
C4124,Female,Teenager,Multan,2023-10-31,O8124,2023-11-09,Pizza Hut,Burger,Italian,4,385.2,Card,28,2024-12-24,445,Inactive,2,2025-01-22,Delivered,1540.8
C4001,Male,Teenager,Peshawar,2023-11-08,O8001,2023-11-09,McDonald's,Fries,Continental,2,825.05,Cash,49,2025-08-01,302,Inactive,5,2025-04-08,Delivered,1650.1
C4812,Male,Adult,Karachi,2024-01-21,O8812,2023-11-09,Burger King,Burger,Italian,4,1432.29,Cash,34,2024-11-10,199,Inactive,4,2025-07-07,Delivered,5729.16
C1900,Female,Senior,Multan,2024-07-14,O5900,2023-11-09,Subway,Pizza,Chinese,1,820.43,Card,12,2024-09-27,156,Inactive,4,2025-01-01,Cancelled,820.43
C3136,Female,Adult,Islamabad,2023-11-18,O7136,2023-11-09,Subway,Fries,Continental,1,638.41,Wallet,44,2025-03-30,292,Active,2,2024-12-29,Cancelled,638.41
C3920,Other,Adult,Multan,2024-11-26,O7920,2023-11-09,McDonald's,Pizza,Fast Food,1,1411.28,Wallet,17,2024-11-28,313,Active,5,2025-02-15,Delayed,1411.28
C4449,Male,Adult,Lahore,2024-10-24,O8449,2023-11-09,McDonald's,Fries,Fast Food,2,1078.56,Wallet,21,2025-01-15,238,Active,1,2025-06-09,Cancelled,2157.12
C4569,Male,Adult,Multan,2024-07-31,O8569,2023-11-10,McDonald's,Fries,Chinese,1,109.77,Cash,14,2025-05-08,174,Active,2,2025-06-28,Cancelled,109.77
C4127,Female,Adult,Multan,2024-12-16,O8127,2023-11-10,Pizza Hut,Pizza,Dessert,5,755.69,Cash,6,2025-07-02,185,Inactive,1,2024-11-09,Delayed,3778.45
C1195,Male,Senior,Peshawar,2025-05-24,O5195,2023-11-10,Pizza Hut,Burger,Chinese,2,480.79,Card,30,2025-05-26,82,Active,2,2025-04-09,Cancelled,961.58
C6952,Female,Adult,Multan,2024-05-17,O10952,2023-11-10,Pizza Hut,Fries,Continental,4,258.0,Wallet,50,2024-10-29,500,Active,1,2025-04-23,Delivered,1032.0
C4881,Female,Teenager,Lahore,2023-09-20,O8881,2023-11-10,Subway,Pizza,Fast Food,4,1171.3,Cash,13,2025-08-14,364,Active,3,2024-09-15,Delivered,4685.2
C6810,Other,Senior,Multan,2024-11-02,O10810,2023-11-11,KFC,Sandwich,Dessert,5,1464.24,Wallet,32,2024-12-09,457,Active,1,2025-06-26,Cancelled,7321.2
C2034,Female,Teenager,Peshawar,2024-12-26,O6034,2023-11-11,Subway,Fries,Continental,5,379.03,Card,34,2025-07-03,56,Inactive,3,2025-07-11,Delivered,1895.15
C5813,Male,Teenager,Islamabad,2023-10-18,O9813,2023-11-11,McDonald's,Sandwich,Italian,2,1080.99,Card,45,2025-01-25,416,Inactive,2,2025-02-04,Delivered,2161.98
C6724,Female,Teenager,Multan,2023-10-23,O10724,2023-11-11,KFC,Pizza,Chinese,5,1075.94,Cash,39,2025-07-26,100,Active,3,2025-02-28,Delivered,5379.7
C2401,Male,Senior,Multan,2023-12-02,O6401,2023-11-11,Burger King,Pizza,Fast Food,2,213.28,Cash,37,2025-06-18,163,Inactive,2,2025-08-14,Delivered,426.56
C6569,Male,Senior,Multan,2025-02-15,O10569,2023-11-11,McDonald's,Sandwich,Continental,2,827.9,Wallet,44,2025-06-09,483,Active,5,2025-02-27,Delivered,1655.8
C3586,Female,Adult,Multan,2024-02-15,O7586,2023-11-11,Burger King,Pizza,Dessert,3,128.78,Wallet,27,2024-08-26,389,Active,2,2024-09-19,Cancelled,386.34
C5933,Female,Adult,Islamabad,2024-12-29,O9933,2023-11-11,McDonald's,Sandwich,Fast Food,2,836.29,Card,1,2025-07-01,215,Active,2,2025-01-26,Delayed,1672.58
C3738,Male,Adult,Peshawar,2024-02-25,O7738,2023-11-11,Burger King,Sandwich,Dessert,4,1297.29,Cash,23,2025-05-08,125,Active,4,2024-08-23,Cancelled,5189.16
C3182,Male,Teenager,Multan,2024-05-13,O7182,2023-11-12,KFC,Pizza,Italian,5,1363.02,Card,48,2025-08-14,156,Inactive,1,2024-09-07,Cancelled,6815.1
C1968,Male,Adult,Karachi,2025-01-16,O5968,2023-11-12,Burger King,Burger,Fast Food,5,955.89,Wallet,14,2025-06-18,184,Inactive,1,2025-03-25,Delayed,4779.45
C2846,Female,Adult,Multan,2024-01-09,O6846,2023-11-12,Burger King,Pasta,Continental,4,312.92,Cash,33,2025-03-01,215,Active,3,2025-04-14,Delivered,1251.68
C5163,Female,Adult,Karachi,2023-09-09,O9163,2023-11-12,KFC,Burger,Fast Food,2,1212.2,Card,1,2024-11-11,363,Inactive,1,2025-02-20,Delivered,2424.4
C2570,Male,Teenager,Peshawar,2024-02-12,O6570,2023-11-12,McDonald's,Sandwich,Italian,5,957.16,Cash,25,2025-06-27,371,Active,3,2025-01-05,Delayed,4785.8
C3361,Other,Teenager,Islamabad,2024-12-29,O7361,2023-11-12,McDonald's,Burger,Italian,1,1473.03,Wallet,23,2025-03-24,373,Inactive,4,2025-05-25,Cancelled,1473.03
C3212,Female,Teenager,Karachi,2024-10-10,O7212,2023-11-12,Subway,Pasta,Fast Food,3,635.23,Cash,34,2025-03-24,273,Active,5,2025-02-14,Delivered,1905.69
C4896,Female,Senior,Lahore,2024-02-03,O8896,2023-11-12,Burger King,Pasta,Dessert,1,1397.19,Wallet,11,2024-11-11,486,Inactive,4,2025-04-28,Delivered,1397.19
C1718,Female,Senior,Islamabad,2024-06-07,O5718,2023-11-12,Burger King,Pasta,Dessert,5,190.01,Cash,37,2025-01-24,345,Inactive,2,2025-03-23,Delayed,950.05
C3891,Female,Adult,Lahore,2025-01-05,O7891,2023-11-12,Subway,Fries,Italian,2,907.09,Wallet,46,2025-04-18,391,Inactive,1,2025-08-19,Delivered,1814.18
C1473,Other,Teenager,Islamabad,2024-01-15,O5473,2023-11-13,Pizza Hut,Fries,Chinese,4,191.34,Cash,41,2024-11-06,353,Inactive,2,2024-09-15,Delayed,765.36
C1853,Female,Adult,Multan,2024-02-06,O5853,2023-11-13,Pizza Hut,Pasta,Fast Food,2,1201.48,Wallet,9,2024-12-11,80,Inactive,5,2025-08-11,Cancelled,2402.96
C3121,Male,Teenager,Karachi,2024-06-21,O7121,2023-11-13,McDonald's,Burger,Italian,3,490.08,Card,29,2024-11-08,475,Active,3,2025-08-05,Delivered,1470.24
C5477,Other,Teenager,Lahore,2025-01-06,O9477,2023-11-13,Subway,Burger,Chinese,3,998.97,Wallet,38,2025-01-09,318,Active,2,2024-10-23,Delayed,2996.91
C5714,Female,Senior,Karachi,2024-12-22,O9714,2023-11-13,Burger King,Pasta,Dessert,4,597.23,Cash,33,2025-03-01,161,Inactive,5,2024-12-14,Delivered,2388.92
C1423,Other,Teenager,Peshawar,2024-01-11,O5423,2023-11-13,KFC,Burger,Dessert,3,1285.35,Wallet,41,2025-05-02,372,Active,4,2025-01-31,Delayed,3856.05
C1390,Male,Teenager,Multan,2024-10-16,O5390,2023-11-13,McDonald's,Pasta,Italian,5,1188.09,Wallet,27,2024-11-26,463,Inactive,3,2025-07-19,Delivered,5940.45
C6565,Female,Teenager,Islamabad,2024-12-17,O10565,2023-11-13,McDonald's,Sandwich,Fast Food,2,305.0,Card,1,2025-04-12,355,Active,2,2025-04-02,Delayed,610.0
C5213,Female,Teenager,Islamabad,2024-04-15,O9213,2023-11-14,McDonald's,Burger,Italian,4,378.2,Cash,37,2024-12-20,199,Active,2,2025-02-06,Delivered,1512.8
C2456,Female,Senior,Peshawar,2025-01-01,O6456,2023-11-14,Burger King,Burger,Italian,1,318.1,Cash,23,2025-07-13,44,Inactive,4,2025-05-04,Delivered,318.1
C5414,Female,Teenager,Karachi,2024-07-04,O9414,2023-11-14,Burger King,Burger,Fast Food,1,147.64,Wallet,47,2025-07-01,327,Inactive,5,2025-06-16,Delayed,147.64
C1094,Male,Teenager,Islamabad,2023-09-17,O5094,2023-11-14,Pizza Hut,Sandwich,Dessert,5,1044.76,Wallet,39,2025-04-10,491,Active,2,2025-05-13,Delivered,5223.8
C4655,Male,Senior,Multan,2024-02-24,O8655,2023-11-14,Subway,Pizza,Fast Food,3,952.66,Card,8,2024-10-28,120,Inactive,4,2024-09-28,Delivered,2857.98
C4004,Female,Adult,Karachi,2024-08-11,O8004,2023-11-14,Subway,Burger,Continental,4,859.3,Cash,13,2024-11-07,320,Inactive,4,2025-07-17,Delivered,3437.2
C4757,Female,Teenager,Multan,2025-02-22,O8757,2023-11-15,KFC,Pasta,Continental,3,1411.25,Card,19,2025-08-18,312,Inactive,4,2024-12-26,Cancelled,4233.75
C4044,Male,Teenager,Peshawar,2024-07-12,O8044,2023-11-15,Subway,Pasta,Fast Food,2,391.52,Card,6,2024-08-25,239,Active,4,2024-09-01,Delivered,783.04
C4550,Female,Adult,Lahore,2024-07-08,O8550,2023-11-15,Subway,Sandwich,Chinese,4,794.94,Cash,22,2025-06-20,204,Inactive,2,2025-05-03,Cancelled,3179.76
C3556,Male,Adult,Multan,2024-11-12,O7556,2023-11-15,Subway,Pasta,Italian,3,125.49,Card,21,2025-05-20,70,Active,2,2024-10-30,Delivered,376.47
C6660,Male,Adult,Multan,2023-12-23,O10660,2023-11-15,Subway,Sandwich,Fast Food,5,246.42,Wallet,46,2024-12-28,60,Active,2,2024-09-30,Cancelled,1232.1
C6028,Male,Senior,Islamabad,2024-08-14,O10028,2023-11-15,KFC,Pasta,Chinese,2,1214.56,Cash,27,2025-08-07,267,Active,4,2025-06-07,Delayed,2429.12
C1883,Female,Adult,Peshawar,2024-09-02,O5883,2023-11-15,KFC,Sandwich,Dessert,2,262.42,Card,45,2024-11-30,425,Inactive,1,2025-01-14,Cancelled,524.84
C5781,Male,Adult,Peshawar,2024-05-28,O9781,2023-11-15,Pizza Hut,Fries,Continental,3,1499.73,Wallet,2,2025-07-15,107,Inactive,5,2025-05-13,Cancelled,4499.19
C1897,Male,Senior,Karachi,2024-10-23,O5897,2023-11-15,Pizza Hut,Burger,Dessert,1,610.38,Card,32,2024-12-22,280,Active,1,2025-08-17,Delayed,610.38
C2214,Other,Teenager,Lahore,2025-04-14,O6214,2023-11-15,KFC,Sandwich,Italian,2,287.77,Cash,5,2025-05-23,156,Inactive,2,2025-02-06,Cancelled,575.54
C4700,Male,Senior,Islamabad,2025-04-14,O8700,2023-11-16,Burger King,Fries,Italian,3,1057.55,Cash,15,2025-06-10,379,Inactive,5,2024-10-21,Delayed,3172.65
C4953,Other,Senior,Lahore,2025-04-28,O8953,2023-11-16,McDonald's,Pasta,Fast Food,4,1094.0,Card,2,2025-05-03,88,Inactive,3,2025-05-23,Delivered,4376.0
C3642,Male,Senior,Peshawar,2024-02-21,O7642,2023-11-16,McDonald's,Fries,Continental,1,365.37,Cash,16,2025-05-04,7,Inactive,5,2024-12-20,Delivered,365.37
C4836,Female,Teenager,Multan,2023-08-29,O8836,2023-11-16,Pizza Hut,Pasta,Chinese,1,1287.45,Cash,36,2025-01-09,239,Active,4,2024-10-05,Delivered,1287.45
C6177,Female,Senior,Islamabad,2024-11-11,O10177,2023-11-16,McDonald's,Pasta,Continental,1,387.84,Cash,31,2025-02-18,19,Active,5,2025-08-01,Delivered,387.84
C1783,Other,Senior,Karachi,2023-12-10,O5783,2023-11-16,KFC,Sandwich,Fast Food,2,741.49,Cash,31,2025-05-03,319,Inactive,4,2025-05-18,Delivered,1482.98
C4486,Other,Teenager,Multan,2025-07-10,O8486,2023-11-17,Burger King,Pasta,Italian,1,1003.06,Cash,26,2025-07-24,294,Inactive,3,2025-04-17,Cancelled,1003.06
C2991,Male,Senior,Karachi,2024-11-19,O6991,2023-11-17,KFC,Pizza,Fast Food,2,139.63,Wallet,6,2025-05-11,193,Active,5,2025-01-21,Delivered,279.26
C6350,Female,Teenager,Peshawar,2024-04-01,O10350,2023-11-17,KFC,Pasta,Fast Food,5,543.62,Card,37,2025-05-10,435,Inactive,4,2025-05-18,Delivered,2718.1
C2189,Female,Senior,Multan,2024-01-29,O6189,2023-11-17,Subway,Fries,Fast Food,1,717.73,Cash,39,2024-11-15,157,Inactive,2,2025-07-31,Cancelled,717.73
C2770,Female,Adult,Islamabad,2024-04-26,O6770,2023-11-17,Subway,Burger,Continental,5,1289.99,Wallet,47,2024-10-18,115,Active,2,2025-01-11,Delayed,6449.95
C2786,Female,Adult,Lahore,2024-07-19,O6786,2023-11-17,KFC,Burger,Dessert,4,1333.67,Wallet,48,2025-02-06,456,Inactive,1,2025-05-10,Cancelled,5334.68
C1741,Female,Adult,Islamabad,2024-06-09,O5741,2023-11-17,Burger King,Pasta,Fast Food,4,430.06,Wallet,9,2024-11-30,189,Active,3,2024-12-26,Cancelled,1720.24
C3412,Male,Senior,Karachi,2024-08-21,O7412,2023-11-17,Pizza Hut,Sandwich,Chinese,1,242.42,Wallet,9,2025-01-31,2,Inactive,3,2025-01-24,Cancelled,242.42
C3994,Female,Senior,Peshawar,2024-01-29,O7994,2023-11-17,Pizza Hut,Pizza,Chinese,2,490.94,Card,41,2025-02-10,18,Inactive,1,2025-07-07,Delivered,981.88
C5833,Other,Adult,Islamabad,2024-08-25,O9833,2023-11-18,Pizza Hut,Burger,Chinese,4,569.79,Wallet,40,2024-11-18,355,Active,1,2025-03-27,Delayed,2279.16
C6983,Female,Senior,Peshawar,2024-11-15,O10983,2023-11-18,Subway,Fries,Chinese,5,725.16,Wallet,39,2025-05-30,344,Active,4,2024-12-14,Delayed,3625.8
C2724,Male,Adult,Islamabad,2024-05-15,O6724,2023-11-18,Burger King,Pasta,Chinese,2,868.19,Wallet,5,2025-02-02,208,Active,3,2025-05-19,Cancelled,1736.38
C1184,Male,Adult,Peshawar,2024-01-25,O5184,2023-11-18,McDonald's,Burger,Chinese,3,917.94,Cash,34,2025-03-01,174,Inactive,5,2024-10-21,Delivered,2753.82
C5979,Female,Teenager,Karachi,2024-06-30,O9979,2023-11-18,Pizza Hut,Burger,Chinese,1,357.22,Card,14,2025-06-01,392,Active,3,2025-03-28,Delayed,357.22
C6162,Male,Teenager,Islamabad,2024-11-26,O10162,2023-11-18,Pizza Hut,Pasta,Chinese,2,1244.21,Cash,43,2025-04-08,379,Active,1,2025-06-28,Cancelled,2488.42
C2872,Female,Teenager,Islamabad,2024-05-04,O6872,2023-11-18,McDonald's,Pizza,Chinese,1,126.19,Wallet,38,2025-03-04,87,Active,3,2025-01-30,Delayed,126.19
C1946,Male,Senior,Multan,2024-04-23,O5946,2023-11-19,Subway,Sandwich,Continental,3,714.36,Card,31,2025-01-22,178,Inactive,1,2025-03-07,Delivered,2143.08
C3561,Female,Teenager,Karachi,2024-12-20,O7561,2023-11-19,Pizza Hut,Sandwich,Continental,3,344.72,Wallet,14,2025-01-28,290,Inactive,2,2025-01-15,Delayed,1034.16
C2921,Other,Teenager,Karachi,2023-10-18,O6921,2023-11-19,McDonald's,Fries,Chinese,5,601.64,Wallet,3,2024-11-19,478,Inactive,3,2024-11-03,Delivered,3008.2
C2897,Other,Senior,Peshawar,2025-05-02,O6897,2023-11-19,KFC,Sandwich,Dessert,4,1190.07,Card,10,2025-05-15,126,Inactive,1,2024-08-26,Delivered,4760.28
C1740,Female,Adult,Islamabad,2025-01-26,O5740,2023-11-19,McDonald's,Burger,Chinese,3,506.23,Card,28,2025-03-07,145,Active,1,2025-08-03,Delivered,1518.69
C6494,Male,Teenager,Islamabad,2024-03-05,O10494,2023-11-19,Subway,Burger,Chinese,2,884.45,Wallet,28,2025-04-04,277,Active,1,2024-08-22,Cancelled,1768.9
C5165,Other,Teenager,Peshawar,2024-08-24,O9165,2023-11-19,Pizza Hut,Pasta,Fast Food,5,1134.87,Card,9,2024-09-22,87,Active,5,2025-03-11,Delayed,5674.35
C2606,Other,Teenager,Islamabad,2025-04-25,O6606,2023-11-19,Burger King,Fries,Fast Food,1,377.64,Wallet,47,2025-05-31,133,Inactive,5,2024-12-30,Delivered,377.64
C3569,Other,Teenager,Peshawar,2024-01-30,O7569,2023-11-19,McDonald's,Pizza,Italian,5,535.66,Card,28,2025-07-01,434,Active,5,2025-05-10,Delivered,2678.3
C2416,Other,Senior,Lahore,2024-06-10,O6416,2023-11-19,KFC,Burger,Italian,4,1391.02,Cash,49,2025-04-20,299,Active,3,2025-02-21,Delivered,5564.08
C2372,Female,Adult,Peshawar,2025-03-31,O6372,2023-11-19,Pizza Hut,Fries,Italian,3,1265.36,Cash,21,2025-06-22,386,Active,3,2025-01-29,Delivered,3796.08
C2525,Male,Adult,Multan,2024-05-06,O6525,2023-11-20,KFC,Sandwich,Dessert,1,1483.24,Cash,50,2025-01-22,427,Inactive,2,2024-12-30,Delivered,1483.24
C6101,Other,Teenager,Multan,2024-06-07,O10101,2023-11-20,KFC,Pasta,Continental,1,288.68,Card,45,2025-03-11,136,Active,2,2025-07-02,Delivered,288.68
C3907,Female,Teenager,Karachi,2024-09-15,O7907,2023-11-20,KFC,Pizza,Dessert,3,620.36,Cash,32,2025-06-03,48,Active,1,2024-10-08,Cancelled,1861.08
C1016,Female,Adult,Peshawar,2023-11-27,O5016,2023-11-20,Subway,Sandwich,Fast Food,5,562.53,Cash,4,2025-03-11,203,Active,3,2024-11-16,Delayed,2812.65
C1296,Male,Adult,Islamabad,2025-05-02,O5296,2023-11-20,Pizza Hut,Pizza,Chinese,3,896.54,Wallet,6,2025-07-05,133,Inactive,5,2025-06-17,Cancelled,2689.62
C4342,Female,Senior,Islamabad,2024-10-07,O8342,2023-11-21,Subway,Pasta,Italian,1,208.4,Card,28,2024-12-04,134,Inactive,2,2024-12-17,Delivered,208.4
C3117,Male,Teenager,Lahore,2023-11-15,O7117,2023-11-22,Pizza Hut,Fries,Fast Food,3,1152.76,Cash,30,2024-09-29,301,Inactive,1,2024-09-26,Delivered,3458.28
C3704,Male,Teenager,Multan,2024-09-12,O7704,2023-11-22,Subway,Fries,Continental,5,376.36,Cash,36,2024-12-27,306,Active,1,2024-10-16,Delivered,1881.8
C2529,Male,Adult,Islamabad,2024-12-03,O6529,2023-11-22,KFC,Pizza,Continental,1,1018.37,Cash,31,2025-08-01,217,Active,2,2024-09-01,Delivered,1018.37
C3575,Female,Teenager,Multan,2024-11-02,O7575,2023-11-22,KFC,Fries,Dessert,1,1401.97,Cash,22,2025-06-18,251,Active,5,2025-03-24,Delivered,1401.97
C3643,Female,Senior,Karachi,2025-03-07,O7643,2023-11-22,Burger King,Fries,Chinese,2,1321.53,Card,2,2025-05-24,198,Inactive,4,2025-06-20,Delivered,2643.06
C4346,Female,Teenager,Lahore,2024-03-11,O8346,2023-11-22,Pizza Hut,Fries,Dessert,4,1379.31,Wallet,43,2025-02-06,168,Inactive,1,2025-06-30,Delivered,5517.24
C3990,Other,Senior,Lahore,2023-12-17,O7990,2023-11-23,KFC,Pizza,Dessert,1,181.42,Card,4,2024-09-29,133,Active,4,2025-05-13,Cancelled,181.42
C2735,Female,Senior,Karachi,2024-08-21,O6735,2023-11-23,Subway,Fries,Italian,4,1054.3,Cash,48,2025-06-24,159,Inactive,4,2025-08-15,Delayed,4217.2
C6410,Female,Adult,Peshawar,2023-12-06,O10410,2023-11-23,Burger King,Burger,Italian,4,1299.99,Cash,25,2025-06-29,453,Active,1,2025-07-15,Delayed,5199.96
C2315,Other,Senior,Karachi,2024-08-28,O6315,2023-11-23,Subway,Burger,Dessert,5,390.67,Wallet,11,2025-02-16,352,Inactive,4,2025-03-05,Cancelled,1953.35
C3510,Male,Adult,Multan,2024-09-20,O7510,2023-11-23,Burger King,Pasta,Chinese,5,210.48,Wallet,20,2025-03-12,51,Active,3,2025-03-27,Delivered,1052.4
C2652,Other,Adult,Multan,2024-02-02,O6652,2023-11-23,Subway,Pizza,Fast Food,3,249.11,Card,39,2025-08-05,237,Inactive,2,2025-01-14,Cancelled,747.33
C1749,Female,Adult,Lahore,2023-08-23,O5749,2023-11-23,Subway,Sandwich,Chinese,5,1291.19,Card,33,2025-07-12,85,Active,5,2024-12-17,Delayed,6455.95
C5151,Female,Senior,Multan,2025-01-10,O9151,2023-11-24,Subway,Sandwich,Continental,3,273.08,Wallet,32,2025-01-14,140,Inactive,2,2025-03-10,Delayed,819.24
C5854,Female,Senior,Karachi,2025-04-25,O9854,2023-11-24,Subway,Pasta,Italian,1,185.34,Cash,27,2025-08-07,313,Active,3,2024-09-16,Delayed,185.34
C1202,Female,Teenager,Karachi,2024-10-29,O5202,2023-11-24,KFC,Burger,Chinese,2,303.19,Card,17,2025-02-12,245,Active,5,2025-08-05,Delivered,606.38
C1932,Other,Senior,Islamabad,2023-10-27,O5932,2023-11-24,Pizza Hut,Burger,Continental,5,224.54,Card,9,2025-08-02,390,Inactive,2,2025-04-25,Delayed,1122.7
C4245,Female,Senior,Karachi,2023-09-05,O8245,2023-11-24,Burger King,Pasta,Fast Food,4,363.52,Cash,21,2025-07-06,158,Inactive,2,2024-08-31,Delayed,1454.08
C1994,Male,Senior,Peshawar,2024-03-31,O5994,2023-11-24,McDonald's,Pasta,Fast Food,4,903.38,Wallet,22,2025-04-22,277,Inactive,4,2024-10-11,Delivered,3613.52
C3123,Male,Adult,Islamabad,2024-12-21,O7123,2023-11-24,Burger King,Pasta,Fast Food,3,524.96,Card,3,2025-03-30,395,Active,5,2024-08-24,Cancelled,1574.88
C2717,Other,Teenager,Peshawar,2025-06-22,O6717,2023-11-24,KFC,Sandwich,Fast Food,5,1230.61,Wallet,45,2025-08-07,286,Active,5,2024-10-03,Cancelled,6153.05
C1726,Other,Adult,Karachi,2024-03-10,O5726,2023-11-24,KFC,Sandwich,Chinese,1,776.22,Cash,41,2024-09-03,212,Inactive,4,2024-10-10,Delivered,776.22
C4344,Other,Senior,Multan,2024-11-04,O8344,2023-11-24,Pizza Hut,Fries,Continental,1,643.62,Wallet,36,2025-07-29,183,Active,2,2025-03-19,Delivered,643.62
C5923,Female,Adult,Islamabad,2023-08-24,O9923,2023-11-25,KFC,Sandwich,Italian,2,667.95,Wallet,50,2024-10-04,486,Active,1,2025-02-17,Cancelled,1335.9
C2472,Female,Adult,Lahore,2024-12-26,O6472,2023-11-25,Subway,Sandwich,Fast Food,1,716.43,Cash,28,2025-02-06,240,Active,5,2024-11-17,Cancelled,716.43
C4865,Female,Senior,Peshawar,2024-12-21,O8865,2023-11-25,Burger King,Pizza,Chinese,5,1283.93,Cash,37,2025-02-21,401,Inactive,3,2024-10-09,Cancelled,6419.65
C3228,Other,Adult,Islamabad,2024-10-22,O7228,2023-11-25,Pizza Hut,Pizza,Dessert,4,1021.48,Cash,50,2025-04-24,92,Inactive,4,2024-10-22,Delayed,4085.92
C4028,Female,Senior,Lahore,2025-01-25,O8028,2023-11-25,McDonald's,Burger,Dessert,5,1338.5,Cash,2,2025-03-07,442,Inactive,3,2025-03-31,Delayed,6692.5
C2541,Male,Teenager,Multan,2024-10-07,O6541,2023-11-25,Subway,Pasta,Continental,3,1054.08,Wallet,1,2025-01-30,205,Inactive,5,2025-08-11,Cancelled,3162.24
C3743,Male,Teenager,Lahore,2024-11-05,O7743,2023-11-25,Burger King,Sandwich,Fast Food,5,208.6,Wallet,19,2025-04-29,181,Active,5,2024-12-12,Cancelled,1043.0
C1256,Male,Adult,Multan,2023-10-10,O5256,2023-11-25,Burger King,Sandwich,Italian,1,905.48,Cash,26,2024-09-24,168,Inactive,2,2025-05-22,Delayed,905.48
C1971,Female,Senior,Karachi,2024-10-21,O5971,2023-11-25,Subway,Pasta,Chinese,4,492.93,Cash,21,2025-01-07,91,Inactive,5,2025-05-05,Delivered,1971.72
C1541,Female,Teenager,Multan,2023-12-31,O5541,2023-11-25,McDonald's,Pizza,Continental,4,188.07,Wallet,7,2025-05-31,255,Inactive,1,2025-05-09,Delivered,752.28
C6595,Other,Senior,Islamabad,2023-11-28,O10595,2023-11-25,Pizza Hut,Fries,Fast Food,4,709.86,Wallet,43,2024-08-21,182,Active,4,2025-07-09,Delivered,2839.44
C5273,Other,Teenager,Karachi,2024-09-23,O9273,2023-11-25,Subway,Fries,Italian,2,1102.09,Card,11,2025-01-26,300,Active,1,2025-07-02,Delivered,2204.18
C4246,Male,Teenager,Peshawar,2024-05-08,O8246,2023-11-26,Burger King,Burger,Fast Food,3,212.72,Cash,23,2024-10-12,364,Inactive,5,2025-08-07,Delayed,638.16
C2422,Other,Teenager,Lahore,2024-05-27,O6422,2023-11-26,McDonald's,Fries,Continental,5,1261.89,Card,27,2025-04-01,40,Active,1,2025-06-18,Delayed,6309.45
C4694,Male,Teenager,Islamabad,2024-02-01,O8694,2023-11-26,KFC,Burger,Dessert,2,350.52,Wallet,45,2025-02-20,305,Active,5,2024-11-22,Delivered,701.04
C5524,Female,Teenager,Peshawar,2024-08-21,O9524,2023-11-26,Pizza Hut,Burger,Chinese,1,986.61,Card,50,2025-04-20,17,Active,5,2025-02-23,Delayed,986.61
C2483,Female,Adult,Lahore,2024-06-30,O6483,2023-11-26,McDonald's,Fries,Fast Food,4,519.17,Cash,7,2024-10-17,361,Active,1,2025-06-06,Cancelled,2076.68
C2690,Female,Adult,Lahore,2023-12-18,O6690,2023-11-26,McDonald's,Burger,Chinese,2,870.26,Card,41,2025-08-13,104,Active,2,2025-07-17,Cancelled,1740.52
C6078,Female,Senior,Multan,2024-06-22,O10078,2023-11-26,Burger King,Sandwich,Italian,5,888.96,Card,38,2025-01-11,468,Active,4,2025-05-15,Delivered,4444.8
C5744,Male,Teenager,Multan,2024-04-04,O9744,2023-11-27,KFC,Fries,Italian,5,365.33,Card,7,2024-09-10,405,Active,5,2024-10-19,Delayed,1826.65
C3930,Male,Adult,Karachi,2025-01-13,O7930,2023-11-27,Subway,Burger,Continental,2,1134.14,Card,37,2025-03-30,184,Active,4,2025-01-15,Cancelled,2268.28
C6393,Female,Senior,Multan,2025-07-04,O10393,2023-11-27,Subway,Pasta,Fast Food,5,420.66,Wallet,25,2025-07-10,221,Inactive,2,2024-10-30,Delayed,2103.3
C6842,Male,Senior,Peshawar,2024-06-15,O10842,2023-11-27,Subway,Sandwich,Dessert,2,915.56,Wallet,46,2025-02-27,37,Inactive,4,2024-09-03,Delivered,1831.12
C6249,Female,Teenager,Islamabad,2023-11-17,O10249,2023-11-27,Subway,Pizza,Italian,5,1382.13,Card,27,2024-11-13,447,Active,3,2025-06-22,Delivered,6910.65
C1293,Other,Senior,Peshawar,2024-11-22,O5293,2023-11-27,Pizza Hut,Fries,Chinese,1,741.51,Wallet,44,2025-08-10,400,Inactive,5,2024-11-23,Delivered,741.51
C1988,Other,Teenager,Islamabad,2024-08-17,O5988,2023-11-27,Pizza Hut,Burger,Continental,1,946.4,Wallet,16,2025-05-14,366,Inactive,1,2025-02-14,Delayed,946.4
C1343,Male,Senior,Peshawar,2024-01-10,O5343,2023-11-27,Subway,Pizza,Fast Food,3,934.81,Card,20,2025-05-06,296,Active,4,2025-05-18,Delivered,2804.43
C4338,Male,Adult,Multan,2025-02-03,O8338,2023-11-28,Burger King,Pasta,Italian,2,789.48,Card,50,2025-06-03,425,Inactive,1,2025-05-30,Delivered,1578.96
C4579,Female,Senior,Peshawar,2024-04-11,O8579,2023-11-28,Pizza Hut,Pasta,Continental,2,138.18,Wallet,24,2025-04-18,124,Active,2,2024-12-16,Delayed,276.36
C3298,Female,Adult,Karachi,2024-11-17,O7298,2023-11-28,Burger King,Sandwich,Dessert,3,1370.22,Wallet,19,2025-03-18,134,Active,4,2025-02-15,Delivered,4110.66
C5715,Male,Teenager,Karachi,2024-02-24,O9715,2023-11-28,KFC,Pasta,Italian,2,1452.56,Wallet,8,2025-07-14,276,Active,1,2024-10-15,Delayed,2905.12
C6281,Male,Adult,Multan,2024-08-27,O10281,2023-11-28,Burger King,Burger,Continental,5,1392.06,Cash,47,2025-04-30,213,Inactive,3,2025-01-12,Cancelled,6960.3
C5601,Female,Senior,Karachi,2024-04-13,O9601,2023-11-28,Subway,Pasta,Dessert,1,188.42,Cash,15,2025-02-05,481,Active,1,2025-03-04,Delayed,188.42
C6735,Female,Teenager,Karachi,2024-07-30,O10735,2023-11-29,Pizza Hut,Fries,Continental,2,650.44,Card,22,2025-08-03,191,Inactive,3,2024-08-24,Delivered,1300.88
C6973,Male,Senior,Islamabad,2023-08-22,O10973,2023-11-29,KFC,Pizza,Fast Food,1,433.23,Cash,26,2025-04-18,16,Active,2,2025-02-06,Delivered,433.23
C2993,Other,Adult,Karachi,2024-07-05,O6993,2023-11-29,KFC,Pasta,Fast Food,4,148.49,Cash,30,2025-04-06,370,Active,1,2025-07-13,Delivered,593.96
C3976,Female,Senior,Lahore,2024-09-23,O7976,2023-11-29,Burger King,Pasta,Chinese,2,817.75,Cash,9,2025-07-05,372,Active,4,2025-07-28,Cancelled,1635.5
C3025,Female,Senior,Multan,2025-01-11,O7025,2023-11-29,KFC,Fries,Continental,5,1172.52,Wallet,16,2025-05-11,387,Active,5,2025-03-11,Delivered,5862.6
C6949,Male,Adult,Peshawar,2024-10-09,O10949,2023-11-29,McDonald's,Pizza,Fast Food,2,1253.99,Wallet,47,2024-10-27,307,Inactive,2,2025-04-14,Cancelled,2507.98
C5462,Male,Teenager,Multan,2025-01-07,O9462,2023-11-30,Pizza Hut,Sandwich,Fast Food,2,1344.28,Wallet,43,2025-03-19,18,Active,5,2025-06-26,Delayed,2688.56
C6961,Male,Senior,Karachi,2025-02-24,O10961,2023-11-30,Subway,Sandwich,Continental,1,216.3,Wallet,30,2025-07-12,219,Active,5,2024-12-21,Delivered,216.3
C4185,Female,Teenager,Lahore,2025-04-11,O8185,2023-11-30,Pizza Hut,Fries,Italian,4,1168.25,Card,48,2025-07-16,357,Inactive,2,2024-09-12,Delivered,4673.0
C2490,Male,Senior,Multan,2024-06-13,O6490,2023-11-30,Subway,Sandwich,Continental,3,163.47,Card,30,2025-04-13,48,Inactive,1,2025-08-17,Cancelled,490.41
C6758,Other,Teenager,Multan,2023-09-09,O10758,2023-11-30,KFC,Sandwich,Continental,2,1311.95,Wallet,32,2025-08-19,358,Inactive,2,2024-12-15,Cancelled,2623.9
C5822,Female,Adult,Karachi,2023-11-22,O9822,2023-11-30,McDonald's,Pizza,Chinese,4,687.77,Cash,17,2024-12-28,2,Inactive,4,2025-06-14,Delayed,2751.08
C1365,Female,Senior,Multan,2024-10-06,O5365,2023-12-01,McDonald's,Burger,Dessert,5,117.17,Card,11,2025-04-24,281,Active,4,2025-04-20,Delivered,585.85
C3848,Other,Adult,Islamabad,2025-03-27,O7848,2023-12-01,Burger King,Pasta,Fast Food,2,253.99,Card,12,2025-07-18,353,Inactive,1,2025-08-19,Delivered,507.98
C2756,Female,Senior,Lahore,2023-10-26,O6756,2023-12-01,Subway,Pizza,Chinese,4,664.03,Wallet,5,2024-12-03,141,Active,4,2025-07-20,Delivered,2656.12
C1646,Other,Senior,Karachi,2024-08-31,O5646,2023-12-01,Subway,Fries,Italian,5,358.0,Wallet,35,2025-03-11,456,Active,2,2025-05-01,Delivered,1790.0
C1913,Other,Adult,Karachi,2024-04-05,O5913,2023-12-01,McDonald's,Pasta,Italian,1,255.52,Wallet,13,2025-07-04,44,Active,1,2025-07-29,Delivered,255.52
C5130,Other,Senior,Lahore,2024-02-18,O9130,2023-12-01,McDonald's,Pizza,Dessert,1,754.99,Wallet,48,2025-04-17,375,Active,2,2025-07-19,Cancelled,754.99
C1170,Male,Teenager,Karachi,2024-08-03,O5170,2023-12-01,Burger King,Burger,Italian,5,845.59,Cash,8,2025-04-28,146,Active,1,2024-11-29,Delivered,4227.95
C1587,Other,Senior,Multan,2024-03-28,O5587,2023-12-01,Pizza Hut,Fries,Continental,3,411.13,Card,19,2025-03-16,379,Active,4,2025-01-10,Delivered,1233.39
C2131,Other,Adult,Lahore,2023-12-28,O6131,2023-12-01,Subway,Burger,Dessert,5,1265.89,Card,3,2025-04-30,243,Active,1,2025-07-28,Delivered,6329.45
C2543,Female,Senior,Lahore,2023-12-23,O6543,2023-12-01,KFC,Pizza,Dessert,5,1029.5,Cash,15,2025-07-13,139,Inactive,1,2025-01-15,Delayed,5147.5
C6963,Male,Senior,Multan,2024-02-07,O10963,2023-12-01,McDonald's,Burger,Italian,1,561.46,Cash,19,2025-08-02,340,Inactive,1,2024-11-03,Delayed,561.46
C1215,Other,Teenager,Islamabad,2024-11-04,O5215,2023-12-01,Pizza Hut,Burger,Continental,3,260.02,Wallet,7,2025-04-03,431,Inactive,2,2025-05-09,Delivered,780.06
C5355,Female,Senior,Karachi,2024-07-24,O9355,2023-12-02,KFC,Sandwich,Fast Food,2,517.38,Wallet,25,2025-07-12,44,Inactive,4,2024-11-17,Delayed,1034.76
C4659,Female,Adult,Karachi,2025-01-18,O8659,2023-12-02,KFC,Fries,Chinese,2,1332.67,Cash,10,2025-04-04,492,Active,4,2025-03-19,Delayed,2665.34
C4248,Male,Teenager,Peshawar,2024-11-13,O8248,2023-12-02,McDonald's,Burger,Dessert,1,690.62,Wallet,36,2025-04-21,352,Inactive,5,2025-06-16,Delayed,690.62
C6337,Male,Senior,Lahore,2023-11-09,O10337,2023-12-02,KFC,Fries,Dessert,3,866.31,Card,22,2025-05-15,165,Inactive,2,2025-06-01,Delayed,2598.93
C3335,Male,Adult,Karachi,2024-06-27,O7335,2023-12-02,Pizza Hut,Fries,Chinese,2,604.46,Wallet,18,2024-09-27,222,Inactive,5,2025-06-15,Cancelled,1208.92
C4996,Other,Teenager,Multan,2024-11-06,O8996,2023-12-02,KFC,Fries,Dessert,3,400.38,Wallet,32,2025-07-20,264,Active,3,2024-09-01,Delivered,1201.14
C1376,Female,Senior,Peshawar,2025-02-07,O5376,2023-12-02,KFC,Sandwich,Dessert,1,1286.78,Card,14,2025-08-03,382,Inactive,3,2025-02-27,Delayed,1286.78
C1380,Other,Teenager,Lahore,2024-05-22,O5380,2023-12-02,Burger King,Pasta,Chinese,4,1021.47,Card,6,2025-07-07,35,Inactive,2,2025-05-26,Cancelled,4085.88
C4255,Other,Teenager,Multan,2023-09-15,O8255,2023-12-02,Burger King,Pasta,Chinese,3,192.0,Card,43,2024-12-17,261,Inactive,4,2025-03-09,Cancelled,576.0
C5096,Male,Adult,Islamabad,2024-08-23,O9096,2023-12-02,Burger King,Burger,Continental,3,369.14,Cash,48,2024-11-29,231,Inactive,1,2025-05-24,Delayed,1107.42
C2177,Male,Teenager,Peshawar,2023-09-23,O6177,2023-12-02,Pizza Hut,Pizza,Chinese,2,1356.06,Wallet,14,2025-06-14,436,Active,2,2024-11-19,Cancelled,2712.12
C5112,Other,Adult,Lahore,2023-12-12,O9112,2023-12-03,Subway,Burger,Dessert,5,149.78,Card,23,2025-06-15,482,Inactive,5,2024-09-18,Cancelled,748.9
C4679,Male,Senior,Peshawar,2025-03-23,O8679,2023-12-03,Pizza Hut,Sandwich,Chinese,4,1397.34,Cash,10,2025-04-16,208,Inactive,3,2025-01-28,Delayed,5589.36
C4794,Other,Adult,Multan,2025-01-21,O8794,2023-12-03,Burger King,Pizza,Dessert,1,143.03,Card,32,2025-08-15,179,Active,5,2025-02-28,Cancelled,143.03
C4625,Female,Adult,Peshawar,2025-04-29,O8625,2023-12-03,Pizza Hut,Pizza,Chinese,1,531.32,Card,38,2025-05-15,17,Active,4,2025-05-05,Delayed,531.32
C5528,Male,Adult,Karachi,2023-12-06,O9528,2023-12-03,Burger King,Pasta,Italian,3,1228.56,Cash,17,2025-05-15,458,Inactive,2,2025-05-20,Cancelled,3685.68
C1667,Other,Adult,Islamabad,2024-10-05,O5667,2023-12-03,KFC,Pizza,Chinese,4,1066.14,Wallet,49,2025-06-01,303,Inactive,5,2025-03-21,Delivered,4264.56
C4258,Male,Senior,Multan,2025-03-27,O8258,2023-12-03,Burger King,Burger,Fast Food,3,1049.62,Cash,48,2025-08-01,97,Active,1,2025-07-27,Delivered,3148.86
C1654,Male,Adult,Multan,2024-01-03,O5654,2023-12-03,Subway,Pizza,Fast Food,5,922.78,Cash,1,2025-02-03,99,Inactive,1,2025-06-24,Delayed,4613.9
C5176,Male,Adult,Lahore,2025-01-10,O9176,2023-12-03,KFC,Fries,Italian,5,389.74,Card,6,2025-03-29,288,Inactive,2,2024-11-02,Cancelled,1948.7
C3729,Other,Senior,Lahore,2024-06-03,O7729,2023-12-03,Pizza Hut,Pasta,Dessert,4,1479.68,Card,29,2024-09-10,59,Active,1,2025-07-29,Delayed,5918.72
C6479,Male,Adult,Multan,2024-05-13,O10479,2023-12-03,Pizza Hut,Fries,Fast Food,2,311.55,Wallet,48,2025-01-25,320,Active,1,2025-01-17,Cancelled,623.1
C6507,Other,Teenager,Karachi,2023-12-16,O10507,2023-12-03,Pizza Hut,Burger,Fast Food,5,1198.52,Card,50,2025-05-18,425,Inactive,2,2025-05-20,Delayed,5992.6
C4650,Other,Adult,Islamabad,2024-02-16,O8650,2023-12-03,Subway,Fries,Fast Food,1,842.48,Card,26,2025-04-24,273,Inactive,3,2024-12-25,Delivered,842.48
C1399,Female,Teenager,Karachi,2024-08-10,O5399,2023-12-03,McDonald's,Sandwich,Continental,4,1236.0,Wallet,2,2024-09-23,11,Inactive,2,2025-03-12,Cancelled,4944.0
C2681,Female,Teenager,Lahore,2024-03-02,O6681,2023-12-03,Burger King,Burger,Fast Food,3,894.61,Card,5,2025-06-20,29,Active,1,2024-09-25,Delayed,2683.83
C6747,Other,Adult,Peshawar,2023-11-16,O10747,2023-12-03,KFC,Pizza,Continental,4,1221.1,Wallet,48,2025-01-31,289,Active,2,2025-02-19,Cancelled,4884.4
C6964,Male,Teenager,Islamabad,2023-09-21,O10964,2023-12-04,McDonald's,Sandwich,Fast Food,2,295.31,Cash,26,2025-03-24,194,Active,2,2024-12-01,Cancelled,590.62
C1692,Other,Adult,Lahore,2024-03-09,O5692,2023-12-04,Subway,Fries,Dessert,3,221.52,Cash,38,2025-03-12,92,Active,3,2025-07-31,Delayed,664.56
C5242,Female,Senior,Multan,2024-11-19,O9242,2023-12-04,Pizza Hut,Pizza,Continental,5,943.46,Cash,41,2025-07-14,74,Active,2,2024-10-31,Delivered,4717.3
C2676,Female,Teenager,Lahore,2025-01-01,O6676,2023-12-04,McDonald's,Pasta,Chinese,4,922.51,Cash,34,2025-05-07,61,Active,4,2024-11-14,Cancelled,3690.04
C4583,Other,Senior,Peshawar,2024-09-04,O8583,2023-12-04,KFC,Burger,Chinese,2,1207.81,Card,20,2025-02-28,217,Inactive,4,2025-04-26,Delayed,2415.62
C4190,Male,Adult,Peshawar,2025-01-28,O8190,2023-12-04,Pizza Hut,Pizza,Continental,5,1028.29,Cash,31,2025-07-08,52,Active,1,2025-01-13,Cancelled,5141.45
C5442,Male,Teenager,Islamabad,2024-10-08,O9442,2023-12-04,Burger King,Sandwich,Continental,4,1470.67,Wallet,4,2024-10-31,5,Active,2,2024-10-28,Cancelled,5882.68
C6228,Male,Adult,Multan,2025-02-09,O10228,2023-12-04,McDonald's,Sandwich,Fast Food,3,1173.97,Cash,23,2025-07-16,423,Inactive,2,2025-03-22,Delivered,3521.91
C3099,Other,Adult,Karachi,2024-06-03,O7099,2023-12-04,Burger King,Pasta,Fast Food,5,1403.15,Wallet,18,2025-03-20,391,Inactive,5,2025-02-06,Delayed,7015.75
C4931,Male,Senior,Peshawar,2024-10-24,O8931,2023-12-04,Pizza Hut,Sandwich,Chinese,2,693.55,Card,50,2025-07-19,356,Inactive,2,2024-12-18,Delivered,1387.1
C3653,Male,Senior,Lahore,2025-07-16,O7653,2023-12-04,Burger King,Sandwich,Italian,3,235.82,Card,46,2025-07-24,222,Inactive,4,2025-03-02,Cancelled,707.46
C2917,Female,Teenager,Multan,2024-11-18,O6917,2023-12-05,Pizza Hut,Burger,Italian,2,535.84,Cash,12,2025-05-06,221,Inactive,3,2025-06-14,Cancelled,1071.68
C1611,Female,Senior,Multan,2023-09-01,O5611,2023-12-05,KFC,Sandwich,Dessert,3,323.41,Card,17,2025-06-08,420,Active,2,2025-07-25,Delivered,970.23
C4263,Other,Teenager,Lahore,2024-08-28,O8263,2023-12-05,Burger King,Sandwich,Fast Food,2,341.27,Wallet,23,2025-04-19,471,Inactive,3,2025-02-06,Delayed,682.54
C4906,Female,Adult,Lahore,2023-08-30,O8906,2023-12-05,KFC,Burger,Chinese,1,1429.2,Wallet,18,2025-04-26,15,Inactive,2,2025-04-21,Delivered,1429.2
C3901,Other,Senior,Karachi,2024-09-24,O7901,2023-12-05,Burger King,Burger,Fast Food,3,1030.23,Card,27,2024-11-05,50,Active,1,2025-03-15,Delayed,3090.69
C4945,Male,Teenager,Peshawar,2024-09-26,O8945,2023-12-06,Pizza Hut,Pizza,Dessert,4,710.18,Wallet,10,2025-07-03,332,Active,3,2025-03-06,Delayed,2840.72
C2696,Other,Teenager,Peshawar,2025-04-26,O6696,2023-12-06,Subway,Pizza,Italian,3,1483.1,Card,47,2025-07-08,255,Active,1,2025-07-25,Delivered,4449.3
C2775,Other,Teenager,Islamabad,2024-05-24,O6775,2023-12-06,Pizza Hut,Fries,Dessert,5,615.23,Wallet,21,2025-04-06,351,Inactive,3,2025-03-03,Delayed,3076.15
C3758,Male,Senior,Multan,2023-12-22,O7758,2023-12-06,Subway,Fries,Fast Food,3,675.16,Cash,1,2025-02-25,317,Inactive,1,2025-07-28,Cancelled,2025.48
C6351,Male,Teenager,Islamabad,2025-02-16,O10351,2023-12-06,Pizza Hut,Pasta,Fast Food,3,339.72,Card,49,2025-05-07,119,Inactive,3,2025-01-20,Delayed,1019.16
C2576,Other,Teenager,Karachi,2023-12-21,O6576,2023-12-06,Burger King,Pasta,Italian,3,1107.19,Wallet,33,2024-12-13,238,Active,2,2025-03-19,Delayed,3321.57
C1437,Male,Adult,Islamabad,2024-08-25,O5437,2023-12-07,McDonald's,Sandwich,Fast Food,5,888.25,Wallet,35,2025-07-10,179,Inactive,1,2025-08-08,Cancelled,4441.25
C2145,Female,Senior,Karachi,2023-12-29,O6145,2023-12-07,KFC,Pasta,Italian,2,1359.53,Wallet,50,2025-04-12,118,Active,1,2025-01-24,Delayed,2719.06
C2366,Other,Senior,Multan,2024-12-23,O6366,2023-12-07,Pizza Hut,Sandwich,Chinese,5,1316.66,Card,5,2025-06-23,58,Active,1,2025-05-05,Delivered,6583.3
C4824,Other,Adult,Islamabad,2024-10-18,O8824,2023-12-07,Pizza Hut,Burger,Italian,4,278.55,Cash,45,2025-05-22,280,Inactive,1,2024-12-23,Delivered,1114.2
C5638,Other,Teenager,Karachi,2025-04-29,O9638,2023-12-07,Subway,Sandwich,Continental,2,425.46,Card,18,2025-07-26,27,Inactive,5,2024-12-29,Delayed,850.92
C1482,Male,Teenager,Peshawar,2023-09-26,O5482,2023-12-07,McDonald's,Burger,Continental,3,1191.54,Wallet,11,2024-12-21,71,Active,3,2024-10-30,Delayed,3574.62
C1567,Other,Senior,Peshawar,2025-01-30,O5567,2023-12-07,Subway,Sandwich,Italian,1,1238.38,Cash,6,2025-08-11,302,Inactive,3,2024-09-03,Delivered,1238.38
C5655,Other,Senior,Peshawar,2025-03-13,O9655,2023-12-07,McDonald's,Pasta,Fast Food,5,1318.63,Cash,48,2025-03-26,1,Active,2,2024-12-05,Cancelled,6593.15
C5622,Female,Teenager,Islamabad,2024-08-23,O9622,2023-12-07,KFC,Pizza,Dessert,5,196.6,Cash,4,2025-05-23,284,Active,2,2024-11-23,Cancelled,983.0
C2463,Other,Teenager,Islamabad,2024-11-20,O6463,2023-12-08,Burger King,Sandwich,Italian,1,1087.2,Wallet,48,2025-02-11,77,Active,4,2025-01-06,Delayed,1087.2
C1705,Other,Senior,Lahore,2024-12-08,O5705,2023-12-08,Subway,Burger,Dessert,1,1024.15,Wallet,20,2024-12-10,93,Active,4,2025-04-02,Delayed,1024.15
C1709,Other,Teenager,Multan,2024-08-19,O5709,2023-12-08,McDonald's,Sandwich,Dessert,1,340.04,Card,2,2025-03-25,455,Active,4,2025-06-25,Delayed,340.04
C6672,Female,Teenager,Peshawar,2024-03-14,O10672,2023-12-08,Pizza Hut,Sandwich,Italian,5,887.7,Cash,2,2024-12-17,438,Inactive,1,2025-01-06,Delivered,4438.5
C3329,Female,Teenager,Islamabad,2024-08-28,O7329,2023-12-08,KFC,Pizza,Italian,5,1094.39,Cash,15,2024-09-11,146,Inactive,4,2025-07-16,Delivered,5471.95
C5520,Male,Adult,Lahore,2025-08-05,O9520,2023-12-08,McDonald's,Pasta,Chinese,4,379.47,Wallet,36,2025-08-17,65,Active,2,2024-09-26,Cancelled,1517.88
C6197,Male,Teenager,Multan,2023-09-07,O10197,2023-12-08,Pizza Hut,Sandwich,Continental,1,473.14,Card,30,2024-11-12,464,Active,2,2025-02-06,Delivered,473.14
C1056,Female,Adult,Lahore,2023-11-27,O5056,2023-12-08,Burger King,Pizza,Dessert,4,1025.55,Wallet,26,2024-09-30,393,Active,3,2024-09-22,Cancelled,4102.2
C3597,Other,Adult,Peshawar,2023-11-19,O7597,2023-12-08,Burger King,Fries,Dessert,3,101.75,Cash,43,2025-01-29,140,Active,1,2025-06-09,Cancelled,305.25
C4162,Male,Adult,Lahore,2024-06-04,O8162,2023-12-08,Subway,Pizza,Fast Food,4,456.41,Wallet,48,2024-10-08,317,Inactive,3,2025-01-15,Cancelled,1825.64
C2625,Other,Teenager,Multan,2025-03-09,O6625,2023-12-08,Pizza Hut,Pasta,Continental,5,619.07,Card,39,2025-08-02,326,Active,1,2025-04-15,Delayed,3095.35
C5261,Male,Teenager,Karachi,2024-11-01,O9261,2023-12-08,KFC,Burger,Continental,2,1394.64,Cash,36,2025-02-03,425,Inactive,1,2025-02-06,Cancelled,2789.28
C2159,Female,Senior,Lahore,2024-04-20,O6159,2023-12-08,Pizza Hut,Fries,Italian,2,344.6,Cash,48,2025-08-08,466,Inactive,5,2025-06-15,Delivered,689.2
C5745,Male,Teenager,Karachi,2023-11-21,O9745,2023-12-09,Subway,Pizza,Chinese,4,1184.3,Wallet,13,2024-09-04,331,Inactive,1,2024-10-22,Delivered,4737.2
C6662,Female,Teenager,Multan,2024-04-11,O10662,2023-12-09,Subway,Pizza,Continental,4,1081.78,Wallet,24,2025-06-28,185,Active,3,2025-07-09,Delivered,4327.12
C2647,Other,Adult,Lahore,2024-02-22,O6647,2023-12-09,McDonald's,Pizza,Dessert,4,973.21,Cash,31,2025-04-09,314,Inactive,2,2025-08-02,Delivered,3892.84
C2496,Female,Senior,Islamabad,2023-09-08,O6496,2023-12-09,KFC,Pizza,Italian,4,1034.86,Card,42,2025-06-10,310,Active,5,2025-06-13,Delayed,4139.44
C1746,Female,Senior,Peshawar,2024-12-30,O5746,2023-12-09,McDonald's,Fries,Continental,1,437.22,Wallet,48,2025-06-04,88,Active,2,2024-11-24,Cancelled,437.22
C3399,Other,Adult,Islamabad,2025-05-27,O7399,2023-12-09,KFC,Fries,Italian,3,966.26,Card,10,2025-07-17,285,Active,4,2024-09-30,Delayed,2898.78
C4841,Male,Senior,Islamabad,2023-09-05,O8841,2023-12-09,Subway,Sandwich,Dessert,1,654.21,Cash,2,2024-12-19,75,Inactive,5,2025-01-26,Cancelled,654.21
C4739,Male,Senior,Karachi,2025-01-20,O8739,2023-12-09,Pizza Hut,Fries,Chinese,5,948.06,Cash,10,2025-05-16,193,Active,1,2025-04-05,Delivered,4740.3
C6481,Other,Senior,Islamabad,2024-11-27,O10481,2023-12-09,KFC,Sandwich,Dessert,4,1222.03,Wallet,50,2025-05-07,391,Inactive,5,2024-10-22,Delivered,4888.12
C3352,Other,Adult,Karachi,2024-04-15,O7352,2023-12-10,Burger King,Fries,Dessert,5,1131.6,Cash,4,2024-11-04,498,Inactive,5,2025-05-25,Delivered,5658.0
C6852,Female,Adult,Multan,2025-06-17,O10852,2023-12-10,Burger King,Burger,Fast Food,5,172.02,Card,20,2025-06-18,254,Active,3,2025-03-23,Cancelled,860.1
C2895,Other,Senior,Islamabad,2023-11-10,O6895,2023-12-10,Burger King,Fries,Fast Food,1,714.28,Wallet,41,2024-10-14,444,Inactive,2,2025-07-14,Cancelled,714.28
C2811,Female,Senior,Peshawar,2024-06-20,O6811,2023-12-11,Subway,Pizza,Dessert,5,903.75,Wallet,26,2024-12-23,270,Active,1,2024-11-08,Cancelled,4518.75
C4653,Male,Senior,Peshawar,2023-11-02,O8653,2023-12-11,McDonald's,Pasta,Chinese,2,738.11,Cash,18,2025-05-04,52,Active,4,2025-08-06,Delayed,1476.22
C2498,Male,Teenager,Multan,2023-11-16,O6498,2023-12-11,KFC,Pizza,Continental,5,1200.74,Cash,13,2025-07-31,351,Active,3,2024-10-26,Cancelled,6003.7
C6082,Female,Senior,Peshawar,2024-08-09,O10082,2023-12-11,Subway,Pizza,Chinese,5,706.37,Wallet,39,2025-01-16,431,Inactive,2,2025-07-15,Delivered,3531.85
C3506,Other,Senior,Islamabad,2024-09-19,O7506,2023-12-11,KFC,Burger,Continental,2,569.09,Cash,18,2025-01-23,107,Active,2,2025-03-30,Cancelled,1138.18
C5688,Female,Senior,Lahore,2024-07-10,O9688,2023-12-11,Subway,Pizza,Dessert,1,1247.88,Wallet,36,2024-09-06,465,Active,2,2025-08-06,Delayed,1247.88
C3836,Other,Adult,Multan,2024-11-09,O7836,2023-12-11,McDonald's,Pizza,Continental,5,1043.07,Wallet,43,2025-02-04,401,Active,4,2024-09-26,Cancelled,5215.35
C4593,Male,Teenager,Islamabad,2023-12-20,O8593,2023-12-12,KFC,Pasta,Continental,2,512.23,Wallet,6,2024-12-02,498,Inactive,2,2024-11-18,Delivered,1024.46
C5529,Female,Teenager,Multan,2024-06-18,O9529,2023-12-12,KFC,Fries,Chinese,2,1207.8,Cash,12,2024-10-02,452,Inactive,4,2025-04-15,Delayed,2415.6
C4921,Other,Teenager,Peshawar,2025-02-08,O8921,2023-12-12,Pizza Hut,Pizza,Dessert,1,536.5,Card,24,2025-06-06,494,Active,2,2024-10-27,Cancelled,536.5
C2172,Male,Teenager,Peshawar,2023-12-25,O6172,2023-12-12,Pizza Hut,Sandwich,Italian,2,221.28,Cash,19,2024-11-10,13,Inactive,4,2025-07-02,Delivered,442.56
C5198,Male,Senior,Peshawar,2025-01-21,O9198,2023-12-12,Pizza Hut,Sandwich,Dessert,5,914.7,Wallet,47,2025-02-05,378,Active,5,2025-05-24,Cancelled,4573.5
C3890,Female,Teenager,Peshawar,2023-09-25,O7890,2023-12-12,Subway,Pasta,Italian,3,1302.78,Cash,21,2025-06-27,238,Active,1,2024-09-11,Delayed,3908.34
C1029,Male,Senior,Peshawar,2024-05-08,O5029,2023-12-12,KFC,Pizza,Chinese,4,676.24,Card,42,2025-04-25,109,Inactive,1,2025-05-02,Cancelled,2704.96
C6459,Female,Senior,Peshawar,2024-01-02,O10459,2023-12-12,Burger King,Burger,Chinese,4,960.55,Cash,19,2025-06-20,67,Inactive,5,2025-04-20,Delayed,3842.2
C4074,Male,Adult,Karachi,2024-09-25,O8074,2023-12-13,Burger King,Pizza,Chinese,5,597.89,Wallet,47,2025-01-29,104,Active,4,2025-05-31,Cancelled,2989.45
C2883,Other,Adult,Peshawar,2024-10-26,O6883,2023-12-13,McDonald's,Pasta,Chinese,3,263.85,Card,31,2025-04-16,491,Inactive,1,2025-02-13,Cancelled,791.55
C1704,Other,Adult,Karachi,2024-05-05,O5704,2023-12-13,KFC,Pizza,Italian,1,674.19,Wallet,30,2024-11-24,265,Inactive,1,2024-08-30,Delayed,674.19
C5269,Female,Adult,Lahore,2025-07-10,O9269,2023-12-13,Subway,Pasta,Continental,1,764.38,Card,7,2025-07-23,314,Active,2,2025-07-24,Delivered,764.38
C2202,Other,Teenager,Karachi,2024-09-27,O6202,2023-12-13,Burger King,Pasta,Continental,1,1166.57,Card,41,2025-01-12,457,Active,3,2025-07-13,Delivered,1166.57
C4541,Other,Senior,Lahore,2024-11-18,O8541,2023-12-13,Subway,Pasta,Dessert,1,1473.49,Wallet,48,2025-08-13,398,Active,4,2025-01-30,Delayed,1473.49
C2156,Other,Adult,Lahore,2023-12-13,O6156,2023-12-14,Burger King,Pizza,Dessert,3,666.56,Wallet,33,2024-10-21,141,Inactive,4,2024-10-23,Delayed,1999.68
C5762,Female,Adult,Islamabad,2024-11-07,O9762,2023-12-14,McDonald's,Burger,Dessert,2,1372.06,Wallet,8,2025-07-01,372,Active,2,2025-05-16,Delivered,2744.12
C4964,Other,Senior,Multan,2025-02-21,O8964,2023-12-14,Burger King,Fries,Italian,1,733.1,Card,22,2025-06-17,226,Inactive,2,2025-07-16,Cancelled,733.1
C4928,Female,Senior,Karachi,2025-03-08,O8928,2023-12-14,Burger King,Pizza,Dessert,1,978.87,Cash,42,2025-04-15,171,Inactive,5,2025-01-01,Delayed,978.87
C1469,Other,Adult,Lahore,2024-12-05,O5469,2023-12-14,Burger King,Pizza,Chinese,4,493.28,Cash,9,2025-04-19,276,Active,1,2025-07-15,Delivered,1973.12
C6748,Other,Senior,Multan,2024-11-01,O10748,2023-12-14,McDonald's,Fries,Italian,2,1348.5,Wallet,11,2025-05-12,164,Active,1,2025-04-02,Delayed,2697.0
C3857,Male,Senior,Peshawar,2024-12-03,O7857,2023-12-14,McDonald's,Pizza,Italian,3,1011.6,Wallet,24,2025-04-09,423,Active,3,2025-05-12,Delivered,3034.8
C3105,Male,Senior,Multan,2024-05-18,O7105,2023-12-14,Subway,Sandwich,Continental,2,899.22,Card,17,2025-03-30,48,Inactive,1,2024-10-26,Delayed,1798.44
C4647,Male,Senior,Islamabad,2025-03-21,O8647,2023-12-14,McDonald's,Fries,Fast Food,5,1126.85,Card,46,2025-07-03,395,Active,3,2024-11-20,Delivered,5634.25
C5144,Other,Teenager,Lahore,2024-07-25,O9144,2023-12-15,Pizza Hut,Pasta,Dessert,2,607.51,Card,19,2025-03-09,88,Active,4,2025-07-04,Cancelled,1215.02
C4684,Other,Senior,Karachi,2024-07-14,O8684,2023-12-15,McDonald's,Pasta,Dessert,5,1255.39,Cash,29,2025-06-30,120,Active,4,2025-04-05,Delivered,6276.95
C6509,Male,Senior,Karachi,2023-12-01,O10509,2023-12-15,Burger King,Pasta,Italian,1,1263.39,Cash,40,2024-11-27,468,Inactive,5,2024-08-31,Delayed,1263.39
C4238,Female,Adult,Karachi,2024-02-29,O8238,2023-12-15,McDonald's,Pasta,Italian,2,354.1,Card,15,2025-01-15,3,Active,5,2025-08-08,Delayed,708.2
C5436,Male,Senior,Lahore,2025-01-30,O9436,2023-12-15,KFC,Pizza,Continental,5,640.33,Cash,44,2025-06-12,74,Inactive,2,2025-05-09,Delayed,3201.65
C5275,Male,Senior,Islamabad,2025-02-06,O9275,2023-12-15,Subway,Pasta,Continental,2,197.02,Card,36,2025-02-26,96,Inactive,4,2024-11-20,Delivered,394.04
C6323,Other,Adult,Lahore,2023-12-22,O10323,2023-12-15,Subway,Sandwich,Chinese,5,1335.07,Wallet,49,2025-01-15,0,Inactive,2,2025-02-28,Delivered,6675.35
C1773,Male,Teenager,Lahore,2023-12-23,O5773,2023-12-15,KFC,Pasta,Fast Food,2,1081.15,Card,12,2025-08-18,141,Active,5,2025-01-28,Delivered,2162.3
C6811,Other,Teenager,Islamabad,2024-05-21,O10811,2023-12-16,Subway,Pizza,Dessert,4,652.01,Wallet,28,2025-06-15,147,Active,4,2024-12-08,Cancelled,2608.04
C5530,Male,Senior,Islamabad,2024-05-25,O9530,2023-12-16,McDonald's,Pasta,Continental,5,185.16,Card,46,2025-08-20,305,Inactive,3,2024-10-28,Delayed,925.8
C2593,Male,Adult,Lahore,2024-10-01,O6593,2023-12-16,McDonald's,Burger,Fast Food,1,588.86,Cash,31,2025-02-12,471,Inactive,3,2025-02-14,Delivered,588.86
C3287,Other,Teenager,Multan,2024-04-26,O7287,2023-12-16,KFC,Sandwich,Dessert,1,1464.61,Card,15,2024-12-11,455,Inactive,4,2025-07-22,Delivered,1464.61
C2016,Other,Teenager,Islamabad,2023-10-12,O6016,2023-12-16,McDonald's,Fries,Fast Food,2,1169.64,Card,26,2024-11-27,306,Inactive,4,2025-08-01,Cancelled,2339.28
C1358,Female,Adult,Multan,2024-11-01,O5358,2023-12-16,KFC,Fries,Continental,5,1085.21,Wallet,20,2025-03-18,245,Inactive,1,2025-07-24,Cancelled,5426.05
C2432,Other,Senior,Lahore,2024-08-13,O6432,2023-12-16,Burger King,Pasta,Chinese,5,567.93,Wallet,44,2024-12-24,342,Active,1,2025-07-23,Cancelled,2839.65
C6306,Male,Adult,Karachi,2024-09-18,O10306,2023-12-17,McDonald's,Pizza,Italian,4,1442.2,Wallet,5,2025-03-16,294,Inactive,4,2025-04-24,Delivered,5768.8
C2297,Male,Adult,Multan,2024-07-13,O6297,2023-12-17,KFC,Burger,Continental,2,542.11,Cash,16,2024-08-31,176,Active,5,2024-12-25,Cancelled,1084.22
C6822,Female,Teenager,Lahore,2024-06-14,O10822,2023-12-17,Pizza Hut,Pizza,Continental,4,340.33,Cash,28,2024-12-11,433,Active,4,2025-03-11,Delivered,1361.32
C2348,Male,Teenager,Multan,2024-08-04,O6348,2023-12-17,Pizza Hut,Sandwich,Dessert,1,963.34,Wallet,1,2025-02-13,110,Active,2,2025-01-30,Cancelled,963.34
C3993,Male,Teenager,Lahore,2023-10-22,O7993,2023-12-17,KFC,Pasta,Chinese,3,1285.26,Cash,46,2025-04-05,225,Inactive,4,2025-05-09,Delayed,3855.78
C2100,Male,Teenager,Islamabad,2023-11-04,O6100,2023-12-17,Burger King,Sandwich,Dessert,3,264.95,Wallet,21,2024-09-05,353,Inactive,4,2024-11-16,Delivered,794.85
C5915,Male,Adult,Peshawar,2024-12-28,O9915,2023-12-17,KFC,Pasta,Dessert,4,1189.61,Cash,33,2025-02-11,461,Active,4,2024-10-13,Delayed,4758.44
C5407,Other,Teenager,Multan,2024-10-04,O9407,2023-12-17,Pizza Hut,Pizza,Italian,4,875.31,Cash,21,2025-06-14,222,Active,5,2024-12-13,Delivered,3501.24
C6374,Male,Senior,Peshawar,2024-10-09,O10374,2023-12-18,KFC,Fries,Italian,4,394.67,Card,11,2025-06-12,253,Active,2,2024-08-29,Cancelled,1578.68
C3366,Male,Teenager,Islamabad,2024-05-24,O7366,2023-12-18,Burger King,Fries,Continental,4,219.96,Cash,37,2025-08-07,494,Inactive,1,2025-07-05,Delivered,879.84
C3592,Female,Senior,Lahore,2024-07-30,O7592,2023-12-18,Subway,Fries,Continental,3,431.04,Cash,44,2025-05-03,143,Active,1,2025-01-21,Cancelled,1293.12
C5388,Other,Senior,Karachi,2024-10-29,O9388,2023-12-18,Pizza Hut,Fries,Chinese,2,1484.22,Cash,50,2024-11-22,224,Active,1,2025-06-09,Delivered,2968.44
C4269,Female,Adult,Multan,2023-09-27,O8269,2023-12-18,Subway,Fries,Dessert,4,330.26,Cash,24,2025-01-22,183,Active,5,2025-03-04,Delivered,1321.04
C5237,Male,Teenager,Karachi,2024-01-02,O9237,2023-12-18,KFC,Burger,Dessert,3,1120.83,Wallet,11,2025-02-19,172,Active,3,2025-06-28,Delivered,3362.49
C6868,Female,Teenager,Peshawar,2024-11-04,O10868,2023-12-18,Pizza Hut,Pizza,Continental,5,140.43,Card,8,2024-12-10,8,Active,2,2024-10-15,Delivered,702.15
C4347,Female,Teenager,Karachi,2024-12-20,O8347,2023-12-18,KFC,Pasta,Fast Food,1,1346.57,Wallet,11,2025-06-16,205,Active,2,2025-03-08,Cancelled,1346.57
C4140,Other,Senior,Multan,2024-08-29,O8140,2023-12-19,Pizza Hut,Burger,Continental,3,113.5,Wallet,16,2025-03-02,284,Active,2,2024-12-13,Cancelled,340.5
C6391,Female,Adult,Lahore,2023-12-03,O10391,2023-12-19,KFC,Sandwich,Chinese,2,707.06,Wallet,12,2025-04-15,217,Active,1,2025-05-05,Cancelled,1414.12
C5720,Female,Senior,Islamabad,2024-11-07,O9720,2023-12-19,Burger King,Fries,Fast Food,5,1024.33,Wallet,43,2025-07-16,424,Active,4,2025-01-18,Delivered,5121.65
C4276,Male,Teenager,Lahore,2025-08-03,O8276,2023-12-19,Pizza Hut,Sandwich,Dessert,1,194.63,Wallet,8,2025-08-15,302,Inactive,4,2025-02-17,Cancelled,194.63
C2644,Male,Teenager,Islamabad,2025-07-18,O6644,2023-12-19,McDonald's,Fries,Dessert,2,952.38,Wallet,49,2025-07-19,30,Active,4,2024-12-20,Delivered,1904.76
C3436,Other,Senior,Peshawar,2024-06-28,O7436,2023-12-19,KFC,Pasta,Continental,4,999.02,Wallet,13,2024-09-15,58,Active,2,2024-10-27,Delivered,3996.08
C4189,Other,Adult,Multan,2024-01-14,O8189,2023-12-19,McDonald's,Pizza,Fast Food,2,314.19,Card,2,2025-06-27,55,Active,1,2024-10-20,Delayed,628.38
C6435,Female,Senior,Lahore,2025-07-02,O10435,2023-12-19,Burger King,Pasta,Fast Food,5,241.36,Card,26,2025-07-17,321,Inactive,4,2024-08-22,Cancelled,1206.8
C6117,Male,Teenager,Multan,2025-02-08,O10117,2023-12-20,KFC,Pizza,Italian,5,1446.48,Cash,22,2025-07-02,278,Inactive,4,2024-08-24,Delivered,7232.4
C1341,Other,Teenager,Peshawar,2023-09-12,O5341,2023-12-20,Burger King,Pizza,Continental,3,909.53,Wallet,29,2024-11-27,337,Active,4,2025-05-15,Cancelled,2728.59
C2682,Male,Teenager,Karachi,2024-11-10,O6682,2023-12-20,Pizza Hut,Pasta,Dessert,3,1484.83,Card,33,2025-07-30,398,Active,2,2025-01-11,Delivered,4454.49
C2153,Female,Teenager,Peshawar,2024-04-26,O6153,2023-12-20,Burger King,Sandwich,Chinese,1,1163.85,Card,4,2024-09-16,77,Inactive,3,2025-07-31,Delayed,1163.85
C2517,Male,Adult,Peshawar,2025-01-16,O6517,2023-12-20,Burger King,Fries,Chinese,4,1245.88,Card,12,2025-08-16,123,Inactive,1,2025-07-07,Delivered,4983.52
C1398,Female,Senior,Islamabad,2024-05-20,O5398,2023-12-20,McDonald's,Fries,Dessert,4,1045.95,Card,38,2025-05-23,87,Active,2,2024-10-27,Delayed,4183.8
C2946,Other,Adult,Lahore,2025-03-14,O6946,2023-12-21,Subway,Sandwich,Continental,3,567.24,Wallet,27,2025-04-29,197,Active,5,2025-03-17,Cancelled,1701.72
C2470,Female,Teenager,Multan,2024-10-22,O6470,2023-12-21,Burger King,Pasta,Italian,4,1180.47,Cash,15,2025-04-28,421,Inactive,5,2025-01-21,Delayed,4721.88
C4056,Other,Adult,Karachi,2024-08-04,O8056,2023-12-21,KFC,Pasta,Fast Food,4,1096.58,Wallet,11,2025-04-11,96,Active,2,2025-02-25,Delivered,4386.32
C3562,Male,Adult,Lahore,2024-02-11,O7562,2023-12-21,KFC,Sandwich,Continental,1,784.64,Wallet,25,2025-07-21,31,Active,1,2025-01-12,Cancelled,784.64
C6227,Other,Teenager,Lahore,2023-10-04,O10227,2023-12-21,Burger King,Sandwich,Continental,2,1237.08,Cash,26,2025-07-27,124,Active,5,2024-12-28,Delayed,2474.16
C4253,Other,Teenager,Karachi,2024-09-22,O8253,2023-12-21,McDonald's,Sandwich,Continental,1,612.07,Cash,32,2024-10-22,388,Active,3,2025-07-21,Cancelled,612.07
C5428,Other,Teenager,Multan,2024-07-04,O9428,2023-12-21,McDonald's,Burger,Dessert,1,779.98,Cash,15,2024-11-02,353,Active,3,2025-06-14,Delivered,779.98
C1018,Female,Adult,Islamabad,2025-01-31,O5018,2023-12-21,Burger King,Sandwich,Fast Food,2,475.15,Card,1,2025-05-24,92,Inactive,1,2024-10-15,Cancelled,950.3
C2559,Other,Teenager,Multan,2024-07-29,O6559,2023-12-21,Subway,Pasta,Italian,2,1337.8,Card,45,2025-05-29,461,Active,2,2024-11-14,Delivered,2675.6
C6926,Female,Senior,Karachi,2024-11-05,O10926,2023-12-21,KFC,Pasta,Continental,5,306.21,Cash,25,2025-02-18,416,Inactive,2,2024-12-23,Delayed,1531.05
C5771,Other,Adult,Lahore,2024-10-11,O9771,2023-12-22,Burger King,Pasta,Italian,2,1182.15,Wallet,37,2025-06-08,404,Inactive,1,2025-07-17,Cancelled,2364.3
C6433,Other,Adult,Multan,2024-11-29,O10433,2023-12-22,Subway,Pizza,Italian,5,1320.18,Card,36,2025-05-25,204,Inactive,4,2024-12-27,Cancelled,6600.9
C1560,Female,Senior,Multan,2024-01-30,O5560,2023-12-22,Burger King,Burger,Dessert,4,288.68,Card,15,2025-08-02,183,Active,2,2025-07-21,Delivered,1154.72
C1836,Female,Adult,Karachi,2024-01-23,O5836,2023-12-22,Burger King,Pasta,Italian,3,446.28,Card,31,2025-02-19,31,Inactive,3,2025-03-29,Cancelled,1338.84
C3130,Other,Senior,Lahore,2023-10-20,O7130,2023-12-22,McDonald's,Pasta,Italian,1,454.24,Wallet,15,2024-08-24,197,Active,5,2025-06-02,Delayed,454.24
C5095,Other,Teenager,Multan,2024-02-26,O9095,2023-12-22,Subway,Burger,Dessert,4,985.46,Card,40,2025-08-19,476,Inactive,4,2025-03-30,Delayed,3941.84
C3898,Female,Teenager,Peshawar,2024-05-17,O7898,2023-12-22,Pizza Hut,Sandwich,Dessert,3,271.58,Wallet,24,2025-05-02,263,Inactive,3,2025-05-18,Delayed,814.74
C2976,Female,Teenager,Peshawar,2025-06-29,O6976,2023-12-22,McDonald's,Fries,Italian,3,1078.17,Cash,37,2025-08-08,178,Inactive,3,2024-11-17,Delivered,3234.51
C4740,Female,Adult,Islamabad,2024-12-12,O8740,2023-12-23,McDonald's,Fries,Chinese,3,934.15,Card,22,2025-04-17,170,Inactive,4,2025-07-05,Delayed,2802.45
C1326,Female,Teenager,Islamabad,2024-09-09,O5326,2023-12-23,McDonald's,Pizza,Chinese,5,976.34,Cash,23,2025-03-07,402,Active,1,2025-07-21,Delivered,4881.7
C1396,Male,Senior,Islamabad,2024-05-27,O5396,2023-12-23,Burger King,Pasta,Continental,5,166.61,Wallet,32,2024-09-04,115,Active,3,2024-12-10,Delivered,833.05
C6150,Female,Adult,Islamabad,2025-06-22,O10150,2023-12-23,Pizza Hut,Burger,Dessert,5,445.33,Wallet,48,2025-08-08,241,Inactive,1,2025-07-09,Delivered,2226.65
C3577,Male,Senior,Lahore,2024-02-29,O7577,2023-12-23,Burger King,Sandwich,Chinese,3,600.63,Wallet,44,2025-05-04,310,Active,4,2024-10-04,Delivered,1801.89
C3785,Other,Senior,Lahore,2024-10-01,O7785,2023-12-23,Burger King,Pasta,Italian,4,1403.53,Cash,11,2024-10-05,338,Inactive,4,2025-04-02,Delayed,5614.12
C4193,Other,Adult,Karachi,2025-02-19,O8193,2023-12-23,KFC,Pasta,Chinese,2,225.98,Wallet,44,2025-04-08,461,Active,1,2024-11-12,Delivered,451.96
C3415,Female,Senior,Lahore,2024-02-28,O7415,2023-12-23,Pizza Hut,Pizza,Fast Food,1,557.46,Cash,6,2025-08-20,498,Active,2,2025-06-12,Delivered,557.46
C3411,Male,Adult,Peshawar,2024-02-04,O7411,2023-12-23,Subway,Pizza,Continental,4,705.64,Cash,35,2025-06-22,161,Inactive,4,2025-01-06,Delayed,2822.56
C1566,Male,Senior,Islamabad,2024-02-05,O5566,2023-12-23,McDonald's,Burger,Continental,3,1243.0,Wallet,24,2025-04-07,105,Inactive,3,2024-10-20,Delayed,3729.0
C2238,Other,Senior,Multan,2024-09-19,O6238,2023-12-23,KFC,Sandwich,Fast Food,2,1334.77,Card,49,2025-06-02,431,Active,5,2025-02-01,Delivered,2669.54
C6053,Other,Adult,Peshawar,2025-05-22,O10053,2023-12-23,Burger King,Burger,Dessert,5,899.38,Card,21,2025-06-02,301,Active,2,2025-01-02,Delivered,4496.9
C5481,Male,Teenager,Islamabad,2023-11-28,O9481,2023-12-24,McDonald's,Pizza,Dessert,5,1333.27,Wallet,22,2024-12-28,417,Inactive,3,2024-09-27,Cancelled,6666.35
C6576,Female,Teenager,Peshawar,2023-09-28,O10576,2023-12-24,Subway,Pasta,Fast Food,5,923.56,Cash,30,2025-04-17,473,Active,4,2024-10-10,Delayed,4617.8
C3246,Female,Adult,Karachi,2024-04-18,O7246,2023-12-24,KFC,Burger,Fast Food,2,673.57,Cash,26,2025-08-05,216,Inactive,3,2025-01-13,Delayed,1347.14
C1605,Female,Adult,Multan,2024-09-28,O5605,2023-12-24,Subway,Burger,Italian,4,588.01,Wallet,30,2025-01-03,230,Active,3,2025-02-22,Delayed,2352.04
C6914,Other,Adult,Lahore,2023-10-03,O10914,2023-12-24,Subway,Fries,Italian,4,110.16,Cash,32,2024-08-26,412,Inactive,2,2025-04-07,Cancelled,440.64
C5993,Other,Adult,Karachi,2023-12-02,O9993,2023-12-24,Subway,Pasta,Fast Food,5,1329.11,Cash,11,2024-12-23,82,Inactive,5,2025-05-03,Cancelled,6645.55
C5806,Male,Adult,Multan,2024-09-23,O9806,2023-12-24,KFC,Fries,Continental,1,889.0,Card,25,2025-08-04,391,Active,4,2025-05-01,Delivered,889.0
C6726,Male,Senior,Multan,2025-03-30,O10726,2023-12-24,Pizza Hut,Fries,Continental,2,1252.03,Cash,1,2025-06-13,187,Active,2,2025-07-23,Delayed,2504.06
C1340,Female,Adult,Islamabad,2024-10-01,O5340,2023-12-24,Burger King,Pasta,Dessert,5,723.24,Cash,43,2024-11-26,182,Active,1,2025-05-08,Delayed,3616.2
C3578,Female,Adult,Lahore,2024-04-21,O7578,2023-12-24,Pizza Hut,Burger,Italian,4,1035.57,Wallet,15,2025-08-13,297,Active,2,2025-02-26,Delayed,4142.28
C4669,Male,Adult,Karachi,2023-11-16,O8669,2023-12-24,Burger King,Sandwich,Continental,1,819.69,Cash,30,2025-02-12,224,Active,5,2025-03-08,Cancelled,819.69
C4737,Male,Senior,Peshawar,2024-12-01,O8737,2023-12-24,Pizza Hut,Pizza,Fast Food,3,1036.99,Wallet,42,2025-05-06,87,Active,5,2024-10-18,Cancelled,3110.97
C5986,Other,Senior,Multan,2023-11-01,O9986,2023-12-24,Burger King,Sandwich,Chinese,4,1484.58,Wallet,50,2025-04-24,183,Inactive,1,2024-11-29,Delayed,5938.32
C2642,Female,Teenager,Lahore,2024-03-11,O6642,2023-12-24,Subway,Pizza,Dessert,2,385.99,Cash,17,2024-09-26,469,Inactive,2,2025-06-04,Cancelled,771.98
C4143,Other,Adult,Peshawar,2024-09-06,O8143,2023-12-25,Subway,Fries,Dessert,5,748.46,Cash,37,2025-06-20,373,Active,2,2025-06-01,Delivered,3742.3
C1125,Female,Teenager,Islamabad,2024-11-15,O5125,2023-12-25,Burger King,Pizza,Italian,4,146.36,Cash,29,2025-07-12,204,Active,3,2025-03-16,Delivered,585.44
C3711,Other,Adult,Peshawar,2024-10-13,O7711,2023-12-25,KFC,Burger,Dessert,4,477.1,Cash,13,2025-08-05,453,Inactive,5,2025-03-13,Delivered,1908.4
C5852,Other,Adult,Karachi,2025-06-15,O9852,2023-12-25,Burger King,Pizza,Fast Food,2,633.42,Wallet,9,2025-08-01,415,Inactive,5,2024-11-24,Cancelled,1266.84
C3795,Male,Teenager,Multan,2024-06-03,O7795,2023-12-25,Pizza Hut,Fries,Continental,4,857.32,Cash,34,2025-05-04,211,Inactive,1,2024-10-25,Delivered,3429.28
C5873,Female,Senior,Karachi,2024-11-16,O9873,2023-12-25,Burger King,Pasta,Italian,1,1383.98,Wallet,1,2025-03-31,408,Active,1,2025-05-30,Delivered,1383.98
C3205,Other,Senior,Peshawar,2024-03-24,O7205,2023-12-25,Burger King,Pizza,Chinese,2,563.71,Wallet,33,2025-02-27,222,Active,2,2024-12-27,Delayed,1127.42
C6750,Female,Adult,Peshawar,2024-01-28,O10750,2023-12-25,KFC,Pasta,Chinese,5,1337.62,Cash,43,2025-04-07,55,Inactive,1,2024-10-26,Cancelled,6688.1
C1610,Other,Adult,Peshawar,2024-07-24,O5610,2023-12-25,Burger King,Fries,Dessert,1,655.19,Card,12,2024-10-30,159,Active,5,2025-05-27,Delivered,655.19
C5674,Male,Adult,Islamabad,2024-01-28,O9674,2023-12-26,KFC,Sandwich,Chinese,4,879.02,Card,22,2025-07-15,239,Active,1,2024-10-03,Delayed,3516.08
C6298,Female,Adult,Lahore,2025-06-06,O10298,2023-12-26,Pizza Hut,Sandwich,Fast Food,5,779.39,Cash,7,2025-08-19,245,Inactive,1,2024-09-22,Delivered,3896.95
C3115,Male,Adult,Lahore,2024-10-12,O7115,2023-12-26,McDonald's,Sandwich,Dessert,1,586.24,Cash,42,2025-04-02,364,Active,3,2025-03-29,Delivered,586.24
C4497,Other,Teenager,Islamabad,2024-01-09,O8497,2023-12-26,McDonald's,Pizza,Chinese,2,394.6,Card,29,2025-03-24,149,Inactive,1,2024-09-04,Delayed,789.2
C2801,Male,Senior,Multan,2024-12-27,O6801,2023-12-26,Burger King,Pizza,Continental,3,393.33,Card,36,2025-07-14,176,Inactive,1,2024-12-27,Cancelled,1179.99
C6571,Male,Senior,Peshawar,2024-11-26,O10571,2023-12-26,KFC,Pasta,Chinese,5,1112.56,Card,4,2025-04-25,364,Inactive,4,2025-05-07,Cancelled,5562.8
C1631,Female,Teenager,Karachi,2024-05-19,O5631,2023-12-26,Pizza Hut,Pasta,Italian,1,1416.87,Card,9,2025-07-11,302,Active,4,2025-02-01,Delivered,1416.87
C1297,Male,Adult,Islamabad,2024-07-11,O5297,2023-12-27,McDonald's,Burger,Italian,4,624.47,Cash,42,2025-03-18,481,Active,4,2024-11-25,Delivered,2497.88
C4512,Female,Adult,Karachi,2024-12-20,O8512,2023-12-27,Burger King,Fries,Fast Food,4,1489.93,Card,26,2025-04-02,413,Active,1,2025-07-08,Cancelled,5959.72
C3700,Other,Teenager,Peshawar,2025-05-26,O7700,2023-12-27,Burger King,Burger,Chinese,3,816.56,Card,15,2025-06-06,93,Active,2,2025-07-03,Delivered,2449.68
C3289,Male,Teenager,Lahore,2024-06-03,O7289,2023-12-27,KFC,Fries,Italian,3,301.08,Wallet,16,2025-05-21,131,Active,1,2025-07-29,Delayed,903.24
C4981,Female,Adult,Multan,2025-03-27,O8981,2023-12-27,Pizza Hut,Burger,Fast Food,2,1025.27,Card,27,2025-05-16,109,Active,5,2025-07-16,Delayed,2050.54
C6396,Female,Senior,Peshawar,2024-08-29,O10396,2023-12-27,Subway,Pasta,Dessert,5,732.9,Cash,8,2024-11-05,410,Active,5,2025-06-15,Delivered,3664.5
C4952,Male,Teenager,Multan,2024-10-10,O8952,2023-12-27,KFC,Sandwich,Italian,5,971.92,Card,13,2025-06-20,39,Inactive,2,2024-12-25,Delivered,4859.6
C5038,Female,Teenager,Peshawar,2025-01-05,O9038,2023-12-27,Burger King,Burger,Chinese,5,1051.9,Cash,15,2025-03-19,237,Active,4,2025-04-24,Delayed,5259.5
C6056,Female,Senior,Multan,2023-09-30,O10056,2023-12-27,KFC,Pizza,Italian,4,1382.62,Card,20,2025-04-24,139,Inactive,1,2025-04-26,Delivered,5530.48
C6300,Male,Senior,Islamabad,2023-12-01,O10300,2023-12-28,Burger King,Fries,Continental,5,548.39,Card,13,2024-10-31,55,Inactive,1,2024-09-02,Delivered,2741.95
C6332,Male,Teenager,Islamabad,2024-08-30,O10332,2023-12-28,KFC,Pasta,Fast Food,3,1493.86,Wallet,44,2024-12-16,136,Active,2,2025-05-18,Delayed,4481.58
C4716,Female,Adult,Islamabad,2024-07-10,O8716,2023-12-28,Burger King,Burger,Chinese,2,1296.33,Wallet,46,2024-11-25,90,Inactive,3,2024-10-02,Delayed,2592.66
C2021,Other,Teenager,Islamabad,2024-12-26,O6021,2023-12-28,Burger King,Burger,Dessert,2,661.62,Wallet,50,2025-01-09,385,Inactive,1,2025-04-29,Delayed,1323.24
C6207,Female,Senior,Peshawar,2024-04-11,O10207,2023-12-28,Burger King,Pizza,Italian,2,548.12,Cash,41,2025-03-26,60,Active,3,2025-02-11,Delivered,1096.24
C6551,Female,Senior,Peshawar,2024-10-08,O10551,2023-12-28,Pizza Hut,Fries,Fast Food,4,528.08,Wallet,11,2025-08-13,484,Active,5,2025-07-30,Delivered,2112.32
C1620,Female,Teenager,Peshawar,2024-10-27,O5620,2023-12-28,Burger King,Fries,Dessert,3,1015.17,Cash,16,2025-03-07,288,Inactive,3,2025-01-11,Delivered,3045.51
C1073,Female,Teenager,Peshawar,2023-11-19,O5073,2023-12-29,Pizza Hut,Pasta,Fast Food,3,795.32,Cash,16,2025-03-20,443,Inactive,2,2025-01-18,Delivered,2385.96
C3735,Other,Teenager,Lahore,2024-12-30,O7735,2023-12-29,KFC,Fries,Dessert,1,1382.66,Cash,22,2025-07-08,102,Inactive,3,2025-05-07,Delayed,1382.66
C4840,Male,Senior,Karachi,2023-09-17,O8840,2023-12-29,Pizza Hut,Sandwich,Dessert,3,376.91,Cash,45,2024-10-20,467,Inactive,5,2024-12-26,Cancelled,1130.73
C6897,Male,Teenager,Multan,2024-12-15,O10897,2023-12-29,KFC,Fries,Continental,3,533.48,Cash,16,2025-01-12,346,Active,1,2025-03-11,Delivered,1600.44
C2441,Female,Senior,Lahore,2024-05-28,O6441,2023-12-29,McDonald's,Fries,Chinese,4,692.98,Cash,21,2024-10-10,153,Active,5,2025-05-19,Delivered,2771.92
C6807,Female,Adult,Islamabad,2024-05-17,O10807,2023-12-29,KFC,Burger,Italian,4,863.09,Cash,17,2025-03-30,237,Inactive,1,2025-05-26,Delivered,3452.36
C6425,Other,Teenager,Islamabad,2024-08-10,O10425,2023-12-29,Burger King,Burger,Continental,1,297.24,Cash,2,2025-08-17,19,Active,1,2025-05-27,Delayed,297.24
C2783,Other,Senior,Lahore,2024-08-18,O6783,2023-12-31,Subway,Burger,Fast Food,4,1460.56,Card,35,2024-09-05,191,Inactive,3,2025-04-21,Cancelled,5842.24
C4360,Male,Adult,Peshawar,2024-03-13,O8360,2023-12-31,Subway,Pasta,Chinese,4,1000.84,Card,7,2025-01-25,76,Inactive,1,2025-01-11,Delivered,4003.36
C5901,Female,Senior,Lahore,2025-06-03,O9901,2023-12-31,McDonald's,Burger,Dessert,4,543.86,Wallet,22,2025-07-21,3,Inactive,1,2025-03-18,Delivered,2175.44
C3681,Other,Teenager,Karachi,2024-12-07,O7681,2023-12-31,Pizza Hut,Burger,Fast Food,3,995.56,Cash,30,2025-05-11,5,Active,4,2024-10-26,Cancelled,2986.68
C4868,Other,Adult,Multan,2024-04-26,O8868,2023-12-31,KFC,Sandwich,Fast Food,4,384.57,Wallet,22,2025-06-16,120,Active,4,2024-12-19,Delayed,1538.28
C5615,Female,Senior,Islamabad,2024-10-10,O9615,2023-12-31,KFC,Pasta,Dessert,3,839.66,Cash,49,2025-08-10,306,Inactive,3,2024-08-26,Cancelled,2518.98
C5248,Male,Adult,Multan,2023-12-17,O9248,2023-12-31,McDonald's,Sandwich,Fast Food,1,709.1,Card,15,2025-06-07,54,Inactive,1,2024-12-04,Cancelled,709.1
C3472,Other,Senior,Peshawar,2024-01-01,O7472,2024-01-01,Burger King,Burger,Fast Food,2,1054.88,Card,24,2025-08-11,404,Active,4,2025-04-05,Delivered,2109.76
C4730,Female,Teenager,Islamabad,2024-03-01,O8730,2024-01-01,McDonald's,Pasta,Dessert,1,1062.47,Wallet,20,2025-05-27,167,Inactive,5,2024-12-10,Cancelled,1062.47
C3645,Male,Adult,Islamabad,2024-09-29,O7645,2024-01-01,KFC,Pizza,Dessert,4,191.45,Card,14,2025-03-02,31,Inactive,4,2025-03-17,Delivered,765.8
C3740,Male,Adult,Peshawar,2023-12-26,O7740,2024-01-01,KFC,Pizza,Fast Food,2,917.11,Cash,12,2024-10-06,331,Active,1,2025-03-07,Delayed,1834.22
C2988,Other,Adult,Peshawar,2024-11-11,O6988,2024-01-01,Subway,Pasta,Chinese,5,387.58,Card,17,2025-04-15,65,Active,3,2024-09-26,Delayed,1937.9
C6221,Other,Senior,Lahore,2024-01-23,O10221,2024-01-01,Subway,Sandwich,Italian,4,244.14,Cash,13,2025-07-08,404,Inactive,3,2025-01-01,Delayed,976.56
C6738,Male,Senior,Lahore,2024-08-27,O10738,2024-01-01,KFC,Pasta,Continental,2,889.63,Wallet,29,2024-09-25,105,Active,2,2024-10-22,Delivered,1779.26
C3091,Other,Senior,Multan,2024-08-20,O7091,2024-01-02,McDonald's,Fries,Fast Food,5,535.88,Card,15,2025-04-24,456,Active,3,2025-01-06,Delayed,2679.4
C4128,Male,Senior,Islamabad,2024-12-23,O8128,2024-01-02,McDonald's,Burger,Dessert,5,1347.65,Cash,9,2025-03-18,109,Inactive,3,2025-06-01,Delayed,6738.25
C2428,Female,Adult,Peshawar,2023-10-16,O6428,2024-01-02,Pizza Hut,Fries,Fast Food,2,1018.97,Card,25,2024-09-05,37,Active,5,2025-05-07,Delayed,2037.94
C5478,Female,Adult,Karachi,2024-10-08,O9478,2024-01-02,McDonald's,Pasta,Dessert,1,1016.55,Card,30,2025-07-10,216,Active,5,2025-06-29,Delayed,1016.55
C5894,Other,Adult,Multan,2024-09-23,O9894,2024-01-02,Pizza Hut,Sandwich,Chinese,2,937.39,Cash,22,2025-06-26,152,Inactive,4,2025-04-14,Delivered,1874.78
C1192,Female,Teenager,Islamabad,2024-07-28,O5192,2024-01-02,Burger King,Fries,Continental,1,400.99,Wallet,22,2025-04-25,277,Inactive,1,2025-01-09,Delivered,400.99
C1389,Male,Adult,Islamabad,2023-12-25,O5389,2024-01-02,Subway,Sandwich,Chinese,2,597.37,Wallet,48,2025-03-05,413,Active,5,2025-01-03,Delivered,1194.74
C2436,Male,Senior,Lahore,2024-04-05,O6436,2024-01-02,Pizza Hut,Burger,Italian,4,620.15,Cash,48,2025-06-18,425,Inactive,4,2025-07-22,Cancelled,2480.6
C2885,Other,Senior,Peshawar,2023-11-30,O6885,2024-01-02,Pizza Hut,Burger,Fast Food,4,443.55,Cash,23,2025-02-25,176,Inactive,4,2025-06-17,Delivered,1774.2
C2619,Female,Senior,Karachi,2025-01-10,O6619,2024-01-02,Burger King,Sandwich,Fast Food,2,1234.2,Wallet,21,2025-01-26,87,Inactive,2,2025-03-24,Delivered,2468.4
C6971,Male,Senior,Peshawar,2024-02-21,O10971,2024-01-02,Burger King,Sandwich,Italian,5,1021.33,Wallet,45,2025-06-23,271,Active,1,2025-03-16,Cancelled,5106.65
C3439,Other,Teenager,Islamabad,2024-09-29,O7439,2024-01-03,McDonald's,Fries,Fast Food,3,833.56,Card,2,2025-07-17,8,Inactive,5,2025-07-23,Delayed,2500.68
C4476,Male,Adult,Lahore,2023-12-29,O8476,2024-01-03,Burger King,Pizza,Italian,5,1103.19,Cash,10,2025-03-12,443,Inactive,1,2025-02-20,Delivered,5515.95
C3552,Female,Adult,Peshawar,2024-01-15,O7552,2024-01-03,McDonald's,Fries,Dessert,1,428.86,Wallet,31,2024-10-21,246,Active,2,2025-01-23,Delivered,428.86
C5959,Other,Senior,Multan,2024-02-28,O9959,2024-01-03,Pizza Hut,Pasta,Continental,3,708.22,Wallet,19,2025-07-09,496,Inactive,5,2024-12-09,Delayed,2124.66
C1378,Female,Senior,Multan,2024-07-15,O5378,2024-01-03,Pizza Hut,Sandwich,Dessert,3,1470.57,Cash,40,2025-06-18,5,Active,2,2025-08-11,Delivered,4411.71
C5083,Other,Adult,Lahore,2023-12-12,O9083,2024-01-03,Burger King,Pasta,Chinese,3,1185.23,Wallet,26,2025-02-02,70,Inactive,3,2024-09-24,Delivered,3555.69
C2473,Male,Teenager,Karachi,2024-08-21,O6473,2024-01-03,Burger King,Fries,Fast Food,4,218.0,Card,44,2025-04-24,411,Active,5,2024-11-22,Delayed,872.0
C2054,Female,Senior,Islamabad,2025-03-23,O6054,2024-01-04,KFC,Fries,Chinese,1,215.88,Cash,46,2025-07-22,217,Active,1,2025-03-01,Cancelled,215.88
C1601,Male,Senior,Multan,2024-10-31,O5601,2024-01-04,KFC,Burger,Continental,3,1205.06,Cash,33,2024-12-28,197,Inactive,5,2025-08-11,Cancelled,3615.18
C6437,Other,Teenager,Islamabad,2023-10-05,O10437,2024-01-04,Subway,Pasta,Dessert,2,530.26,Card,11,2024-08-23,43,Active,2,2025-01-14,Cancelled,1060.52
C3103,Female,Teenager,Islamabad,2024-02-20,O7103,2024-01-04,KFC,Fries,Fast Food,2,981.31,Card,38,2025-01-27,289,Active,4,2024-09-05,Delivered,1962.62
C5731,Female,Teenager,Karachi,2024-11-24,O9731,2024-01-04,McDonald's,Pizza,Chinese,2,920.59,Cash,49,2025-06-19,248,Active,4,2025-01-18,Delayed,1841.18
C5707,Other,Adult,Karachi,2024-12-23,O9707,2024-01-04,Subway,Fries,Chinese,1,1162.28,Wallet,28,2025-05-30,40,Inactive,2,2025-05-02,Cancelled,1162.28
C6508,Male,Senior,Multan,2025-04-23,O10508,2024-01-04,Subway,Fries,Fast Food,2,287.7,Card,28,2025-05-30,228,Inactive,5,2024-11-11,Cancelled,575.4
C6124,Male,Adult,Peshawar,2024-04-30,O10124,2024-01-04,Burger King,Burger,Continental,5,939.58,Card,33,2025-02-10,129,Inactive,2,2025-05-19,Cancelled,4697.9
C4294,Other,Adult,Lahore,2024-05-28,O8294,2024-01-05,Subway,Pizza,Italian,3,1432.57,Card,17,2024-11-21,333,Inactive,2,2024-11-21,Delivered,4297.71
C3478,Male,Teenager,Peshawar,2024-05-08,O7478,2024-01-05,Burger King,Fries,Italian,3,747.58,Wallet,16,2024-10-09,290,Active,3,2025-07-09,Delivered,2242.74
C1198,Female,Senior,Karachi,2024-09-14,O5198,2024-01-05,McDonald's,Fries,Italian,1,839.34,Cash,18,2025-06-24,347,Active,4,2024-09-14,Cancelled,839.34
C4085,Other,Adult,Islamabad,2024-10-29,O8085,2024-01-05,Subway,Sandwich,Fast Food,1,1142.85,Cash,22,2025-03-07,288,Inactive,5,2025-06-30,Delivered,1142.85
C4108,Female,Teenager,Peshawar,2025-02-23,O8108,2024-01-05,Pizza Hut,Burger,Continental,1,350.81,Wallet,19,2025-08-18,4,Active,1,2025-01-30,Cancelled,350.81
C3774,Other,Adult,Peshawar,2024-02-27,O7774,2024-01-05,Subway,Fries,Italian,1,404.66,Cash,19,2025-08-11,348,Inactive,1,2025-08-11,Delayed,404.66
C5951,Male,Adult,Islamabad,2023-09-26,O9951,2024-01-05,Burger King,Fries,Chinese,5,422.11,Cash,38,2025-03-10,85,Inactive,4,2025-01-29,Cancelled,2110.55
C4624,Other,Teenager,Lahore,2024-03-31,O8624,2024-01-05,Burger King,Pasta,Fast Food,2,210.39,Card,44,2024-11-23,151,Inactive,3,2024-10-11,Cancelled,420.78
C1977,Male,Adult,Multan,2025-03-23,O5977,2024-01-05,McDonald's,Fries,Fast Food,3,852.49,Card,2,2025-05-31,124,Inactive,3,2025-05-31,Delivered,2557.47
C3311,Male,Adult,Karachi,2025-03-03,O7311,2024-01-05,Subway,Pasta,Italian,2,846.02,Card,24,2025-06-09,98,Active,2,2025-03-22,Delivered,1692.04
C2523,Male,Teenager,Islamabad,2024-06-23,O6523,2024-01-05,Subway,Pizza,Continental,5,1015.21,Wallet,29,2025-03-30,354,Inactive,2,2025-06-21,Cancelled,5076.05
C5420,Other,Adult,Karachi,2024-04-29,O9420,2024-01-05,KFC,Pasta,Continental,3,377.77,Cash,4,2024-09-14,481,Inactive,5,2025-01-14,Delivered,1133.31
C3233,Other,Teenager,Peshawar,2024-05-16,O7233,2024-01-05,KFC,Fries,Dessert,2,195.78,Card,15,2024-10-24,235,Inactive,3,2025-03-11,Cancelled,391.56
C6234,Other,Senior,Lahore,2024-11-24,O10234,2024-01-06,Subway,Pasta,Fast Food,2,1413.68,Card,12,2025-03-27,168,Inactive,4,2025-01-25,Delivered,2827.36
C1784,Male,Senior,Karachi,2023-12-11,O5784,2024-01-06,Pizza Hut,Pasta,Dessert,3,1166.73,Cash,4,2025-04-22,286,Inactive,4,2024-12-15,Delivered,3500.19
C1976,Male,Teenager,Multan,2025-01-11,O5976,2024-01-06,McDonald's,Sandwich,Continental,4,813.69,Card,14,2025-02-09,437,Inactive,5,2025-03-11,Delayed,3254.76
C2649,Other,Adult,Peshawar,2023-11-30,O6649,2024-01-06,Subway,Pizza,Italian,5,1061.38,Card,25,2025-02-01,15,Active,5,2025-07-05,Delivered,5306.9
C6220,Other,Adult,Islamabad,2024-11-18,O10220,2024-01-06,McDonald's,Sandwich,Chinese,2,354.8,Wallet,2,2025-04-27,368,Active,5,2025-01-29,Delivered,709.6
C2056,Male,Teenager,Multan,2024-03-24,O6056,2024-01-07,Subway,Pizza,Fast Food,5,1482.39,Wallet,37,2025-06-24,141,Active,5,2025-06-11,Cancelled,7411.95
C5346,Female,Senior,Lahore,2025-01-15,O9346,2024-01-07,Pizza Hut,Pasta,Fast Food,3,363.41,Cash,7,2025-03-21,309,Active,3,2025-05-23,Cancelled,1090.23
C1562,Female,Adult,Multan,2024-09-19,O5562,2024-01-07,KFC,Fries,Chinese,2,941.03,Cash,30,2025-04-26,169,Inactive,2,2025-01-23,Delayed,1882.06
C4122,Male,Adult,Peshawar,2024-10-09,O8122,2024-01-07,KFC,Fries,Continental,3,726.33,Card,35,2025-08-02,174,Inactive,1,2025-03-18,Delivered,2178.99
C4536,Female,Teenager,Multan,2024-11-11,O8536,2024-01-07,KFC,Pasta,Chinese,3,1402.39,Card,47,2025-05-24,266,Active,1,2025-08-02,Delayed,4207.17
C6752,Other,Senior,Peshawar,2024-09-30,O10752,2024-01-07,Pizza Hut,Fries,Dessert,5,644.06,Cash,2,2025-02-03,221,Active,4,2024-11-01,Cancelled,3220.3
C6149,Other,Senior,Multan,2024-06-03,O10149,2024-01-07,Subway,Burger,Fast Food,4,665.27,Card,31,2025-06-15,79,Active,5,2024-09-03,Delivered,2661.08
C1633,Other,Adult,Multan,2024-07-19,O5633,2024-01-07,Burger King,Fries,Continental,5,598.24,Cash,49,2025-07-27,8,Inactive,4,2025-07-19,Delivered,2991.2
C4528,Other,Senior,Lahore,2025-01-19,O8528,2024-01-07,Pizza Hut,Sandwich,Italian,2,808.44,Cash,44,2025-05-29,391,Inactive,4,2024-12-19,Delayed,1616.88
C6405,Other,Adult,Karachi,2024-08-31,O10405,2024-01-07,KFC,Sandwich,Continental,3,321.23,Card,45,2025-08-20,262,Inactive,3,2025-03-02,Cancelled,963.69
C5617,Other,Senior,Multan,2024-03-21,O9617,2024-01-07,KFC,Pizza,Italian,4,535.8,Card,27,2024-09-27,486,Active,1,2025-03-01,Delivered,2143.2
C5278,Other,Adult,Lahore,2023-09-12,O9278,2024-01-07,Subway,Pizza,Italian,2,164.33,Card,24,2025-02-23,446,Active,4,2024-12-24,Delayed,328.66
C5962,Male,Senior,Lahore,2025-02-16,O9962,2024-01-07,Subway,Burger,Italian,2,488.25,Card,32,2025-05-01,422,Inactive,3,2025-06-24,Delivered,976.5
C4210,Male,Teenager,Islamabad,2025-02-09,O8210,2024-01-08,KFC,Fries,Dessert,5,1349.62,Cash,32,2025-08-08,225,Active,4,2024-10-21,Delivered,6748.1
C3765,Other,Adult,Lahore,2025-02-10,O7765,2024-01-08,Pizza Hut,Fries,Italian,2,1377.72,Cash,16,2025-07-07,438,Active,5,2025-03-25,Delivered,2755.44
C4305,Female,Senior,Islamabad,2025-02-12,O8305,2024-01-08,KFC,Burger,Chinese,2,657.48,Wallet,5,2025-08-15,353,Active,3,2024-09-09,Cancelled,1314.96
C4615,Male,Senior,Karachi,2024-07-26,O8615,2024-01-08,Subway,Pasta,Fast Food,3,567.96,Wallet,2,2025-05-03,212,Inactive,5,2025-05-01,Delayed,1703.88
C1150,Male,Senior,Islamabad,2023-11-27,O5150,2024-01-08,Pizza Hut,Sandwich,Chinese,4,950.35,Card,7,2025-04-01,433,Active,2,2025-04-20,Delayed,3801.4
C1681,Female,Teenager,Multan,2025-04-05,O5681,2024-01-08,KFC,Burger,Fast Food,3,532.1,Cash,27,2025-06-05,373,Active,2,2024-11-04,Cancelled,1596.3
C1680,Male,Adult,Lahore,2025-04-05,O5680,2024-01-09,Pizza Hut,Pasta,Fast Food,5,421.54,Wallet,18,2025-04-15,10,Active,2,2024-09-02,Delivered,2107.7
C6208,Female,Teenager,Lahore,2024-12-25,O10208,2024-01-09,KFC,Sandwich,Chinese,3,1034.83,Wallet,37,2025-01-18,405,Active,1,2024-12-02,Delivered,3104.49
C1164,Male,Teenager,Karachi,2024-12-01,O5164,2024-01-09,Subway,Fries,Italian,2,348.49,Card,3,2025-05-18,475,Inactive,3,2024-08-28,Cancelled,696.98
C6544,Female,Adult,Lahore,2025-06-13,O10544,2024-01-09,McDonald's,Pizza,Dessert,1,1012.8,Cash,38,2025-06-26,271,Inactive,2,2025-03-05,Delivered,1012.8
C3842,Other,Teenager,Karachi,2024-08-31,O7842,2024-01-09,Burger King,Pasta,Fast Food,5,1433.75,Cash,41,2024-09-05,233,Active,1,2024-11-12,Delivered,7168.75
C3801,Female,Teenager,Peshawar,2024-09-05,O7801,2024-01-09,Burger King,Pizza,Dessert,2,351.29,Cash,31,2025-04-12,167,Inactive,2,2025-01-24,Delivered,702.58
C1962,Female,Adult,Lahore,2024-11-11,O5962,2024-01-09,Pizza Hut,Burger,Continental,1,1234.2,Wallet,29,2025-01-13,346,Inactive,3,2025-05-01,Cancelled,1234.2
C1810,Female,Adult,Islamabad,2024-12-04,O5810,2024-01-09,Burger King,Sandwich,Dessert,4,808.74,Card,26,2025-04-09,80,Active,5,2025-05-02,Delivered,3234.96
C1551,Female,Teenager,Islamabad,2024-11-18,O5551,2024-01-09,Pizza Hut,Fries,Fast Food,4,1426.85,Cash,9,2025-03-26,156,Inactive,4,2024-11-07,Cancelled,5707.4
C6620,Female,Adult,Islamabad,2025-08-15,O10620,2024-01-09,Pizza Hut,Burger,Chinese,1,595.62,Wallet,28,2025-08-16,354,Active,3,2025-05-12,Delayed,595.62
C5221,Male,Senior,Lahore,2023-10-03,O9221,2024-01-10,McDonald's,Burger,Italian,3,1291.14,Card,7,2025-08-21,42,Inactive,3,2024-11-29,Cancelled,3873.42
C6953,Male,Teenager,Peshawar,2025-04-22,O10953,2024-01-10,McDonald's,Pizza,Italian,3,633.07,Card,29,2025-04-29,171,Active,3,2024-09-11,Delivered,1899.21
C5271,Other,Senior,Peshawar,2025-05-07,O9271,2024-01-10,KFC,Pizza,Italian,3,856.63,Card,21,2025-06-20,294,Inactive,2,2025-05-26,Delivered,2569.89
C1158,Female,Teenager,Karachi,2025-03-20,O5158,2024-01-10,McDonald's,Fries,Chinese,4,906.49,Wallet,6,2025-06-13,319,Active,1,2025-07-11,Cancelled,3625.96
C1956,Female,Senior,Multan,2024-05-23,O5956,2024-01-10,McDonald's,Fries,Dessert,2,129.97,Cash,8,2024-11-25,143,Inactive,5,2025-07-16,Delayed,259.94
C2379,Other,Teenager,Karachi,2024-09-10,O6379,2024-01-10,Pizza Hut,Pizza,Fast Food,1,1446.89,Card,46,2024-12-01,218,Active,2,2025-07-05,Delivered,1446.89
C6173,Female,Senior,Karachi,2024-12-18,O10173,2024-01-10,McDonald's,Sandwich,Italian,5,1028.53,Card,11,2024-12-30,477,Active,2,2024-10-18,Delayed,5142.65
C3807,Male,Teenager,Lahore,2023-09-24,O7807,2024-01-11,KFC,Pizza,Continental,5,705.33,Card,23,2024-10-24,433,Active,5,2025-07-05,Cancelled,3526.65
C6784,Other,Teenager,Lahore,2024-04-28,O10784,2024-01-11,Pizza Hut,Fries,Italian,5,1040.05,Card,9,2025-08-01,153,Active,3,2024-11-07,Cancelled,5200.25
C2974,Male,Teenager,Peshawar,2025-01-01,O6974,2024-01-11,Pizza Hut,Pizza,Chinese,5,1381.47,Wallet,10,2025-03-22,157,Active,1,2025-02-21,Delayed,6907.35
C5843,Male,Senior,Karachi,2024-11-04,O9843,2024-01-11,Pizza Hut,Burger,Italian,5,697.14,Cash,20,2025-01-05,69,Active,1,2025-01-08,Delivered,3485.7
C2766,Other,Adult,Lahore,2025-03-01,O6766,2024-01-11,McDonald's,Sandwich,Fast Food,5,808.44,Wallet,20,2025-04-07,34,Inactive,2,2024-08-22,Cancelled,4042.2
C1521,Female,Adult,Karachi,2024-12-10,O5521,2024-01-11,McDonald's,Pasta,Italian,4,818.25,Card,14,2025-06-04,226,Active,3,2025-04-10,Delivered,3273.0
C6401,Male,Senior,Islamabad,2024-02-18,O10401,2024-01-11,Pizza Hut,Pasta,Fast Food,2,436.21,Wallet,4,2024-09-28,196,Inactive,2,2025-03-29,Delayed,872.42
C1369,Male,Senior,Multan,2023-08-28,O5369,2024-01-11,McDonald's,Pizza,Dessert,2,737.59,Wallet,46,2024-11-30,328,Active,4,2025-03-12,Delivered,1475.18
C1101,Female,Teenager,Multan,2025-03-03,O5101,2024-01-12,KFC,Fries,Chinese,5,1487.89,Card,19,2025-03-13,32,Active,4,2025-07-04,Cancelled,7439.45
C4431,Male,Senior,Islamabad,2025-02-25,O8431,2024-01-12,KFC,Pizza,Fast Food,4,284.45,Wallet,16,2025-03-04,173,Active,1,2024-11-12,Delayed,1137.8
C3085,Female,Teenager,Islamabad,2024-11-29,O7085,2024-01-12,Subway,Burger,Chinese,2,775.47,Cash,25,2025-04-11,172,Active,3,2025-03-14,Delayed,1550.94
C5439,Female,Adult,Karachi,2025-08-06,O9439,2024-01-12,Subway,Pasta,Chinese,2,475.11,Wallet,20,2025-08-13,103,Active,1,2024-10-26,Delayed,950.22
C1318,Other,Senior,Multan,2024-12-21,O5318,2024-01-12,Pizza Hut,Pizza,Chinese,4,143.47,Cash,4,2025-04-23,119,Inactive,5,2025-01-14,Delivered,573.88
C5216,Other,Senior,Karachi,2024-08-21,O9216,2024-01-12,Subway,Fries,Fast Food,4,806.86,Card,24,2024-08-22,235,Inactive,3,2024-11-06,Cancelled,3227.44
C5155,Male,Adult,Karachi,2024-04-14,O9155,2024-01-13,McDonald's,Burger,Dessert,1,463.29,Wallet,21,2025-05-24,166,Inactive,4,2025-05-07,Cancelled,463.29
C2714,Other,Teenager,Peshawar,2024-05-17,O6714,2024-01-13,McDonald's,Burger,Fast Food,4,1101.54,Wallet,19,2025-03-03,381,Active,3,2025-02-23,Delayed,4406.16
C1082,Other,Senior,Multan,2024-10-23,O5082,2024-01-13,McDonald's,Pasta,Fast Food,3,1128.31,Cash,20,2024-12-26,106,Active,3,2025-07-19,Delivered,3384.93
C4463,Female,Teenager,Islamabad,2025-02-24,O8463,2024-01-13,Subway,Burger,Continental,2,621.83,Card,13,2025-08-12,356,Active,5,2024-10-07,Delayed,1243.66
C6859,Other,Senior,Peshawar,2023-10-23,O10859,2024-01-13,KFC,Pasta,Continental,3,278.25,Wallet,44,2025-02-08,315,Inactive,4,2024-11-01,Cancelled,834.75
C3820,Other,Senior,Peshawar,2024-05-22,O7820,2024-01-13,Pizza Hut,Pasta,Dessert,4,1433.82,Wallet,7,2024-10-10,36,Inactive,5,2024-09-16,Delivered,5735.28
C6231,Male,Teenager,Multan,2025-05-06,O10231,2024-01-13,Pizza Hut,Pizza,Fast Food,1,1325.65,Cash,42,2025-06-08,349,Active,4,2025-05-21,Delayed,1325.65
C5379,Female,Senior,Karachi,2024-11-26,O9379,2024-01-13,Subway,Pasta,Continental,3,402.48,Card,47,2025-05-08,209,Active,1,2025-06-17,Delivered,1207.44
C3967,Female,Teenager,Karachi,2025-01-11,O7967,2024-01-13,McDonald's,Burger,Fast Food,4,263.72,Wallet,29,2025-05-27,457,Inactive,5,2025-08-01,Cancelled,1054.88
C4640,Other,Senior,Multan,2024-11-09,O8640,2024-01-14,McDonald's,Burger,Continental,2,1354.36,Wallet,4,2025-06-21,214,Inactive,2,2024-09-18,Delayed,2708.72
C1916,Other,Adult,Multan,2024-08-15,O5916,2024-01-14,Subway,Fries,Chinese,2,1005.76,Wallet,9,2025-01-13,392,Inactive,5,2025-01-18,Delivered,2011.52
C2291,Other,Senior,Peshawar,2023-12-16,O6291,2024-01-14,Subway,Pizza,Continental,2,161.41,Wallet,20,2025-01-28,471,Inactive,5,2025-03-29,Cancelled,322.82
C1409,Other,Senior,Peshawar,2023-10-03,O5409,2024-01-14,KFC,Fries,Fast Food,2,386.68,Cash,32,2024-12-25,95,Inactive,1,2024-11-09,Cancelled,773.36
C2704,Female,Senior,Multan,2024-08-07,O6704,2024-01-14,Burger King,Pizza,Italian,2,721.24,Wallet,14,2024-10-08,156,Active,2,2025-06-03,Cancelled,1442.48
C4297,Male,Teenager,Karachi,2024-12-06,O8297,2024-01-14,Pizza Hut,Fries,Dessert,1,626.89,Cash,26,2024-12-10,136,Active,3,2025-01-29,Delayed,626.89
C6960,Male,Adult,Islamabad,2024-10-05,O10960,2024-01-14,Subway,Burger,Chinese,4,688.3,Wallet,23,2025-08-13,305,Inactive,5,2024-11-09,Delayed,2753.2
C6428,Female,Senior,Multan,2025-01-28,O10428,2024-01-14,Pizza Hut,Burger,Dessert,2,1055.19,Wallet,34,2025-07-22,170,Active,5,2024-12-07,Cancelled,2110.38
C2350,Male,Adult,Multan,2024-11-26,O6350,2024-01-15,Burger King,Fries,Fast Food,2,1455.41,Wallet,19,2025-03-20,451,Active,3,2025-05-05,Delivered,2910.82
C4279,Male,Adult,Peshawar,2024-08-19,O8279,2024-01-15,KFC,Pasta,Fast Food,4,1395.31,Wallet,35,2025-03-14,332,Active,2,2025-04-10,Cancelled,5581.24
C5888,Male,Teenager,Lahore,2024-06-09,O9888,2024-01-15,Pizza Hut,Pizza,Continental,5,1406.04,Card,10,2024-09-08,276,Active,3,2024-08-27,Delivered,7030.2
C2924,Other,Teenager,Peshawar,2024-01-10,O6924,2024-01-15,McDonald's,Sandwich,Continental,4,624.52,Cash,50,2024-10-12,343,Inactive,4,2025-01-11,Cancelled,2498.08
C5164,Other,Adult,Lahore,2023-12-07,O9164,2024-01-15,Subway,Sandwich,Fast Food,1,161.59,Card,1,2025-04-23,47,Active,4,2025-01-01,Delivered,161.59
C2574,Male,Senior,Lahore,2024-08-01,O6574,2024-01-15,KFC,Sandwich,Chinese,4,1212.81,Card,25,2025-06-28,500,Inactive,2,2024-10-06,Delivered,4851.24
C3823,Female,Teenager,Karachi,2024-07-16,O7823,2024-01-15,McDonald's,Burger,Italian,2,1278.98,Card,11,2024-09-15,433,Active,1,2025-04-11,Cancelled,2557.96
C1797,Female,Adult,Multan,2025-03-13,O5797,2024-01-15,Burger King,Sandwich,Continental,5,1225.3,Wallet,36,2025-04-24,466,Active,3,2025-02-12,Cancelled,6126.5
C3458,Other,Teenager,Lahore,2024-11-26,O7458,2024-01-15,Pizza Hut,Pasta,Chinese,5,288.26,Wallet,46,2025-07-21,154,Inactive,5,2025-06-24,Cancelled,1441.3
C6239,Female,Adult,Karachi,2024-11-19,O10239,2024-01-15,Pizza Hut,Pizza,Chinese,4,1179.12,Cash,20,2025-03-20,77,Active,3,2024-12-31,Cancelled,4716.48
C2049,Male,Adult,Peshawar,2025-04-17,O6049,2024-01-15,KFC,Sandwich,Dessert,2,1392.86,Card,29,2025-07-13,403,Active,4,2025-02-23,Cancelled,2785.72
C6998,Male,Senior,Lahore,2024-08-10,O10998,2024-01-15,Burger King,Sandwich,Chinese,1,571.39,Wallet,42,2025-08-05,161,Inactive,3,2025-03-18,Delayed,571.39
C5994,Male,Teenager,Peshawar,2024-08-20,O9994,2024-01-15,Pizza Hut,Sandwich,Chinese,5,617.21,Card,10,2024-12-16,324,Inactive,5,2025-08-10,Cancelled,3086.05
C5510,Female,Senior,Peshawar,2024-08-27,O9510,2024-01-16,McDonald's,Pizza,Dessert,3,796.75,Wallet,3,2025-04-20,19,Active,1,2024-09-20,Delivered,2390.25
C5037,Other,Teenager,Karachi,2025-02-24,O9037,2024-01-16,McDonald's,Sandwich,Chinese,2,523.58,Cash,33,2025-07-01,125,Active,2,2024-09-13,Delivered,1047.16
C3303,Other,Adult,Lahore,2023-12-26,O7303,2024-01-16,Subway,Pizza,Fast Food,1,1149.73,Card,19,2025-07-24,92,Active,3,2025-01-26,Cancelled,1149.73
C3282,Female,Teenager,Islamabad,2025-01-10,O7282,2024-01-16,Burger King,Sandwich,Italian,2,889.39,Card,25,2025-01-25,105,Active,4,2024-11-19,Delivered,1778.78
C5105,Female,Teenager,Multan,2024-08-24,O9105,2024-01-16,KFC,Pasta,Continental,4,763.1,Cash,27,2025-01-27,0,Inactive,3,2025-06-14,Cancelled,3052.4
C1862,Male,Senior,Peshawar,2024-07-28,O5862,2024-01-16,Subway,Sandwich,Italian,3,145.8,Cash,30,2024-11-13,395,Inactive,3,2025-06-29,Delayed,437.4
C6864,Male,Teenager,Karachi,2024-11-11,O10864,2024-01-16,McDonald's,Pasta,Dessert,2,571.79,Cash,17,2025-07-08,207,Active,5,2025-07-14,Delivered,1143.58
C4443,Male,Teenager,Lahore,2024-05-15,O8443,2024-01-16,McDonald's,Fries,Fast Food,3,288.78,Wallet,36,2025-02-25,265,Active,4,2024-10-23,Cancelled,866.34
C5499,Female,Adult,Peshawar,2025-02-05,O9499,2024-01-16,McDonald's,Sandwich,Continental,3,317.93,Wallet,44,2025-07-26,476,Active,1,2025-05-02,Delivered,953.79
C4721,Other,Teenager,Karachi,2024-07-07,O8721,2024-01-16,Pizza Hut,Fries,Chinese,5,474.41,Cash,44,2025-08-17,133,Inactive,2,2025-05-16,Cancelled,2372.05
C1829,Male,Senior,Lahore,2024-10-29,O5829,2024-01-17,Pizza Hut,Pizza,Continental,1,1389.84,Card,11,2025-04-07,242,Inactive,1,2025-06-17,Cancelled,1389.84
C6219,Male,Senior,Peshawar,2024-06-14,O10219,2024-01-17,McDonald's,Sandwich,Italian,5,356.17,Card,2,2024-12-20,8,Inactive,5,2025-01-05,Cancelled,1780.85
C4582,Female,Teenager,Multan,2024-02-03,O8582,2024-01-17,McDonald's,Pasta,Fast Food,1,1103.37,Card,50,2025-06-03,474,Inactive,4,2025-03-22,Delayed,1103.37
C4257,Female,Senior,Peshawar,2024-05-03,O8257,2024-01-17,McDonald's,Sandwich,Continental,1,1183.92,Cash,44,2025-03-19,174,Inactive,4,2025-06-01,Delayed,1183.92
C3905,Other,Teenager,Lahore,2024-08-21,O7905,2024-01-17,Pizza Hut,Fries,Continental,1,901.08,Cash,12,2025-06-30,202,Active,3,2025-06-23,Delivered,901.08
C2146,Other,Adult,Karachi,2024-04-08,O6146,2024-01-17,Burger King,Sandwich,Chinese,5,1485.9,Wallet,22,2024-12-17,394,Active,3,2025-05-05,Delivered,7429.5
C2410,Male,Adult,Lahore,2024-02-08,O6410,2024-01-18,Burger King,Pizza,Fast Food,1,838.79,Cash,25,2025-03-01,212,Inactive,5,2025-08-07,Cancelled,838.79
C3331,Other,Adult,Karachi,2023-09-05,O7331,2024-01-18,McDonald's,Sandwich,Continental,3,642.75,Cash,34,2024-10-10,403,Active,4,2025-06-15,Cancelled,1928.25
C5044,Male,Teenager,Peshawar,2024-07-18,O9044,2024-01-18,Burger King,Burger,Italian,2,1487.37,Cash,50,2024-09-19,227,Active,3,2025-02-21,Delivered,2974.74
C4800,Male,Adult,Multan,2024-05-05,O8800,2024-01-18,Subway,Pasta,Italian,5,1070.11,Card,33,2025-07-29,153,Inactive,2,2025-01-05,Delayed,5350.55
C2392,Male,Adult,Peshawar,2024-08-15,O6392,2024-01-18,Burger King,Pizza,Italian,2,292.54,Card,14,2024-12-17,299,Inactive,5,2025-04-18,Cancelled,585.08
C6168,Male,Senior,Islamabad,2024-11-03,O10168,2024-01-18,Subway,Pizza,Continental,2,1463.38,Wallet,5,2024-12-11,275,Active,3,2025-06-14,Delivered,2926.76
C2617,Female,Adult,Multan,2024-06-11,O6617,2024-01-18,Pizza Hut,Sandwich,Chinese,5,1347.83,Cash,14,2024-09-18,295,Active,5,2024-12-24,Delayed,6739.15
C3885,Female,Adult,Lahore,2025-01-01,O7885,2024-01-18,McDonald's,Sandwich,Chinese,1,803.8,Card,45,2025-04-27,181,Active,4,2025-02-19,Delivered,803.8
C6446,Other,Adult,Karachi,2024-11-01,O10446,2024-01-18,McDonald's,Fries,Italian,3,1304.81,Cash,10,2024-11-30,365,Inactive,1,2025-08-20,Cancelled,3914.43
C3102,Other,Senior,Multan,2024-09-09,O7102,2024-01-19,KFC,Sandwich,Continental,5,815.17,Cash,12,2024-12-23,478,Active,3,2024-10-29,Delivered,4075.85
C2940,Other,Adult,Karachi,2025-06-06,O6940,2024-01-19,Pizza Hut,Pasta,Fast Food,1,592.9,Cash,35,2025-06-19,127,Inactive,1,2025-03-07,Cancelled,592.9
C1035,Other,Adult,Karachi,2024-05-28,O5035,2024-01-19,Burger King,Burger,Fast Food,4,464.52,Card,13,2025-05-25,112,Inactive,3,2024-10-16,Delivered,1858.08
C2437,Other,Senior,Peshawar,2025-04-09,O6437,2024-01-19,Pizza Hut,Sandwich,Chinese,2,798.09,Wallet,40,2025-05-25,406,Active,5,2025-05-21,Delayed,1596.18
C3459,Male,Senior,Lahore,2024-04-26,O7459,2024-01-19,Burger King,Pasta,Italian,1,143.3,Cash,22,2024-10-11,168,Active,3,2025-05-14,Cancelled,143.3
C3504,Female,Adult,Lahore,2024-09-08,O7504,2024-01-19,McDonald's,Burger,Chinese,2,1279.04,Cash,35,2025-03-26,116,Active,1,2025-01-05,Delivered,2558.08
C4427,Female,Adult,Islamabad,2025-02-27,O8427,2024-01-19,McDonald's,Burger,Chinese,3,566.2,Cash,20,2025-03-20,265,Inactive,4,2025-05-13,Delivered,1698.6
C3038,Female,Teenager,Multan,2024-03-12,O7038,2024-01-19,Pizza Hut,Pasta,Fast Food,4,1049.54,Wallet,44,2025-01-03,324,Inactive,1,2025-05-12,Delayed,4198.16
C3856,Female,Adult,Karachi,2024-11-20,O7856,2024-01-19,Pizza Hut,Fries,Continental,5,947.23,Card,10,2025-02-02,269,Inactive,1,2025-08-14,Delayed,4736.15
C5354,Female,Teenager,Islamabad,2025-01-25,O9354,2024-01-19,Subway,Pasta,Dessert,4,1460.82,Wallet,1,2025-06-26,92,Inactive,1,2024-08-30,Delayed,5843.28
C5206,Other,Adult,Lahore,2024-02-12,O9206,2024-01-19,McDonald's,Sandwich,Italian,5,1494.35,Cash,9,2025-04-25,61,Active,4,2025-03-06,Delivered,7471.75
C6855,Female,Adult,Peshawar,2024-03-23,O10855,2024-01-20,Subway,Pasta,Italian,4,694.79,Card,48,2024-10-02,50,Active,4,2025-04-05,Delivered,2779.16
C5961,Other,Teenager,Peshawar,2023-10-19,O9961,2024-01-20,Subway,Pizza,Chinese,3,160.49,Cash,28,2024-12-15,109,Inactive,5,2024-08-31,Delayed,481.47
C4742,Other,Teenager,Peshawar,2024-09-08,O8742,2024-01-20,Subway,Sandwich,Italian,3,952.05,Card,36,2025-06-19,382,Active,5,2024-10-19,Delayed,2856.15
C6990,Male,Teenager,Multan,2023-11-30,O10990,2024-01-21,Subway,Pizza,Continental,5,1126.55,Card,27,2025-01-03,448,Inactive,3,2024-11-27,Cancelled,5632.75
C3816,Other,Adult,Karachi,2025-04-21,O7816,2024-01-21,McDonald's,Fries,Fast Food,5,790.88,Wallet,13,2025-06-24,190,Active,2,2025-06-07,Delivered,3954.4
C2304,Female,Adult,Lahore,2024-12-30,O6304,2024-01-21,McDonald's,Fries,Fast Food,5,774.31,Cash,41,2025-06-08,278,Active,2,2025-03-30,Cancelled,3871.55
C3309,Male,Teenager,Lahore,2024-09-30,O7309,2024-01-21,KFC,Pizza,Dessert,1,298.03,Cash,45,2024-12-13,81,Inactive,1,2024-12-27,Delivered,298.03
C3114,Other,Teenager,Lahore,2024-05-07,O7114,2024-01-21,KFC,Pasta,Italian,3,1399.39,Cash,14,2024-12-22,311,Active,4,2025-08-02,Delayed,4198.17
C2688,Female,Teenager,Karachi,2024-03-06,O6688,2024-01-22,KFC,Burger,Dessert,3,352.06,Wallet,21,2024-09-05,394,Active,4,2025-08-09,Delayed,1056.18
C1350,Female,Adult,Lahore,2024-09-02,O5350,2024-01-22,Subway,Pasta,Fast Food,1,135.58,Card,18,2025-04-26,358,Inactive,3,2025-03-23,Delivered,135.58
C2479,Other,Teenager,Peshawar,2025-02-18,O6479,2024-01-22,KFC,Fries,Fast Food,1,1261.54,Wallet,27,2025-03-22,296,Active,4,2025-08-20,Delivered,1261.54
C2956,Male,Adult,Lahore,2024-10-19,O6956,2024-01-22,Burger King,Sandwich,Dessert,3,456.26,Cash,32,2024-12-13,365,Active,5,2025-03-05,Cancelled,1368.78
C2390,Male,Adult,Peshawar,2023-09-06,O6390,2024-01-22,Pizza Hut,Pasta,Fast Food,4,1013.39,Card,28,2024-11-06,457,Active,3,2024-11-08,Cancelled,4053.56
C3951,Other,Teenager,Multan,2024-09-03,O7951,2024-01-22,Subway,Fries,Italian,5,1311.51,Wallet,27,2025-02-05,75,Active,3,2025-04-13,Cancelled,6557.55
C6263,Male,Teenager,Multan,2024-04-17,O10263,2024-01-22,Pizza Hut,Pasta,Chinese,5,380.27,Cash,37,2024-08-25,445,Active,4,2025-04-26,Delayed,1901.35
C6131,Other,Teenager,Lahore,2025-01-15,O10131,2024-01-22,Pizza Hut,Pizza,Chinese,1,1239.25,Card,23,2025-04-01,111,Inactive,1,2025-01-30,Cancelled,1239.25
C5899,Male,Senior,Karachi,2024-09-02,O9899,2024-01-23,KFC,Pasta,Fast Food,2,1044.36,Cash,8,2025-01-03,144,Inactive,2,2024-11-20,Cancelled,2088.72
C1995,Other,Adult,Karachi,2024-12-10,O5995,2024-01-23,McDonald's,Burger,Italian,3,465.92,Wallet,47,2025-02-11,248,Active,1,2024-08-29,Delayed,1397.76
C1255,Other,Teenager,Multan,2024-08-17,O5255,2024-01-23,Pizza Hut,Sandwich,Chinese,5,1471.38,Cash,27,2025-05-13,200,Active,2,2025-01-21,Delayed,7356.9
C4651,Female,Senior,Karachi,2023-12-02,O8651,2024-01-23,KFC,Pizza,Continental,4,429.31,Cash,10,2025-06-29,15,Inactive,4,2025-06-16,Delivered,1717.24
C3932,Other,Teenager,Peshawar,2023-10-31,O7932,2024-01-23,Subway,Pasta,Fast Food,3,776.94,Cash,29,2024-10-10,443,Inactive,5,2025-03-16,Delivered,2330.82
C6720,Other,Teenager,Karachi,2023-09-19,O10720,2024-01-23,Pizza Hut,Fries,Dessert,4,1224.6,Card,8,2025-07-09,254,Active,4,2024-12-11,Delivered,4898.4
C2572,Female,Senior,Lahore,2024-03-22,O6572,2024-01-23,McDonald's,Sandwich,Chinese,1,265.79,Card,27,2024-11-16,128,Inactive,4,2024-12-21,Cancelled,265.79
C2933,Other,Teenager,Peshawar,2025-04-11,O6933,2024-01-23,Burger King,Sandwich,Chinese,5,1466.08,Wallet,45,2025-05-18,336,Inactive,5,2024-09-12,Delivered,7330.4
C6357,Other,Teenager,Multan,2024-10-30,O10357,2024-01-23,McDonald's,Pizza,Chinese,3,381.22,Cash,24,2025-01-05,328,Inactive,3,2025-03-03,Cancelled,1143.66
C5445,Female,Adult,Karachi,2024-12-07,O9445,2024-01-23,Burger King,Sandwich,Italian,3,1069.27,Card,6,2025-05-01,268,Inactive,3,2025-04-19,Delivered,3207.81
C6424,Female,Teenager,Islamabad,2024-03-24,O10424,2024-01-24,McDonald's,Fries,Fast Food,2,675.1,Card,26,2025-07-16,463,Inactive,2,2024-11-19,Delivered,1350.2
C3623,Female,Adult,Peshawar,2023-09-13,O7623,2024-01-24,KFC,Sandwich,Continental,5,364.45,Wallet,10,2025-02-05,339,Inactive,1,2024-09-20,Delivered,1822.25
C5385,Other,Senior,Multan,2024-08-25,O9385,2024-01-24,KFC,Pizza,Continental,5,276.85,Cash,7,2025-01-03,114,Inactive,3,2025-03-20,Cancelled,1384.25
C4307,Male,Senior,Islamabad,2024-09-04,O8307,2024-01-24,Burger King,Fries,Dessert,2,815.64,Card,6,2024-09-28,328,Active,2,2025-05-09,Cancelled,1631.28
C1211,Male,Senior,Multan,2023-12-20,O5211,2024-01-24,Burger King,Burger,Italian,2,580.58,Wallet,46,2025-03-14,343,Active,4,2025-07-18,Cancelled,1161.16
C3193,Other,Teenager,Islamabad,2024-01-18,O7193,2024-01-24,KFC,Burger,Continental,5,658.43,Card,26,2024-10-22,99,Active,2,2024-12-01,Cancelled,3292.15
C2834,Other,Teenager,Karachi,2024-12-04,O6834,2024-01-24,Pizza Hut,Burger,Dessert,2,591.03,Card,1,2025-04-14,23,Active,1,2025-07-20,Cancelled,1182.06
C4913,Male,Senior,Multan,2023-12-16,O8913,2024-01-24,KFC,Sandwich,Fast Food,4,1461.55,Wallet,16,2025-01-17,50,Active,2,2024-10-22,Cancelled,5846.2
C5976,Male,Teenager,Karachi,2023-12-17,O9976,2024-01-24,Pizza Hut,Fries,Continental,3,585.86,Card,49,2025-01-18,219,Active,4,2025-07-01,Delayed,1757.58
C2487,Male,Teenager,Multan,2025-02-04,O6487,2024-01-25,KFC,Pizza,Dessert,4,1409.75,Wallet,38,2025-02-05,233,Inactive,3,2025-08-11,Delivered,5639.0
C6098,Female,Senior,Multan,2024-04-06,O10098,2024-01-25,Pizza Hut,Sandwich,Chinese,1,354.09,Card,13,2025-08-09,85,Active,1,2025-07-18,Cancelled,354.09
C5117,Male,Teenager,Multan,2025-01-01,O9117,2024-01-25,McDonald's,Burger,Italian,3,919.5,Wallet,28,2025-01-18,180,Active,4,2025-03-20,Delayed,2758.5
C3330,Female,Adult,Lahore,2024-10-13,O7330,2024-01-25,Subway,Sandwich,Italian,5,1345.32,Wallet,49,2024-12-25,270,Inactive,3,2025-06-20,Cancelled,6726.6
C2580,Other,Senior,Multan,2025-03-06,O6580,2024-01-25,Pizza Hut,Fries,Chinese,4,1277.04,Cash,30,2025-03-08,124,Active,4,2025-03-07,Cancelled,5108.16
C4857,Female,Senior,Peshawar,2024-11-30,O8857,2024-01-25,Burger King,Pasta,Italian,3,1195.09,Wallet,49,2025-06-09,82,Inactive,3,2024-09-03,Cancelled,3585.27
C3417,Male,Senior,Peshawar,2024-09-19,O7417,2024-01-25,Burger King,Fries,Dessert,1,378.48,Cash,21,2024-10-17,80,Active,3,2025-02-16,Delayed,378.48
C4017,Male,Senior,Peshawar,2024-07-24,O8017,2024-01-26,Pizza Hut,Sandwich,Chinese,1,1075.73,Wallet,33,2025-01-24,155,Inactive,1,2025-05-31,Delivered,1075.73
C1979,Other,Teenager,Peshawar,2023-11-15,O5979,2024-01-26,McDonald's,Burger,Continental,4,793.48,Cash,8,2024-11-26,58,Active,4,2025-07-03,Delayed,3173.92
C4801,Other,Teenager,Karachi,2024-06-03,O8801,2024-01-26,Pizza Hut,Pizza,Chinese,3,1337.76,Card,39,2024-12-28,13,Inactive,2,2024-11-22,Delivered,4013.28
C6054,Other,Teenager,Peshawar,2023-11-15,O10054,2024-01-26,KFC,Burger,Fast Food,2,840.56,Wallet,33,2025-06-19,274,Inactive,1,2025-06-09,Delayed,1681.12
C2190,Male,Teenager,Lahore,2024-01-19,O6190,2024-01-26,KFC,Sandwich,Chinese,3,1331.21,Card,40,2024-10-19,469,Inactive,1,2024-10-26,Delayed,3993.63
C2749,Female,Teenager,Karachi,2024-10-25,O6749,2024-01-26,KFC,Sandwich,Italian,2,1135.77,Card,36,2025-01-23,416,Active,4,2025-01-16,Delayed,2271.54
C6981,Female,Teenager,Karachi,2025-04-28,O10981,2024-01-26,McDonald's,Sandwich,Continental,4,764.18,Card,18,2025-06-04,476,Active,5,2024-10-26,Cancelled,3056.72
C4603,Other,Senior,Lahore,2023-09-19,O8603,2024-01-26,Subway,Burger,Fast Food,5,400.08,Card,35,2025-06-21,20,Active,1,2024-09-15,Delivered,2000.4
C6610,Male,Senior,Karachi,2024-08-19,O10610,2024-01-26,McDonald's,Sandwich,Dessert,3,1433.71,Wallet,11,2025-05-08,217,Inactive,1,2025-06-06,Delayed,4301.13
C5262,Male,Senior,Lahore,2024-12-27,O9262,2024-01-27,Burger King,Sandwich,Fast Food,5,677.58,Card,32,2025-06-29,111,Active,3,2024-08-29,Delivered,3387.9
C2336,Female,Senior,Islamabad,2025-06-08,O6336,2024-01-27,KFC,Pasta,Chinese,2,1240.12,Wallet,5,2025-06-29,372,Active,2,2025-03-09,Cancelled,2480.24
C5345,Female,Adult,Karachi,2024-09-16,O9345,2024-01-27,McDonald's,Burger,Continental,3,661.62,Cash,42,2024-11-17,401,Active,5,2024-11-19,Cancelled,1984.86
C3358,Other,Teenager,Multan,2023-11-18,O7358,2024-01-27,KFC,Fries,Fast Food,5,964.26,Cash,35,2025-06-23,364,Inactive,5,2025-06-27,Delivered,4821.3
C6348,Female,Adult,Karachi,2024-04-01,O10348,2024-01-27,Burger King,Pasta,Chinese,3,801.26,Card,22,2024-09-17,142,Active,4,2025-03-04,Delivered,2403.78
C1165,Male,Senior,Lahore,2024-07-31,O5165,2024-01-27,McDonald's,Burger,Continental,1,456.55,Cash,15,2024-12-18,222,Inactive,5,2024-09-10,Delivered,456.55
C1057,Male,Adult,Lahore,2023-09-23,O5057,2024-01-27,McDonald's,Pasta,Fast Food,5,1188.1,Wallet,10,2024-10-07,349,Inactive,5,2025-01-23,Cancelled,5940.5
C1328,Male,Senior,Karachi,2023-12-11,O5328,2024-01-27,Subway,Pizza,Continental,1,910.55,Card,10,2025-04-27,203,Inactive,5,2024-10-22,Cancelled,910.55
C2078,Other,Senior,Karachi,2024-10-22,O6078,2024-01-27,McDonald's,Pizza,Dessert,5,371.56,Cash,48,2025-05-17,311,Inactive,5,2025-07-09,Delivered,1857.8
C6567,Male,Senior,Karachi,2023-09-02,O10567,2024-01-28,Burger King,Sandwich,Chinese,3,526.09,Cash,34,2025-04-29,378,Inactive,2,2024-12-26,Delivered,1578.27
C1322,Male,Adult,Karachi,2025-02-07,O5322,2024-01-28,Pizza Hut,Pizza,Continental,1,466.7,Cash,41,2025-07-22,131,Active,1,2025-03-27,Delayed,466.7
C5603,Other,Senior,Karachi,2025-04-26,O9603,2024-01-28,Subway,Fries,Chinese,1,1489.11,Cash,46,2025-07-04,141,Active,3,2025-03-01,Delivered,1489.11
C3505,Female,Teenager,Lahore,2025-07-14,O7505,2024-01-28,McDonald's,Pasta,Continental,1,111.42,Cash,32,2025-08-06,47,Inactive,1,2024-09-20,Delivered,111.42
C4326,Female,Senior,Islamabad,2025-02-11,O8326,2024-01-28,McDonald's,Sandwich,Chinese,2,234.92,Card,42,2025-07-27,180,Active,1,2024-09-14,Delayed,469.84
C2502,Female,Senior,Multan,2024-07-06,O6502,2024-01-28,KFC,Fries,Dessert,2,1427.82,Card,20,2025-02-11,460,Active,4,2024-09-26,Cancelled,2855.64
C5963,Female,Adult,Lahore,2025-05-13,O9963,2024-01-28,KFC,Pizza,Dessert,5,1023.22,Wallet,24,2025-06-23,181,Active,2,2024-11-16,Cancelled,5116.1
C5168,Male,Adult,Lahore,2023-08-26,O9168,2024-01-29,Subway,Sandwich,Fast Food,4,1335.08,Wallet,3,2025-04-26,94,Inactive,4,2025-08-12,Delayed,5340.32
C6670,Male,Adult,Islamabad,2024-05-10,O10670,2024-01-29,KFC,Pasta,Chinese,2,1367.64,Wallet,22,2025-02-28,159,Active,3,2025-02-21,Delivered,2735.28
C2067,Other,Adult,Islamabad,2024-03-30,O6067,2024-01-29,KFC,Fries,Continental,4,571.84,Card,3,2025-05-12,120,Inactive,5,2025-04-27,Delivered,2287.36
C4793,Female,Teenager,Multan,2024-11-23,O8793,2024-01-29,KFC,Burger,Dessert,1,986.14,Card,23,2025-02-17,287,Active,3,2025-06-21,Cancelled,986.14
C3570,Female,Senior,Islamabad,2023-12-27,O7570,2024-01-29,McDonald's,Pasta,Italian,2,722.68,Cash,15,2025-02-25,0,Active,4,2025-02-26,Delivered,1445.36
C6352,Female,Senior,Islamabad,2024-08-01,O10352,2024-01-29,KFC,Fries,Dessert,2,176.9,Card,1,2024-09-22,134,Inactive,5,2025-01-17,Cancelled,353.8
C2155,Male,Teenager,Lahore,2024-10-05,O6155,2024-01-29,Burger King,Sandwich,Continental,3,1262.56,Card,34,2025-02-16,178,Inactive,1,2024-11-20,Delayed,3787.68
C1714,Female,Senior,Karachi,2024-09-21,O5714,2024-01-29,Burger King,Pasta,Continental,5,328.51,Cash,17,2025-03-04,108,Active,1,2025-08-05,Delayed,1642.55
C4283,Female,Senior,Islamabad,2024-03-09,O8283,2024-01-29,Pizza Hut,Pasta,Dessert,5,866.88,Cash,48,2024-11-23,229,Inactive,5,2024-09-28,Cancelled,4334.4
C4767,Female,Adult,Islamabad,2025-04-20,O8767,2024-01-30,Burger King,Fries,Italian,1,806.81,Cash,50,2025-08-01,311,Active,3,2025-01-13,Delayed,806.81
C2599,Female,Senior,Peshawar,2024-08-22,O6599,2024-01-30,Subway,Burger,Fast Food,3,907.98,Card,23,2025-05-13,302,Active,1,2024-11-14,Cancelled,2723.94
C5547,Female,Senior,Multan,2023-12-31,O9547,2024-01-30,McDonald's,Pasta,Fast Food,4,1232.33,Card,5,2025-08-04,19,Inactive,5,2025-05-21,Delivered,4929.32
C4944,Female,Senior,Multan,2023-10-22,O8944,2024-01-30,McDonald's,Burger,Dessert,5,418.94,Card,16,2025-01-25,73,Inactive,2,2025-02-18,Delivered,2094.7
C6861,Female,Senior,Karachi,2024-11-29,O10861,2024-01-30,KFC,Pizza,Dessert,3,596.24,Wallet,49,2024-12-06,177,Active,4,2025-04-04,Delayed,1788.72
C1291,Female,Adult,Lahore,2023-11-16,O5291,2024-01-30,Pizza Hut,Sandwich,Continental,4,342.31,Wallet,46,2025-01-23,276,Active,4,2024-10-26,Delivered,1369.24
C5257,Other,Teenager,Karachi,2023-11-01,O9257,2024-01-30,Pizza Hut,Pasta,Continental,4,862.35,Wallet,48,2024-10-23,400,Inactive,2,2024-10-01,Delivered,3449.4
C2754,Female,Teenager,Lahore,2024-11-04,O6754,2024-01-30,Subway,Burger,Dessert,4,1330.87,Card,43,2025-07-22,128,Inactive,5,2025-05-06,Delivered,5323.48
C6133,Female,Adult,Islamabad,2024-02-24,O10133,2024-01-30,KFC,Pasta,Fast Food,4,456.94,Wallet,48,2025-07-22,42,Active,1,2025-01-03,Delayed,1827.76
C3216,Other,Adult,Islamabad,2023-10-08,O7216,2024-01-30,McDonald's,Burger,Italian,2,1130.65,Cash,16,2025-08-13,211,Active,2,2025-05-09,Delayed,2261.3
C5212,Other,Senior,Lahore,2023-10-25,O9212,2024-01-30,KFC,Burger,Italian,4,1004.77,Wallet,36,2025-06-09,263,Active,1,2025-08-17,Delivered,4019.08
C4301,Other,Adult,Karachi,2024-01-08,O8301,2024-01-31,Subway,Pasta,Chinese,1,763.67,Card,30,2025-07-20,315,Inactive,4,2025-04-26,Delivered,763.67
C6160,Female,Adult,Peshawar,2024-06-22,O10160,2024-01-31,McDonald's,Pizza,Fast Food,4,1427.37,Card,47,2025-05-26,384,Active,3,2025-03-28,Cancelled,5709.48
C3238,Other,Senior,Multan,2024-11-02,O7238,2024-01-31,Subway,Burger,Dessert,4,1425.94,Wallet,9,2025-03-29,15,Inactive,3,2024-11-28,Cancelled,5703.76
C3401,Other,Senior,Peshawar,2025-04-07,O7401,2024-01-31,McDonald's,Sandwich,Fast Food,5,1482.22,Card,28,2025-05-16,238,Active,1,2024-12-14,Delayed,7411.1
C6806,Other,Senior,Multan,2024-11-16,O10806,2024-01-31,Burger King,Burger,Italian,3,909.33,Card,29,2025-07-26,226,Inactive,2,2025-04-17,Cancelled,2727.99
C4518,Other,Senior,Multan,2023-10-19,O8518,2024-01-31,KFC,Burger,Fast Food,2,1202.07,Card,5,2024-10-22,242,Active,1,2025-02-21,Delivered,2404.14
C3084,Other,Adult,Karachi,2024-06-01,O7084,2024-02-01,Subway,Sandwich,Dessert,4,956.21,Cash,35,2025-01-24,39,Inactive,2,2024-11-20,Delivered,3824.84
C5982,Female,Adult,Karachi,2024-04-16,O9982,2024-02-01,Pizza Hut,Sandwich,Fast Food,4,814.0,Cash,34,2025-04-24,280,Inactive,3,2024-08-26,Delivered,3256.0
C1860,Other,Adult,Karachi,2023-08-26,O5860,2024-02-01,Subway,Pasta,Chinese,3,1361.64,Wallet,31,2024-10-23,30,Inactive,5,2025-08-14,Cancelled,4084.92
C1766,Male,Teenager,Peshawar,2024-08-15,O5766,2024-02-01,KFC,Sandwich,Chinese,3,870.23,Cash,40,2024-09-25,305,Active,2,2025-07-19,Delivered,2610.69
C3626,Male,Senior,Multan,2023-10-27,O7626,2024-02-01,Subway,Burger,Dessert,4,296.34,Wallet,12,2025-05-19,196,Active,3,2025-07-19,Delivered,1185.36
C2007,Other,Adult,Peshawar,2024-10-09,O6007,2024-02-01,Subway,Pasta,Italian,5,1478.69,Cash,21,2025-07-21,391,Active,1,2025-08-04,Delivered,7393.45
C2575,Male,Senior,Islamabad,2025-04-27,O6575,2024-02-01,Burger King,Pasta,Fast Food,1,1290.2,Cash,42,2025-06-01,308,Active,1,2024-10-20,Cancelled,1290.2
C2439,Other,Adult,Karachi,2024-01-07,O6439,2024-02-01,McDonald's,Burger,Continental,4,1196.99,Card,32,2024-12-03,252,Active,2,2025-01-30,Cancelled,4787.96
C2864,Male,Teenager,Karachi,2025-03-23,O6864,2024-02-02,KFC,Pasta,Dessert,1,1286.55,Cash,4,2025-06-08,454,Active,1,2025-04-26,Delayed,1286.55
C1136,Other,Senior,Peshawar,2024-03-18,O5136,2024-02-02,KFC,Burger,Chinese,5,1149.89,Wallet,19,2024-09-03,351,Active,4,2024-11-05,Cancelled,5749.45
C5185,Other,Senior,Multan,2023-12-04,O9185,2024-02-02,KFC,Burger,Chinese,3,178.65,Cash,40,2024-11-01,73,Active,4,2025-06-02,Delayed,535.95
C6733,Other,Teenager,Karachi,2024-11-08,O10733,2024-02-02,Burger King,Sandwich,Dessert,5,1464.98,Wallet,30,2025-07-11,382,Inactive,3,2024-12-22,Delivered,7324.9
C4912,Other,Teenager,Peshawar,2024-04-06,O8912,2024-02-02,Burger King,Pizza,Italian,3,487.56,Wallet,7,2025-03-18,396,Inactive,3,2024-12-26,Delayed,1462.68
C4405,Female,Teenager,Islamabad,2025-05-15,O8405,2024-02-03,Subway,Sandwich,Italian,1,862.82,Wallet,44,2025-06-03,9,Inactive,1,2025-03-20,Delivered,862.82
C5227,Male,Adult,Lahore,2024-09-07,O9227,2024-02-03,Subway,Burger,Italian,3,1061.61,Wallet,48,2025-01-08,410,Inactive,1,2024-09-13,Delivered,3184.83
C2017,Male,Senior,Lahore,2024-12-10,O6017,2024-02-03,Burger King,Pizza,Italian,2,1021.84,Cash,12,2025-07-29,331,Inactive,4,2025-01-14,Delayed,2043.68
C1671,Male,Teenager,Peshawar,2025-02-08,O5671,2024-02-03,Subway,Pizza,Dessert,2,1046.99,Cash,41,2025-04-05,467,Active,1,2024-12-28,Delayed,2093.98
C4707,Other,Senior,Multan,2024-05-16,O8707,2024-02-04,Pizza Hut,Pasta,Fast Food,1,1020.92,Wallet,33,2024-09-16,455,Inactive,4,2024-09-16,Delayed,1020.92
C3264,Female,Teenager,Islamabad,2023-09-15,O7264,2024-02-04,KFC,Sandwich,Chinese,4,541.34,Cash,1,2025-05-06,38,Inactive,3,2025-07-16,Delayed,2165.36
C2423,Male,Adult,Multan,2025-04-29,O6423,2024-02-04,Subway,Sandwich,Dessert,1,380.52,Wallet,39,2025-07-02,313,Active,1,2025-01-02,Cancelled,380.52
C6063,Female,Adult,Karachi,2024-02-07,O10063,2024-02-04,Burger King,Pasta,Fast Food,5,1157.27,Cash,25,2025-06-22,140,Inactive,1,2025-05-28,Delivered,5786.35
C1019,Female,Adult,Lahore,2023-12-27,O5019,2024-02-04,Burger King,Sandwich,Continental,2,811.11,Wallet,35,2024-10-13,202,Inactive,3,2024-09-21,Delayed,1622.22
C6744,Other,Adult,Karachi,2024-08-26,O10744,2024-02-05,Pizza Hut,Sandwich,Fast Food,3,1385.57,Card,44,2025-06-26,150,Active,1,2024-12-17,Cancelled,4156.71
C1950,Other,Senior,Karachi,2025-01-02,O5950,2024-02-05,McDonald's,Pizza,Chinese,5,973.19,Wallet,37,2025-02-27,371,Inactive,2,2024-09-28,Delivered,4865.95
C6895,Other,Adult,Lahore,2024-02-27,O10895,2024-02-05,KFC,Fries,Dessert,5,921.34,Wallet,26,2024-12-25,337,Active,4,2025-06-29,Delivered,4606.7
C1761,Male,Adult,Peshawar,2024-11-01,O5761,2024-02-05,Subway,Burger,Dessert,1,961.38,Card,1,2025-06-15,146,Inactive,2,2024-12-01,Cancelled,961.38
C3327,Other,Teenager,Peshawar,2024-12-12,O7327,2024-02-05,Burger King,Burger,Dessert,1,1480.59,Card,40,2025-03-26,250,Active,5,2025-01-27,Delayed,1480.59
C5259,Male,Teenager,Lahore,2024-12-22,O9259,2024-02-05,McDonald's,Pizza,Chinese,1,348.41,Cash,48,2025-07-24,120,Inactive,5,2025-04-01,Cancelled,348.41
C2530,Male,Senior,Lahore,2023-10-12,O6530,2024-02-05,McDonald's,Pasta,Chinese,3,366.28,Wallet,13,2025-05-01,234,Inactive,3,2025-05-18,Cancelled,1098.84
C6278,Male,Adult,Islamabad,2024-12-03,O10278,2024-02-05,KFC,Burger,Chinese,3,536.49,Wallet,49,2025-05-10,272,Inactive,1,2025-04-14,Delivered,1609.47
C1640,Other,Senior,Peshawar,2024-12-20,O5640,2024-02-06,Pizza Hut,Burger,Italian,1,1121.14,Card,39,2025-02-16,31,Active,4,2024-11-27,Delivered,1121.14
C5718,Female,Teenager,Peshawar,2024-04-19,O9718,2024-02-06,KFC,Fries,Dessert,4,1020.4,Cash,5,2025-01-27,73,Inactive,5,2024-10-01,Cancelled,4081.6
C6084,Female,Senior,Multan,2025-03-11,O10084,2024-02-06,McDonald's,Pizza,Dessert,5,548.59,Wallet,50,2025-05-18,311,Active,5,2025-08-04,Delayed,2742.95
C3708,Female,Adult,Karachi,2023-12-13,O7708,2024-02-06,Subway,Pizza,Fast Food,1,1073.18,Wallet,1,2024-12-04,96,Inactive,1,2024-09-23,Delivered,1073.18
C4714,Female,Senior,Islamabad,2024-08-04,O8714,2024-02-06,Subway,Fries,Chinese,2,1001.76,Card,1,2024-12-09,115,Active,4,2024-12-27,Delayed,2003.52
C5104,Female,Senior,Islamabad,2024-08-28,O9104,2024-02-06,McDonald's,Pizza,Chinese,2,710.01,Wallet,46,2025-03-09,51,Active,2,2024-09-18,Delayed,1420.02
C3988,Female,Adult,Lahore,2024-07-13,O7988,2024-02-06,Subway,Pizza,Continental,2,880.6,Cash,22,2024-10-12,215,Active,5,2025-03-20,Delayed,1761.2
C4845,Male,Adult,Peshawar,2024-07-09,O8845,2024-02-06,Subway,Pasta,Italian,3,527.78,Card,6,2025-03-27,133,Inactive,5,2025-05-28,Delayed,1583.34
C4972,Male,Adult,Islamabad,2024-09-23,O8972,2024-02-06,Burger King,Burger,Dessert,4,252.25,Cash,42,2025-01-16,163,Active,2,2025-03-27,Cancelled,1009.0
C3689,Other,Teenager,Peshawar,2024-04-22,O7689,2024-02-07,KFC,Sandwich,Dessert,3,1229.53,Cash,6,2024-10-21,11,Active,4,2025-07-04,Cancelled,3688.59
C3501,Other,Teenager,Peshawar,2023-11-03,O7501,2024-02-07,McDonald's,Burger,Chinese,1,776.39,Wallet,11,2025-06-17,112,Inactive,4,2024-12-25,Cancelled,776.39
C2852,Female,Adult,Peshawar,2024-02-13,O6852,2024-02-07,Subway,Fries,Continental,3,474.62,Cash,26,2024-08-29,358,Active,3,2025-03-19,Delayed,1423.86
C6919,Other,Adult,Karachi,2025-04-26,O10919,2024-02-07,McDonald's,Pizza,Italian,1,435.08,Card,46,2025-07-26,358,Active,2,2025-08-20,Delayed,435.08
C4032,Male,Teenager,Peshawar,2025-03-15,O8032,2024-02-07,McDonald's,Sandwich,Continental,5,408.29,Wallet,47,2025-05-23,20,Active,2,2024-11-02,Delivered,2041.45
C1497,Male,Teenager,Karachi,2025-03-24,O5497,2024-02-07,Burger King,Pizza,Fast Food,3,1494.29,Wallet,17,2025-05-08,495,Inactive,2,2024-09-15,Cancelled,4482.87
C3342,Female,Adult,Peshawar,2025-02-01,O7342,2024-02-07,Pizza Hut,Pasta,Fast Food,3,914.81,Wallet,19,2025-05-05,67,Active,1,2025-08-15,Delayed,2744.43
C5194,Other,Teenager,Multan,2024-10-25,O9194,2024-02-08,Pizza Hut,Sandwich,Dessert,1,1021.82,Wallet,15,2025-04-17,430,Inactive,2,2025-05-12,Delivered,1021.82
C5480,Other,Adult,Karachi,2024-03-14,O9480,2024-02-08,Subway,Fries,Italian,5,1421.13,Card,39,2025-07-27,352,Active,3,2024-10-22,Delayed,7105.65
C1319,Other,Senior,Multan,2024-10-14,O5319,2024-02-08,KFC,Fries,Chinese,2,1228.42,Cash,25,2025-06-23,409,Inactive,4,2025-07-14,Delivered,2456.84
C2589,Female,Senior,Karachi,2024-12-30,O6589,2024-02-08,McDonald's,Sandwich,Italian,3,748.42,Wallet,3,2025-05-12,462,Inactive,1,2024-09-09,Delayed,2245.26
C5232,Female,Senior,Lahore,2024-07-22,O9232,2024-02-08,Burger King,Sandwich,Fast Food,1,730.76,Wallet,34,2024-10-15,479,Active,2,2024-08-21,Cancelled,730.76
C2352,Other,Adult,Karachi,2024-08-21,O6352,2024-02-08,KFC,Pizza,Fast Food,1,938.44,Card,3,2025-03-03,241,Active,5,2024-11-19,Delayed,938.44
C1246,Other,Senior,Islamabad,2024-07-15,O5246,2024-02-08,Subway,Burger,Chinese,3,165.69,Card,22,2024-12-30,236,Active,4,2024-10-08,Delivered,497.07
C3363,Female,Teenager,Peshawar,2024-03-10,O7363,2024-02-09,McDonald's,Fries,Dessert,3,171.95,Cash,25,2025-06-14,215,Active,4,2025-01-24,Delayed,515.85
C2742,Other,Adult,Islamabad,2024-03-28,O6742,2024-02-09,KFC,Burger,Chinese,1,878.99,Wallet,29,2025-07-17,105,Inactive,3,2025-05-08,Cancelled,878.99
C5193,Female,Senior,Peshawar,2024-06-19,O9193,2024-02-09,KFC,Pasta,Dessert,3,646.37,Card,7,2025-05-18,138,Active,1,2025-04-30,Delivered,1939.11
C4943,Other,Adult,Lahore,2025-01-17,O8943,2024-02-09,KFC,Burger,Dessert,3,948.43,Wallet,44,2025-06-08,51,Inactive,2,2024-09-13,Delivered,2845.29
C3039,Other,Senior,Karachi,2023-10-16,O7039,2024-02-09,Pizza Hut,Burger,Chinese,4,150.64,Cash,45,2025-03-24,367,Active,3,2025-02-21,Delivered,602.56
C2247,Female,Senior,Multan,2024-10-23,O6247,2024-02-09,Subway,Pizza,Italian,4,1088.13,Wallet,44,2024-10-30,63,Inactive,5,2025-02-10,Delayed,4352.52
C2982,Male,Teenager,Islamabad,2024-04-17,O6982,2024-02-09,Subway,Pasta,Italian,4,290.88,Cash,21,2025-06-03,458,Inactive,4,2025-01-28,Cancelled,1163.52
C5311,Female,Senior,Peshawar,2025-04-09,O9311,2024-02-10,McDonald's,Sandwich,Italian,4,1111.65,Card,42,2025-07-15,130,Inactive,1,2025-07-14,Cancelled,4446.6
C3508,Female,Teenager,Multan,2024-06-13,O7508,2024-02-10,McDonald's,Burger,Continental,2,721.57,Wallet,34,2024-12-11,201,Active,1,2025-07-09,Cancelled,1443.14
C4499,Other,Teenager,Peshawar,2024-04-09,O8499,2024-02-10,McDonald's,Burger,Chinese,2,318.0,Card,48,2025-06-18,241,Active,5,2024-10-08,Delayed,636.0
C3888,Male,Teenager,Islamabad,2024-04-18,O7888,2024-02-10,Pizza Hut,Burger,Chinese,3,1341.31,Wallet,2,2024-09-17,19,Inactive,1,2025-04-10,Delivered,4023.93
C5084,Other,Adult,Peshawar,2024-09-07,O9084,2024-02-10,KFC,Pasta,Italian,1,1258.9,Card,44,2024-10-05,225,Inactive,1,2025-06-16,Cancelled,1258.9
C1623,Female,Senior,Peshawar,2024-12-25,O5623,2024-02-10,Pizza Hut,Fries,Fast Food,4,1370.81,Wallet,36,2025-03-06,95,Inactive,1,2024-08-28,Delivered,5483.24
C6480,Male,Senior,Multan,2023-10-19,O10480,2024-02-10,McDonald's,Pizza,Italian,1,820.63,Cash,4,2025-03-09,147,Active,4,2024-12-14,Delayed,820.63
C2944,Male,Adult,Multan,2024-08-08,O6944,2024-02-10,McDonald's,Sandwich,Continental,3,455.0,Card,45,2025-03-18,403,Active,5,2025-08-15,Cancelled,1365.0
C2638,Other,Senior,Peshawar,2024-04-29,O6638,2024-02-11,KFC,Burger,Continental,2,716.66,Wallet,12,2025-01-08,187,Inactive,5,2024-12-10,Cancelled,1433.32
C3602,Female,Adult,Peshawar,2023-10-12,O7602,2024-02-11,McDonald's,Burger,Chinese,5,1247.58,Wallet,16,2024-08-25,442,Inactive,3,2024-09-30,Delivered,6237.9
C3368,Female,Teenager,Peshawar,2024-06-19,O7368,2024-02-11,Burger King,Sandwich,Continental,3,386.59,Card,24,2024-11-13,468,Active,2,2024-10-06,Delivered,1159.77
C6512,Other,Senior,Karachi,2024-06-28,O10512,2024-02-11,McDonald's,Pizza,Continental,4,1449.23,Card,41,2025-05-29,257,Inactive,2,2024-10-25,Delayed,5796.92
C4775,Female,Teenager,Peshawar,2024-02-16,O8775,2024-02-11,Subway,Sandwich,Continental,4,412.31,Card,14,2025-07-01,18,Active,2,2024-12-19,Delayed,1649.24
C6322,Female,Senior,Multan,2024-05-23,O10322,2024-02-11,Pizza Hut,Sandwich,Dessert,1,1250.97,Cash,16,2025-06-04,30,Inactive,3,2025-06-24,Delayed,1250.97
C5515,Male,Senior,Karachi,2023-09-10,O9515,2024-02-11,Burger King,Sandwich,Chinese,1,985.03,Wallet,43,2024-09-29,344,Inactive,1,2024-09-25,Cancelled,985.03
C2745,Male,Teenager,Peshawar,2023-08-27,O6745,2024-02-11,Burger King,Burger,Dessert,3,1283.92,Cash,13,2024-09-08,244,Inactive,2,2024-12-17,Delayed,3851.76
C2828,Female,Adult,Karachi,2024-03-15,O6828,2024-02-11,Subway,Sandwich,Continental,5,1104.92,Cash,11,2025-07-14,404,Active,2,2024-08-24,Delivered,5524.6
C6872,Other,Teenager,Islamabad,2024-04-18,O10872,2024-02-11,Burger King,Sandwich,Dessert,4,1392.57,Card,18,2025-05-07,47,Active,1,2024-11-10,Cancelled,5570.28
C2537,Male,Adult,Islamabad,2025-06-18,O6537,2024-02-12,Burger King,Fries,Dessert,3,1360.89,Cash,5,2025-08-20,227,Active,1,2024-08-27,Cancelled,4082.67
C1780,Male,Senior,Islamabad,2025-04-19,O5780,2024-02-12,Pizza Hut,Fries,Italian,5,377.25,Card,9,2025-05-13,422,Active,1,2024-12-08,Delayed,1886.25
C5698,Other,Teenager,Lahore,2024-07-11,O9698,2024-02-12,McDonald's,Pasta,Dessert,5,289.61,Cash,7,2025-06-18,116,Inactive,3,2024-09-04,Delayed,1448.05
C6445,Female,Senior,Peshawar,2025-04-05,O10445,2024-02-12,KFC,Pizza,Italian,1,659.93,Wallet,16,2025-04-27,113,Active,4,2025-05-25,Delivered,659.93
C4256,Male,Teenager,Lahore,2024-09-27,O8256,2024-02-12,KFC,Sandwich,Italian,2,967.79,Cash,41,2024-10-11,412,Inactive,4,2025-06-25,Cancelled,1935.58
C4690,Other,Senior,Islamabad,2024-01-17,O8690,2024-02-13,Burger King,Pizza,Continental,3,171.93,Card,16,2025-03-20,129,Active,4,2024-08-29,Delayed,515.79
C1952,Other,Senior,Peshawar,2024-05-17,O5952,2024-02-13,KFC,Fries,Fast Food,5,631.61,Card,25,2025-02-25,34,Active,5,2024-08-25,Delivered,3158.05
C4415,Other,Teenager,Islamabad,2024-07-20,O8415,2024-02-13,Burger King,Burger,Continental,3,427.8,Card,20,2025-03-19,11,Active,2,2025-02-28,Delivered,1283.4
C3108,Female,Adult,Karachi,2024-01-28,O7108,2024-02-14,Subway,Sandwich,Dessert,5,344.8,Cash,7,2025-03-02,400,Active,4,2024-10-21,Delivered,1724.0
C4750,Male,Adult,Peshawar,2024-02-20,O8750,2024-02-14,Subway,Burger,Fast Food,1,1370.46,Wallet,15,2025-05-25,59,Inactive,4,2024-09-02,Cancelled,1370.46
C4480,Male,Adult,Lahore,2024-08-23,O8480,2024-02-14,KFC,Fries,Dessert,1,291.03,Wallet,42,2025-06-25,205,Inactive,4,2024-12-01,Delayed,291.03
C1462,Female,Adult,Islamabad,2025-04-10,O5462,2024-02-14,McDonald's,Fries,Chinese,4,1215.7,Wallet,2,2025-08-07,298,Active,5,2024-09-24,Delayed,4862.8
C4524,Other,Senior,Islamabad,2025-01-02,O8524,2024-02-14,KFC,Burger,Fast Food,2,1271.3,Wallet,3,2025-05-12,300,Active,1,2025-04-08,Cancelled,2542.6
C1199,Other,Teenager,Lahore,2024-08-10,O5199,2024-02-15,Subway,Sandwich,Chinese,4,347.46,Wallet,37,2024-11-26,74,Inactive,3,2025-03-17,Delivered,1389.84
C3219,Male,Teenager,Multan,2024-08-23,O7219,2024-02-15,Burger King,Sandwich,Chinese,1,729.97,Wallet,5,2025-07-16,472,Active,4,2024-12-10,Delivered,729.97
C2407,Female,Teenager,Karachi,2024-12-15,O6407,2024-02-15,KFC,Fries,Fast Food,5,1493.07,Cash,14,2025-02-13,423,Active,4,2025-05-17,Cancelled,7465.35
C2199,Female,Senior,Karachi,2024-12-28,O6199,2024-02-15,KFC,Fries,Chinese,5,695.51,Wallet,27,2025-03-23,227,Inactive,3,2025-05-24,Cancelled,3477.55
C1533,Other,Adult,Karachi,2024-11-07,O5533,2024-02-15,Burger King,Fries,Chinese,2,420.11,Card,15,2025-07-17,281,Inactive,1,2024-08-31,Delayed,840.22
C4211,Other,Senior,Peshawar,2024-10-31,O8211,2024-02-15,KFC,Burger,Fast Food,5,527.23,Cash,16,2025-03-10,256,Inactive,4,2025-02-27,Delayed,2636.15
C1121,Female,Senior,Islamabad,2024-11-14,O5121,2024-02-15,Pizza Hut,Pasta,Dessert,5,784.74,Wallet,22,2025-06-11,425,Active,1,2024-10-05,Delivered,3923.7
C6991,Female,Teenager,Multan,2023-09-24,O10991,2024-02-15,KFC,Burger,Chinese,4,1298.75,Card,28,2024-09-22,285,Active,1,2025-07-07,Delivered,5195.0
C5779,Other,Teenager,Multan,2024-05-07,O9779,2024-02-16,KFC,Fries,Continental,1,298.83,Card,23,2024-10-15,275,Active,1,2025-02-06,Cancelled,298.83
C1719,Male,Teenager,Lahore,2024-12-24,O5719,2024-02-16,KFC,Pasta,Italian,5,848.34,Card,12,2025-06-20,283,Inactive,3,2025-02-04,Delayed,4241.7
C2355,Male,Senior,Multan,2023-09-30,O6355,2024-02-16,McDonald's,Sandwich,Fast Food,2,1114.25,Cash,47,2025-03-30,60,Active,4,2025-05-25,Cancelled,2228.5
C3936,Other,Adult,Peshawar,2025-01-26,O7936,2024-02-16,Burger King,Pizza,Italian,3,807.34,Card,11,2025-07-22,44,Inactive,1,2025-05-17,Delivered,2422.02
C1003,Male,Teenager,Islamabad,2023-11-15,O5003,2024-02-16,Burger King,Pizza,Fast Food,1,133.44,Cash,16,2025-03-09,142,Active,2,2025-02-16,Cancelled,133.44
C2508,Other,Teenager,Karachi,2024-03-05,O6508,2024-02-16,KFC,Burger,Italian,2,178.97,Cash,21,2025-02-20,322,Inactive,1,2024-12-02,Delayed,357.94
C4398,Female,Teenager,Karachi,2025-02-20,O8398,2024-02-16,KFC,Sandwich,Italian,2,893.7,Wallet,33,2025-07-03,245,Active,1,2024-11-02,Delayed,1787.4
C3686,Male,Adult,Islamabad,2024-10-25,O7686,2024-02-17,Pizza Hut,Fries,Chinese,4,1180.26,Cash,33,2024-12-22,456,Inactive,2,2025-07-26,Delayed,4721.04
C4924,Male,Senior,Multan,2025-01-16,O8924,2024-02-17,Pizza Hut,Burger,Fast Food,5,701.73,Wallet,24,2025-06-27,394,Active,3,2025-08-11,Delayed,3508.65
C6969,Other,Adult,Peshawar,2024-03-25,O10969,2024-02-17,Pizza Hut,Pizza,Continental,5,1213.36,Cash,43,2025-05-28,439,Inactive,1,2024-11-03,Cancelled,6066.8
C6581,Female,Teenager,Karachi,2024-11-20,O10581,2024-02-17,McDonald's,Fries,Dessert,2,865.17,Card,8,2025-07-04,374,Inactive,3,2024-10-15,Delayed,1730.34
C2795,Female,Senior,Islamabad,2023-10-29,O6795,2024-02-17,McDonald's,Sandwich,Dessert,3,386.38,Wallet,37,2025-06-28,257,Inactive,3,2024-11-17,Cancelled,1159.14
C2707,Female,Senior,Karachi,2024-10-03,O6707,2024-02-17,Pizza Hut,Sandwich,Dessert,1,988.94,Cash,49,2024-12-07,443,Active,3,2024-11-28,Cancelled,988.94
C4509,Other,Teenager,Multan,2024-03-08,O8509,2024-02-17,Subway,Fries,Continental,4,1106.76,Wallet,20,2025-06-11,368,Active,3,2024-09-30,Delivered,4427.04
C5876,Female,Teenager,Islamabad,2024-11-28,O9876,2024-02-17,Burger King,Sandwich,Fast Food,2,966.63,Card,18,2025-06-17,461,Inactive,4,2024-11-23,Delayed,1933.26
C5701,Other,Senior,Islamabad,2024-08-09,O9701,2024-02-18,Subway,Fries,Chinese,2,1273.83,Wallet,23,2025-01-19,474,Inactive,5,2025-03-09,Cancelled,2547.66
C4373,Male,Senior,Islamabad,2024-02-12,O8373,2024-02-18,Burger King,Pasta,Continental,1,538.38,Wallet,19,2024-08-22,208,Inactive,2,2025-01-02,Delivered,538.38
C2701,Other,Senior,Peshawar,2024-10-05,O6701,2024-02-18,Subway,Pasta,Dessert,5,684.65,Cash,23,2025-04-08,487,Active,4,2024-09-19,Cancelled,3423.25
C5748,Other,Adult,Peshawar,2024-09-01,O9748,2024-02-18,McDonald's,Pizza,Chinese,4,181.27,Cash,47,2025-05-03,230,Active,1,2024-11-08,Cancelled,725.08
C6746,Female,Senior,Karachi,2024-12-08,O10746,2024-02-18,Burger King,Burger,Fast Food,1,861.14,Cash,46,2025-06-17,15,Active,1,2025-06-11,Delivered,861.14
C4744,Other,Teenager,Lahore,2024-02-02,O8744,2024-02-18,Pizza Hut,Burger,Chinese,5,995.46,Wallet,8,2025-03-13,112,Inactive,3,2025-05-29,Delivered,4977.3
C1214,Other,Adult,Karachi,2024-05-18,O5214,2024-02-18,McDonald's,Sandwich,Fast Food,4,1074.34,Wallet,35,2024-10-26,225,Active,4,2025-01-01,Cancelled,4297.36
C2784,Male,Adult,Lahore,2025-06-25,O6784,2024-02-18,KFC,Pasta,Dessert,3,643.9,Card,15,2025-08-18,310,Inactive,5,2024-10-02,Delivered,1931.7
C6191,Other,Teenager,Lahore,2024-12-03,O10191,2024-02-18,Burger King,Pasta,Continental,5,596.16,Wallet,49,2024-12-14,136,Inactive,3,2025-03-08,Cancelled,2980.8
C4682,Male,Senior,Lahore,2024-07-29,O8682,2024-02-18,KFC,Sandwich,Fast Food,3,486.63,Cash,49,2024-12-28,94,Inactive,1,2025-02-19,Delayed,1459.89
C3772,Other,Senior,Karachi,2024-03-16,O7772,2024-02-19,Pizza Hut,Fries,Dessert,5,478.06,Wallet,25,2025-07-03,390,Inactive,1,2025-01-03,Cancelled,2390.3
C4820,Male,Senior,Islamabad,2025-07-11,O8820,2024-02-19,Subway,Pasta,Dessert,3,515.17,Cash,20,2025-08-10,450,Inactive,3,2025-01-27,Delivered,1545.51
C4325,Female,Senior,Lahore,2025-07-01,O8325,2024-02-19,Pizza Hut,Fries,Italian,2,962.39,Wallet,1,2025-08-14,273,Active,1,2025-04-26,Cancelled,1924.78
C3234,Other,Teenager,Islamabad,2024-06-24,O7234,2024-02-19,KFC,Fries,Italian,3,1456.01,Card,42,2024-11-04,404,Active,4,2025-01-21,Delayed,4368.03
C3712,Male,Senior,Multan,2024-09-27,O7712,2024-02-19,McDonald's,Burger,Fast Food,3,298.73,Cash,17,2024-12-28,28,Inactive,5,2025-07-03,Delayed,896.19
C5492,Male,Senior,Peshawar,2024-04-30,O9492,2024-02-19,Burger King,Burger,Continental,3,1276.38,Cash,34,2024-09-01,286,Active,1,2025-05-16,Delayed,3829.14
C4601,Other,Adult,Peshawar,2024-07-21,O8601,2024-02-19,Pizza Hut,Burger,Chinese,4,469.71,Card,1,2024-10-24,156,Active,5,2024-11-23,Cancelled,1878.84
C3927,Female,Senior,Lahore,2024-09-11,O7927,2024-02-20,Burger King,Sandwich,Chinese,2,793.77,Wallet,19,2024-09-17,56,Inactive,5,2025-05-23,Delayed,1587.54
C5697,Male,Teenager,Multan,2023-09-18,O9697,2024-02-20,KFC,Burger,Dessert,2,1287.98,Cash,17,2025-01-11,392,Active,5,2025-06-25,Delivered,2575.96
C2882,Male,Adult,Peshawar,2024-08-21,O6882,2024-02-20,Subway,Sandwich,Continental,3,1046.16,Wallet,2,2025-03-16,435,Active,5,2024-11-06,Delayed,3138.48
C4854,Female,Teenager,Lahore,2024-10-26,O8854,2024-02-20,Pizza Hut,Sandwich,Chinese,3,599.97,Wallet,33,2025-02-04,320,Active,4,2025-05-06,Delivered,1799.91
C6589,Male,Adult,Peshawar,2024-02-16,O10589,2024-02-20,Subway,Pasta,Continental,2,235.82,Card,11,2024-12-20,40,Inactive,5,2025-07-10,Cancelled,471.64
C6151,Female,Teenager,Peshawar,2024-01-19,O10151,2024-02-20,McDonald's,Fries,Chinese,5,498.84,Cash,24,2024-11-19,111,Inactive,2,2024-09-09,Delivered,2494.2
C6103,Other,Adult,Peshawar,2024-03-30,O10103,2024-02-20,Pizza Hut,Pizza,Fast Food,3,998.71,Card,16,2025-02-06,317,Inactive,5,2025-06-18,Delayed,2996.13
C4664,Male,Teenager,Multan,2024-12-22,O8664,2024-02-20,KFC,Burger,Continental,1,478.34,Card,9,2025-08-02,252,Inactive,3,2024-09-01,Cancelled,478.34
C1446,Other,Adult,Karachi,2024-01-10,O5446,2024-02-21,Burger King,Pasta,Dessert,2,113.28,Wallet,16,2025-02-06,141,Active,3,2025-04-05,Cancelled,226.56
C4570,Female,Adult,Lahore,2024-04-14,O8570,2024-02-21,Subway,Pizza,Dessert,1,342.45,Card,11,2025-03-28,164,Active,4,2025-06-18,Delayed,342.45
C6344,Female,Teenager,Multan,2025-02-25,O10344,2024-02-21,McDonald's,Fries,Chinese,1,854.74,Cash,40,2025-08-03,280,Inactive,4,2024-12-09,Cancelled,854.74
C2413,Male,Senior,Peshawar,2024-01-05,O6413,2024-02-21,Pizza Hut,Fries,Continental,5,1363.97,Cash,30,2024-12-28,71,Inactive,3,2024-11-03,Cancelled,6819.85
C6816,Male,Teenager,Lahore,2024-01-10,O10816,2024-02-21,McDonald's,Pizza,Continental,1,546.03,Cash,41,2025-01-15,478,Active,4,2025-07-18,Delayed,546.03
C4771,Female,Teenager,Lahore,2025-04-30,O8771,2024-02-21,KFC,Burger,Continental,2,276.6,Card,7,2025-06-28,85,Active,3,2025-08-11,Delayed,553.2
C2032,Male,Adult,Peshawar,2024-01-09,O6032,2024-02-21,McDonald's,Fries,Fast Food,3,1378.28,Cash,50,2025-06-20,107,Inactive,2,2025-07-15,Cancelled,4134.84
C4827,Male,Teenager,Lahore,2024-11-28,O8827,2024-02-21,Subway,Pasta,Fast Food,1,218.31,Wallet,20,2025-08-09,84,Inactive,4,2025-04-24,Delivered,218.31
C4157,Female,Senior,Multan,2025-03-03,O8157,2024-02-21,Pizza Hut,Pasta,Continental,2,1484.97,Cash,3,2025-05-04,323,Inactive,4,2024-11-21,Delayed,2969.94
C3691,Other,Senior,Peshawar,2024-03-07,O7691,2024-02-22,Burger King,Pizza,Continental,4,813.63,Cash,36,2025-03-04,51,Inactive,4,2025-03-21,Delivered,3254.52
C3229,Other,Senior,Islamabad,2024-09-18,O7229,2024-02-22,Burger King,Sandwich,Italian,2,522.4,Cash,11,2025-02-22,47,Active,5,2024-10-04,Delivered,1044.8
C3156,Female,Senior,Peshawar,2024-01-24,O7156,2024-02-22,KFC,Fries,Fast Food,1,420.14,Card,14,2024-12-06,265,Inactive,2,2024-10-19,Delayed,420.14
C2573,Female,Teenager,Multan,2024-05-31,O6573,2024-02-22,Subway,Burger,Chinese,3,1100.63,Cash,29,2024-12-08,412,Active,4,2025-05-21,Cancelled,3301.89
C3519,Female,Teenager,Islamabad,2024-09-20,O7519,2024-02-22,KFC,Sandwich,Dessert,1,1338.35,Wallet,3,2024-10-16,490,Active,3,2025-05-06,Cancelled,1338.35
C5678,Other,Teenager,Peshawar,2024-12-31,O9678,2024-02-22,McDonald's,Fries,Chinese,3,1026.94,Card,1,2025-02-09,419,Inactive,4,2025-06-08,Cancelled,3080.82
C5188,Male,Adult,Islamabad,2023-11-07,O9188,2024-02-22,Subway,Pizza,Italian,2,864.72,Wallet,8,2025-07-20,195,Active,3,2024-10-30,Delivered,1729.44
C5372,Other,Adult,Islamabad,2023-10-20,O9372,2024-02-22,Pizza Hut,Pasta,Continental,3,805.19,Card,43,2024-09-01,261,Active,1,2024-09-15,Delivered,2415.57
C2519,Other,Adult,Multan,2023-11-16,O6519,2024-02-22,KFC,Pasta,Fast Food,3,1293.84,Cash,33,2024-12-01,198,Active,4,2025-03-12,Delayed,3881.52
C6884,Other,Senior,Multan,2025-04-13,O10884,2024-02-23,Subway,Sandwich,Chinese,5,280.5,Cash,19,2025-05-16,144,Inactive,3,2024-12-12,Delivered,1402.5
C3634,Female,Senior,Lahore,2025-01-26,O7634,2024-02-23,Subway,Fries,Fast Food,2,284.58,Cash,49,2025-05-21,38,Inactive,2,2024-08-25,Delayed,569.16
C4466,Female,Teenager,Islamabad,2024-06-10,O8466,2024-02-23,Pizza Hut,Fries,Continental,5,644.46,Wallet,4,2025-04-13,467,Inactive,5,2025-03-12,Delayed,3222.3
C3805,Female,Senior,Lahore,2024-11-11,O7805,2024-02-23,McDonald's,Fries,Fast Food,3,166.57,Card,14,2024-12-13,18,Active,5,2025-07-27,Delayed,499.71
C1161,Other,Senior,Lahore,2025-03-20,O5161,2024-02-23,Subway,Pizza,Italian,3,1389.12,Wallet,44,2025-03-26,144,Inactive,1,2024-09-09,Delayed,4167.36
C4838,Male,Teenager,Karachi,2024-09-30,O8838,2024-02-23,KFC,Fries,Dessert,2,186.86,Cash,36,2025-02-17,326,Inactive,2,2025-03-29,Delayed,373.72
C6713,Female,Senior,Peshawar,2024-05-11,O10713,2024-02-23,KFC,Sandwich,Italian,2,663.82,Wallet,11,2025-08-11,283,Active,3,2025-06-04,Delivered,1327.64
C4817,Female,Teenager,Multan,2023-08-30,O8817,2024-02-23,Burger King,Fries,Fast Food,2,488.08,Card,21,2024-12-10,21,Inactive,3,2025-03-14,Delivered,976.16
C4871,Female,Teenager,Karachi,2023-11-06,O8871,2024-02-23,KFC,Pizza,Dessert,2,847.31,Card,1,2024-12-21,189,Active,3,2025-02-04,Cancelled,1694.62
C5145,Male,Senior,Islamabad,2023-11-26,O9145,2024-02-24,McDonald's,Pasta,Dessert,1,689.33,Card,6,2025-06-13,376,Active,2,2024-08-29,Delayed,689.33
C2829,Other,Teenager,Peshawar,2024-07-29,O6829,2024-02-24,Burger King,Pasta,Dessert,3,1190.25,Wallet,14,2025-03-04,63,Active,3,2025-03-27,Cancelled,3570.75
C4445,Male,Adult,Karachi,2024-03-29,O8445,2024-02-24,Burger King,Pasta,Italian,1,1241.56,Card,38,2025-01-02,148,Active,1,2025-06-08,Delayed,1241.56
C2433,Male,Teenager,Karachi,2024-11-27,O6433,2024-02-24,Subway,Pasta,Chinese,3,291.42,Cash,18,2025-04-24,105,Inactive,4,2024-08-21,Cancelled,874.26
C6703,Female,Teenager,Multan,2025-05-15,O10703,2024-02-24,McDonald's,Sandwich,Fast Food,3,369.79,Card,42,2025-07-14,47,Inactive,2,2025-02-04,Delivered,1109.37
C5797,Other,Teenager,Islamabad,2024-06-03,O9797,2024-02-24,McDonald's,Sandwich,Dessert,1,740.6,Card,12,2025-07-02,52,Inactive,5,2025-04-16,Delayed,740.6
C1359,Male,Teenager,Peshawar,2023-10-18,O5359,2024-02-24,Pizza Hut,Pasta,Chinese,3,834.92,Cash,12,2025-07-06,115,Inactive,1,2025-07-30,Cancelled,2504.76
C1496,Male,Adult,Karachi,2025-02-24,O5496,2024-02-24,Pizza Hut,Pasta,Chinese,5,154.51,Wallet,50,2025-07-22,421,Active,5,2024-12-31,Cancelled,772.55
C2093,Other,Adult,Peshawar,2024-03-20,O6093,2024-02-24,Subway,Sandwich,Dessert,5,256.63,Wallet,30,2025-03-02,236,Inactive,3,2025-05-09,Delayed,1283.15
C6213,Other,Senior,Peshawar,2024-02-02,O10213,2024-02-24,Pizza Hut,Pasta,Italian,3,209.21,Cash,26,2025-06-13,203,Active,5,2024-11-17,Delivered,627.63
C1250,Male,Senior,Islamabad,2023-10-20,O5250,2024-02-24,Subway,Burger,Chinese,1,624.23,Wallet,19,2025-05-11,214,Active,4,2025-05-25,Delivered,624.23
C4618,Other,Teenager,Karachi,2024-06-25,O8618,2024-02-24,Burger King,Fries,Fast Food,2,970.41,Cash,24,2024-12-08,478,Inactive,1,2025-03-06,Delayed,1940.82
C3547,Male,Senior,Karachi,2023-10-06,O7547,2024-02-24,KFC,Burger,Italian,5,1229.12,Cash,17,2025-01-26,361,Inactive,2,2024-11-10,Delivered,6145.6
C6245,Female,Teenager,Islamabad,2023-12-30,O10245,2024-02-24,KFC,Pizza,Continental,3,136.43,Card,20,2025-04-18,474,Inactive,2,2025-08-12,Delivered,409.29
C6721,Male,Teenager,Peshawar,2025-03-01,O10721,2024-02-24,McDonald's,Pizza,Fast Food,3,292.57,Wallet,36,2025-05-21,167,Inactive,4,2024-12-12,Delivered,877.71
C3402,Female,Adult,Karachi,2024-08-22,O7402,2024-02-25,Subway,Pizza,Continental,1,646.95,Cash,23,2025-06-08,473,Active,1,2025-01-18,Cancelled,646.95
C2464,Female,Teenager,Peshawar,2024-05-08,O6464,2024-02-25,McDonald's,Pizza,Continental,3,1174.4,Wallet,41,2024-12-01,82,Active,3,2024-12-13,Delayed,3523.2
C6166,Male,Senior,Peshawar,2024-06-21,O10166,2024-02-25,Pizza Hut,Sandwich,Italian,1,1444.27,Cash,12,2025-01-26,144,Inactive,5,2024-09-23,Delivered,1444.27
C4349,Other,Adult,Multan,2024-08-07,O8349,2024-02-25,KFC,Pizza,Italian,2,908.07,Cash,13,2024-10-23,223,Active,2,2024-09-18,Delayed,1816.14
C4292,Male,Adult,Karachi,2024-10-15,O8292,2024-02-25,Subway,Burger,Fast Food,5,1089.43,Card,37,2024-11-28,265,Inactive,4,2025-04-26,Delivered,5447.15
C3824,Other,Adult,Karachi,2024-02-09,O7824,2024-02-25,KFC,Sandwich,Italian,2,951.54,Card,24,2025-08-02,101,Active,3,2024-12-12,Delivered,1903.08
C1498,Other,Senior,Multan,2024-06-21,O5498,2024-02-25,Subway,Fries,Fast Food,1,1275.47,Card,41,2025-06-21,236,Inactive,5,2025-02-26,Delayed,1275.47
C5568,Other,Adult,Lahore,2024-08-13,O9568,2024-02-25,KFC,Sandwich,Chinese,1,445.08,Cash,41,2024-09-02,453,Active,2,2025-08-04,Delivered,445.08
C5240,Female,Adult,Karachi,2024-08-28,O9240,2024-02-25,Burger King,Burger,Italian,4,397.36,Wallet,25,2024-09-20,439,Active,4,2024-12-18,Delayed,1589.44
C1148,Female,Adult,Lahore,2023-11-03,O5148,2024-02-25,Burger King,Burger,Dessert,4,969.25,Wallet,32,2025-02-26,290,Active,5,2025-06-23,Cancelled,3877.0
C6921,Male,Senior,Multan,2024-11-15,O10921,2024-02-25,Pizza Hut,Fries,Dessert,4,563.63,Card,8,2025-07-29,373,Inactive,5,2025-08-15,Delivered,2254.52
C2773,Male,Adult,Peshawar,2023-12-01,O6773,2024-02-26,McDonald's,Fries,Continental,5,992.08,Wallet,12,2025-06-21,302,Active,2,2024-10-23,Delayed,4960.4
C5334,Other,Teenager,Karachi,2025-01-26,O9334,2024-02-26,Pizza Hut,Pizza,Fast Food,3,1474.62,Wallet,41,2025-03-12,267,Inactive,3,2025-04-04,Delivered,4423.86
C1407,Female,Adult,Karachi,2024-09-23,O5407,2024-02-26,Subway,Pasta,Chinese,2,283.32,Cash,30,2024-11-24,91,Active,4,2024-09-02,Cancelled,566.64
C2968,Male,Senior,Karachi,2024-10-04,O6968,2024-02-26,KFC,Pizza,Italian,5,268.8,Cash,5,2024-12-13,357,Active,1,2025-04-28,Cancelled,1344.0
C3125,Other,Teenager,Islamabad,2024-07-25,O7125,2024-02-26,Subway,Pasta,Italian,1,1367.43,Wallet,13,2025-06-01,203,Active,4,2024-12-03,Delivered,1367.43
C5534,Other,Adult,Islamabad,2024-03-20,O9534,2024-02-26,KFC,Fries,Dessert,1,220.06,Card,49,2024-09-20,415,Active,4,2025-05-05,Delivered,220.06
C6217,Female,Senior,Lahore,2023-11-25,O10217,2024-02-26,KFC,Sandwich,Chinese,2,406.51,Cash,40,2024-12-29,431,Inactive,3,2025-08-14,Delivered,813.02
C1011,Female,Teenager,Islamabad,2024-05-15,O5011,2024-02-27,Pizza Hut,Fries,Continental,2,224.43,Wallet,10,2025-01-07,401,Active,4,2024-09-08,Delayed,448.86
C4543,Female,Teenager,Peshawar,2024-03-08,O8543,2024-02-27,Pizza Hut,Sandwich,Fast Food,2,886.92,Cash,40,2025-05-29,137,Active,4,2025-04-12,Delayed,1773.84
C1456,Female,Teenager,Lahore,2024-09-25,O5456,2024-02-27,Pizza Hut,Sandwich,Chinese,3,1034.14,Cash,34,2024-11-20,12,Active,2,2025-03-25,Cancelled,3102.42
C1684,Other,Senior,Lahore,2024-02-07,O5684,2024-02-27,McDonald's,Fries,Continental,2,678.96,Card,44,2024-12-26,310,Active,5,2025-07-27,Delivered,1357.92
C3127,Other,Senior,Islamabad,2024-12-20,O7127,2024-02-27,KFC,Fries,Italian,2,442.5,Wallet,32,2025-06-29,322,Inactive,2,2025-07-10,Delivered,885.0
C2042,Other,Teenager,Lahore,2024-04-04,O6042,2024-02-27,Burger King,Sandwich,Dessert,3,1292.95,Wallet,28,2025-06-10,51,Active,4,2025-03-21,Delayed,3878.85
C2713,Female,Adult,Karachi,2024-12-05,O6713,2024-02-27,Pizza Hut,Fries,Dessert,1,399.92,Cash,48,2025-05-27,5,Active,2,2024-10-21,Delivered,399.92
C1264,Male,Adult,Islamabad,2025-07-21,O5264,2024-02-27,Burger King,Fries,Italian,5,1362.79,Card,9,2025-07-25,405,Inactive,5,2024-09-30,Delayed,6813.95
C2176,Male,Teenager,Lahore,2024-12-10,O6176,2024-02-27,Burger King,Pizza,Fast Food,4,122.41,Wallet,40,2025-02-07,15,Inactive,2,2025-06-20,Cancelled,489.64
C6482,Other,Teenager,Multan,2024-03-03,O10482,2024-02-27,KFC,Pasta,Dessert,2,1349.84,Cash,7,2025-05-22,77,Inactive,4,2025-07-28,Delivered,2699.68
C1519,Other,Adult,Peshawar,2025-02-04,O5519,2024-02-27,Pizza Hut,Pizza,Continental,5,467.4,Wallet,4,2025-07-28,343,Active,2,2024-11-06,Delayed,2337.0
C4789,Female,Adult,Karachi,2024-02-28,O8789,2024-02-28,Subway,Burger,Italian,3,843.85,Cash,34,2024-11-26,391,Active,5,2024-09-26,Delayed,2531.55
C1220,Male,Adult,Multan,2023-10-30,O5220,2024-02-28,McDonald's,Burger,Chinese,2,495.99,Card,9,2025-08-10,477,Active,1,2025-01-25,Delayed,991.98
C4091,Male,Adult,Multan,2024-12-30,O8091,2024-02-28,Pizza Hut,Burger,Continental,1,122.84,Wallet,31,2025-06-17,456,Inactive,1,2025-08-21,Delivered,122.84
C2332,Other,Senior,Multan,2025-04-02,O6332,2024-02-28,McDonald's,Sandwich,Dessert,1,903.28,Cash,4,2025-05-19,352,Inactive,2,2025-07-22,Delayed,903.28
C6279,Other,Adult,Peshawar,2023-09-24,O10279,2024-02-28,Burger King,Burger,Chinese,3,565.17,Card,23,2024-12-31,181,Inactive,3,2024-10-24,Delayed,1695.51
C6175,Female,Senior,Islamabad,2025-05-12,O10175,2024-02-29,KFC,Sandwich,Fast Food,2,731.58,Cash,2,2025-07-08,87,Inactive,3,2025-03-03,Cancelled,1463.16
C5475,Other,Teenager,Peshawar,2024-04-22,O9475,2024-02-29,KFC,Pizza,Chinese,5,231.2,Wallet,43,2025-05-24,125,Inactive,3,2025-08-04,Delivered,1156.0
C4705,Male,Senior,Karachi,2024-09-01,O8705,2024-02-29,KFC,Burger,Dessert,3,505.66,Wallet,8,2024-10-07,354,Inactive,1,2024-11-12,Delivered,1516.98
C5364,Male,Adult,Karachi,2024-08-04,O9364,2024-02-29,Pizza Hut,Sandwich,Italian,4,1350.29,Wallet,44,2024-11-01,148,Inactive,3,2025-05-19,Delivered,5401.16
C1285,Other,Teenager,Peshawar,2025-06-04,O5285,2024-02-29,Pizza Hut,Burger,Italian,2,381.5,Cash,39,2025-06-06,114,Active,4,2025-01-25,Delayed,763.0
C4676,Other,Senior,Karachi,2025-01-25,O8676,2024-02-29,KFC,Sandwich,Chinese,3,697.93,Wallet,17,2025-02-20,89,Inactive,4,2025-07-19,Delivered,2093.79
C5656,Female,Adult,Peshawar,2024-11-21,O9656,2024-02-29,McDonald's,Sandwich,Italian,3,769.88,Card,22,2025-07-21,433,Inactive,2,2025-03-02,Delayed,2309.64
C1785,Female,Adult,Lahore,2023-10-01,O5785,2024-02-29,Burger King,Pasta,Chinese,1,1225.02,Cash,14,2024-08-26,484,Active,3,2024-10-28,Delivered,1225.02
C3443,Other,Teenager,Multan,2023-09-18,O7443,2024-02-29,Subway,Sandwich,Fast Food,2,1197.86,Cash,16,2025-04-16,195,Inactive,1,2024-10-09,Delivered,2395.72
C2533,Other,Senior,Lahore,2023-11-19,O6533,2024-02-29,Subway,Burger,Fast Food,4,326.98,Card,17,2025-06-11,47,Active,3,2025-06-15,Delayed,1307.92
C3710,Female,Teenager,Lahore,2024-06-12,O7710,2024-03-01,Pizza Hut,Burger,Chinese,4,787.43,Wallet,28,2024-12-23,17,Inactive,3,2025-04-15,Cancelled,3149.72
C5352,Other,Teenager,Lahore,2025-03-16,O9352,2024-03-01,McDonald's,Burger,Chinese,2,496.55,Wallet,1,2025-07-06,224,Active,5,2025-04-22,Delayed,993.1
C3832,Female,Adult,Multan,2025-01-26,O7832,2024-03-01,KFC,Pizza,Continental,4,292.94,Cash,11,2025-05-16,306,Active,5,2025-03-01,Delivered,1171.76
C5331,Male,Teenager,Islamabad,2025-02-11,O9331,2024-03-01,KFC,Pizza,Continental,5,1123.74,Wallet,48,2025-03-01,400,Active,5,2025-07-16,Delivered,5618.7
C4223,Male,Senior,Peshawar,2025-01-11,O8223,2024-03-01,Pizza Hut,Sandwich,Italian,5,909.62,Cash,6,2025-04-28,385,Active,1,2025-02-16,Cancelled,4548.1
C4300,Male,Adult,Islamabad,2023-09-27,O8300,2024-03-02,Pizza Hut,Sandwich,Dessert,1,1461.24,Card,22,2025-01-30,155,Inactive,3,2024-09-27,Delivered,1461.24
C4016,Male,Teenager,Multan,2025-06-02,O8016,2024-03-02,Subway,Fries,Fast Food,1,119.17,Wallet,33,2025-07-16,400,Inactive,3,2025-01-13,Delayed,119.17
C1558,Other,Teenager,Multan,2024-10-27,O5558,2024-03-02,McDonald's,Pasta,Italian,2,333.04,Card,46,2025-01-20,252,Active,3,2025-03-05,Delivered,666.08
C4384,Female,Senior,Multan,2024-07-11,O8384,2024-03-02,Pizza Hut,Pasta,Italian,1,1056.72,Wallet,30,2025-03-23,152,Inactive,3,2024-12-30,Delivered,1056.72
C3538,Female,Adult,Multan,2024-02-18,O7538,2024-03-02,McDonald's,Fries,Fast Food,4,474.89,Cash,2,2025-07-06,236,Active,5,2025-08-05,Delayed,1899.56
C3429,Male,Teenager,Karachi,2024-12-17,O7429,2024-03-02,Subway,Fries,Italian,2,826.15,Card,29,2025-06-18,258,Active,3,2024-11-17,Delayed,1652.3
C1432,Male,Adult,Peshawar,2025-01-26,O5432,2024-03-03,Subway,Sandwich,Continental,1,1440.89,Cash,12,2025-07-18,277,Active,5,2024-12-03,Cancelled,1440.89
C2393,Other,Teenager,Lahore,2024-08-30,O6393,2024-03-03,Burger King,Fries,Fast Food,1,1143.46,Cash,1,2025-01-06,379,Active,2,2025-03-15,Delayed,1143.46
C5123,Other,Adult,Peshawar,2024-12-21,O9123,2024-03-03,Pizza Hut,Fries,Continental,5,1002.84,Cash,40,2025-01-22,70,Inactive,4,2025-03-08,Delayed,5014.2
C4394,Female,Senior,Multan,2024-07-01,O8394,2024-03-03,Pizza Hut,Burger,Continental,2,1177.68,Cash,22,2025-05-02,307,Active,4,2025-01-11,Delivered,2355.36
C6046,Male,Senior,Lahore,2023-09-03,O10046,2024-03-03,Burger King,Burger,Italian,1,561.3,Cash,16,2024-12-05,101,Active,1,2024-08-24,Delayed,561.3
C3446,Male,Adult,Peshawar,2024-12-17,O7446,2024-03-03,Pizza Hut,Sandwich,Chinese,1,629.77,Card,19,2025-02-14,239,Inactive,4,2024-12-03,Delayed,629.77
C6188,Male,Teenager,Lahore,2025-06-12,O10188,2024-03-03,KFC,Pizza,Italian,3,746.08,Card,20,2025-07-01,430,Inactive,1,2025-02-17,Cancelled,2238.24
C5809,Other,Adult,Islamabad,2024-10-03,O9809,2024-03-03,Subway,Sandwich,Chinese,5,1167.5,Wallet,31,2024-12-06,313,Inactive,1,2025-03-08,Cancelled,5837.5
C6360,Male,Teenager,Lahore,2025-01-20,O10360,2024-03-03,KFC,Sandwich,Italian,2,546.16,Card,35,2025-01-28,21,Active,3,2025-07-25,Delivered,1092.32
C2471,Other,Teenager,Lahore,2024-11-23,O6471,2024-03-03,KFC,Sandwich,Chinese,5,380.69,Wallet,39,2025-07-15,265,Active,5,2024-10-19,Delayed,1903.45
C4722,Female,Teenager,Peshawar,2023-09-29,O8722,2024-03-03,Subway,Fries,Dessert,1,778.17,Wallet,3,2025-05-19,285,Inactive,2,2024-11-20,Delayed,778.17
C3830,Female,Teenager,Lahore,2024-08-13,O7830,2024-03-04,Burger King,Burger,Italian,1,600.62,Card,11,2025-01-07,168,Active,3,2025-07-24,Cancelled,600.62
C3306,Male,Senior,Peshawar,2024-06-22,O7306,2024-03-04,Pizza Hut,Pizza,Italian,4,604.4,Wallet,40,2025-04-24,484,Inactive,2,2025-03-24,Delivered,2417.6
C4859,Female,Adult,Multan,2024-03-18,O8859,2024-03-04,Burger King,Pasta,Fast Food,2,742.1,Wallet,39,2025-07-24,78,Active,2,2024-12-28,Delivered,1484.2
C3648,Male,Teenager,Lahore,2024-02-17,O7648,2024-03-04,KFC,Fries,Italian,1,713.35,Wallet,14,2025-07-09,1,Inactive,2,2024-09-02,Cancelled,713.35
C6655,Other,Senior,Peshawar,2024-05-17,O10655,2024-03-04,Burger King,Sandwich,Fast Food,1,1050.6,Wallet,15,2024-08-31,299,Active,2,2025-02-03,Cancelled,1050.6
C1622,Other,Teenager,Karachi,2025-04-24,O5622,2024-03-04,Burger King,Pizza,Dessert,4,636.18,Card,48,2025-06-13,458,Active,4,2024-09-19,Cancelled,2544.72
C1941,Male,Teenager,Islamabad,2025-01-02,O5941,2024-03-04,Subway,Pasta,Continental,5,1095.75,Cash,27,2025-04-21,443,Active,3,2025-03-29,Cancelled,5478.75
C6756,Female,Senior,Lahore,2023-09-02,O10756,2024-03-04,Pizza Hut,Fries,Italian,3,1463.33,Card,21,2024-08-30,249,Inactive,3,2024-11-20,Delayed,4389.99
C5430,Male,Senior,Karachi,2024-11-07,O9430,2024-03-05,Burger King,Pasta,Dessert,4,564.96,Wallet,10,2025-03-20,339,Active,2,2025-02-04,Cancelled,2259.84
C3591,Female,Adult,Karachi,2025-04-04,O7591,2024-03-05,KFC,Pizza,Italian,3,879.03,Cash,22,2025-04-17,439,Active,5,2025-05-02,Delivered,2637.09
C1062,Male,Senior,Karachi,2025-03-26,O5062,2024-03-05,Pizza Hut,Burger,Dessert,2,199.56,Wallet,47,2025-05-28,442,Active,3,2025-06-22,Delivered,399.12
C1632,Male,Adult,Peshawar,2024-05-04,O5632,2024-03-05,Pizza Hut,Burger,Italian,3,1101.16,Wallet,19,2025-01-23,52,Inactive,1,2025-01-15,Cancelled,3303.48
C5323,Other,Adult,Karachi,2025-03-08,O9323,2024-03-05,KFC,Sandwich,Chinese,3,1144.9,Card,28,2025-07-19,331,Active,5,2024-11-15,Delivered,3434.7
C4075,Female,Teenager,Multan,2025-03-05,O8075,2024-03-05,KFC,Sandwich,Italian,4,440.27,Cash,48,2025-04-28,365,Inactive,5,2024-09-09,Cancelled,1761.08
C3884,Male,Senior,Lahore,2023-12-22,O7884,2024-03-06,Burger King,Sandwich,Italian,3,104.03,Wallet,40,2025-03-24,51,Inactive,2,2025-02-19,Cancelled,312.09
C4656,Female,Senior,Lahore,2024-01-23,O8656,2024-03-06,Pizza Hut,Sandwich,Continental,3,395.29,Card,38,2025-06-30,127,Inactive,3,2025-02-05,Delayed,1185.87
C2091,Male,Senior,Karachi,2024-01-04,O6091,2024-03-06,KFC,Pasta,Dessert,3,944.9,Wallet,11,2025-06-06,152,Inactive,1,2025-07-21,Cancelled,2834.7
C5203,Male,Adult,Islamabad,2024-09-24,O9203,2024-03-06,Burger King,Fries,Chinese,3,794.88,Wallet,13,2024-12-19,362,Active,4,2024-10-04,Delivered,2384.64
C6093,Female,Adult,Multan,2023-12-17,O10093,2024-03-06,Subway,Pizza,Fast Food,4,823.13,Wallet,47,2024-12-22,414,Inactive,3,2025-01-26,Delivered,3292.52
C2965,Female,Teenager,Multan,2025-03-12,O6965,2024-03-06,Burger King,Pasta,Fast Food,4,1024.96,Wallet,23,2025-03-15,235,Active,4,2024-09-02,Cancelled,4099.84
C4777,Female,Adult,Multan,2025-02-21,O8777,2024-03-06,Pizza Hut,Pizza,Continental,4,1185.28,Card,43,2025-03-03,46,Active,3,2025-07-08,Cancelled,4741.12
C4904,Other,Teenager,Multan,2024-07-03,O8904,2024-03-06,Pizza Hut,Pasta,Fast Food,3,1083.08,Wallet,43,2025-04-01,193,Active,1,2025-02-09,Cancelled,3249.24
C2015,Other,Adult,Lahore,2025-05-10,O6015,2024-03-06,Subway,Fries,Fast Food,1,1022.37,Wallet,12,2025-05-23,114,Active,2,2025-03-25,Delayed,1022.37
C5616,Male,Senior,Peshawar,2023-10-07,O9616,2024-03-07,Pizza Hut,Burger,Dessert,5,250.31,Cash,30,2025-03-11,457,Inactive,1,2024-11-26,Delivered,1251.55
C3179,Male,Senior,Islamabad,2024-11-29,O7179,2024-03-07,Burger King,Burger,Continental,2,765.84,Cash,48,2025-04-24,252,Active,5,2024-11-12,Delayed,1531.68
C4379,Female,Adult,Lahore,2024-10-21,O8379,2024-03-07,Subway,Burger,Chinese,2,897.87,Card,7,2025-06-26,488,Inactive,5,2024-12-03,Delayed,1795.74
C3975,Male,Senior,Islamabad,2024-12-05,O7975,2024-03-07,Pizza Hut,Fries,Fast Food,1,505.39,Wallet,13,2025-07-01,339,Active,5,2024-12-21,Delayed,505.39
C5906,Female,Adult,Lahore,2024-10-01,O9906,2024-03-07,Burger King,Sandwich,Fast Food,5,841.45,Card,14,2025-02-09,371,Active,2,2025-06-02,Cancelled,4207.25
C2387,Other,Teenager,Lahore,2023-09-08,O6387,2024-03-07,Burger King,Sandwich,Dessert,4,491.56,Wallet,42,2024-09-15,210,Active,1,2024-11-19,Delayed,1966.24
C6594,Male,Adult,Lahore,2023-12-15,O10594,2024-03-07,Burger King,Sandwich,Italian,3,766.13,Cash,30,2025-06-19,161,Active,2,2025-03-02,Cancelled,2298.39
C4198,Male,Teenager,Multan,2023-10-17,O8198,2024-03-07,KFC,Fries,Continental,4,579.83,Cash,43,2024-09-16,219,Inactive,3,2024-11-25,Cancelled,2319.32
C4139,Male,Adult,Karachi,2024-04-21,O8139,2024-03-07,McDonald's,Pizza,Dessert,1,591.59,Card,7,2025-06-16,417,Active,1,2025-04-19,Cancelled,591.59
C5756,Other,Adult,Lahore,2024-08-04,O9756,2024-03-07,Burger King,Pasta,Chinese,1,141.27,Card,46,2025-07-03,356,Active,2,2025-03-19,Cancelled,141.27
C6085,Female,Adult,Islamabad,2024-07-18,O10085,2024-03-07,Pizza Hut,Sandwich,Fast Food,4,878.72,Wallet,9,2024-12-01,112,Inactive,5,2024-12-02,Cancelled,3514.88
C1907,Male,Teenager,Lahore,2024-08-12,O5907,2024-03-08,McDonald's,Pasta,Italian,5,1004.32,Wallet,39,2025-02-18,332,Active,3,2025-02-19,Delivered,5021.6
C6021,Male,Teenager,Islamabad,2024-01-15,O10021,2024-03-08,Pizza Hut,Sandwich,Fast Food,5,1498.93,Cash,12,2025-04-28,304,Inactive,3,2025-04-17,Cancelled,7494.65
C4631,Female,Teenager,Lahore,2024-09-28,O8631,2024-03-08,McDonald's,Pizza,Fast Food,5,910.35,Cash,39,2024-12-07,293,Active,4,2024-09-13,Cancelled,4551.75
C2283,Other,Adult,Karachi,2024-08-27,O6283,2024-03-08,McDonald's,Sandwich,Continental,3,814.98,Card,19,2025-04-11,135,Active,1,2025-06-17,Delayed,2444.94
C5773,Other,Teenager,Peshawar,2024-05-19,O9773,2024-03-08,McDonald's,Sandwich,Chinese,4,1090.41,Card,32,2024-11-07,5,Active,2,2024-12-02,Delayed,4361.64
C1367,Female,Adult,Islamabad,2025-02-14,O5367,2024-03-08,McDonald's,Sandwich,Dessert,2,1411.14,Card,19,2025-04-19,459,Inactive,2,2025-06-26,Delivered,2822.28
C1015,Male,Adult,Lahore,2024-05-10,O5015,2024-03-08,McDonald's,Fries,Chinese,2,1343.37,Cash,33,2024-09-12,83,Active,2,2025-07-04,Cancelled,2686.74
C2881,Male,Teenager,Multan,2025-05-29,O6881,2024-03-08,Burger King,Pasta,Chinese,4,1034.14,Wallet,13,2025-06-28,218,Inactive,3,2025-07-03,Delivered,4136.56
C6836,Female,Senior,Multan,2024-04-19,O10836,2024-03-09,Subway,Sandwich,Italian,3,1453.8,Card,33,2025-02-26,416,Active,5,2024-11-01,Delivered,4361.4
C5031,Other,Teenager,Lahore,2024-12-12,O9031,2024-03-09,Subway,Burger,Dessert,4,1424.14,Cash,11,2025-08-03,31,Active,2,2025-07-13,Cancelled,5696.56
C6837,Other,Senior,Karachi,2024-02-25,O10837,2024-03-09,Pizza Hut,Burger,Continental,1,495.9,Wallet,13,2025-07-22,361,Inactive,1,2024-08-29,Cancelled,495.9
C1010,Male,Senior,Islamabad,2023-12-05,O5010,2024-03-09,KFC,Pizza,Fast Food,1,533.92,Card,2,2025-07-08,303,Active,4,2024-08-28,Delayed,533.92
C1301,Male,Senior,Peshawar,2025-02-24,O5301,2024-03-09,McDonald's,Fries,Italian,1,1208.35,Cash,22,2025-04-04,315,Inactive,5,2025-01-21,Cancelled,1208.35
C3644,Other,Teenager,Peshawar,2024-10-02,O7644,2024-03-09,McDonald's,Sandwich,Chinese,4,1437.92,Cash,42,2025-02-27,217,Active,5,2024-12-09,Cancelled,5751.68
C4587,Other,Adult,Peshawar,2025-03-10,O8587,2024-03-09,Burger King,Burger,Fast Food,1,424.96,Card,17,2025-06-13,376,Active,2,2025-07-05,Delayed,424.96
C5322,Female,Teenager,Islamabad,2024-08-11,O9322,2024-03-09,KFC,Sandwich,Chinese,1,106.7,Card,11,2024-10-25,103,Inactive,3,2024-10-02,Delayed,106.7
C1336,Female,Senior,Multan,2024-10-19,O5336,2024-03-09,Burger King,Pasta,Italian,4,1081.79,Cash,11,2024-11-08,81,Inactive,1,2024-10-10,Delivered,4327.16
C5604,Other,Adult,Peshawar,2024-10-08,O9604,2024-03-09,Subway,Pasta,Fast Food,1,951.59,Wallet,29,2025-06-17,277,Inactive,5,2024-10-08,Delivered,951.59
C5301,Other,Teenager,Peshawar,2025-05-25,O9301,2024-03-09,Pizza Hut,Burger,Chinese,3,735.16,Cash,1,2025-07-18,413,Active,5,2025-04-09,Delivered,2205.48
C4422,Male,Senior,Lahore,2024-02-02,O8422,2024-03-09,Burger King,Fries,Dessert,5,1252.97,Wallet,3,2024-09-21,206,Inactive,5,2024-10-18,Delivered,6264.85
C5867,Female,Adult,Karachi,2023-11-04,O9867,2024-03-10,McDonald's,Pizza,Continental,2,1175.65,Cash,40,2024-10-27,248,Active,3,2025-03-07,Delivered,2351.3
C3971,Other,Teenager,Islamabad,2025-03-12,O7971,2024-03-10,Pizza Hut,Pizza,Fast Food,3,550.56,Card,9,2025-03-12,111,Active,1,2025-06-19,Delivered,1651.68
C6556,Other,Teenager,Karachi,2024-07-26,O10556,2024-03-11,McDonald's,Sandwich,Dessert,4,636.22,Card,41,2025-03-09,278,Active,1,2025-04-22,Delayed,2544.88
C3048,Other,Teenager,Lahore,2024-08-08,O7048,2024-03-11,Subway,Pasta,Dessert,5,440.01,Cash,27,2025-03-06,261,Inactive,1,2024-11-01,Cancelled,2200.05
C6968,Female,Teenager,Peshawar,2024-06-06,O10968,2024-03-11,Pizza Hut,Fries,Italian,5,370.2,Card,24,2024-12-10,379,Active,1,2025-03-26,Cancelled,1851.0
C2181,Male,Senior,Karachi,2023-12-21,O6181,2024-03-12,KFC,Pizza,Fast Food,5,589.58,Cash,36,2025-07-30,263,Active,3,2024-11-11,Delivered,2947.9
C1756,Female,Senior,Lahore,2024-11-12,O5756,2024-03-12,Pizza Hut,Pasta,Italian,3,922.08,Cash,11,2025-01-02,140,Inactive,4,2024-12-31,Delayed,2766.24
C3730,Female,Adult,Karachi,2024-12-12,O7730,2024-03-12,Burger King,Pizza,Chinese,5,437.22,Card,5,2025-01-08,34,Active,5,2024-09-27,Delayed,2186.1
C4982,Female,Senior,Islamabad,2024-04-23,O8982,2024-03-12,Subway,Pasta,Dessert,4,640.27,Wallet,23,2025-02-09,385,Inactive,5,2025-05-11,Delivered,2561.08
C6030,Other,Adult,Karachi,2024-07-23,O10030,2024-03-12,Subway,Fries,Continental,2,674.2,Card,15,2025-01-15,187,Active,1,2025-06-08,Cancelled,1348.4
C1580,Other,Adult,Peshawar,2024-01-18,O5580,2024-03-12,KFC,Burger,Fast Food,3,387.37,Card,29,2024-11-22,437,Inactive,1,2024-09-26,Cancelled,1162.11
C3367,Female,Senior,Islamabad,2023-11-06,O7367,2024-03-12,KFC,Pizza,Dessert,5,169.82,Cash,23,2024-12-19,153,Inactive,4,2025-06-23,Delayed,849.1
C4354,Male,Teenager,Peshawar,2024-05-05,O8354,2024-03-12,Subway,Sandwich,Italian,2,1420.8,Wallet,12,2024-10-31,93,Inactive,5,2025-07-16,Delayed,2841.6
C3421,Female,Adult,Lahore,2025-03-05,O7421,2024-03-13,Burger King,Pizza,Fast Food,2,173.07,Wallet,38,2025-06-06,426,Active,1,2024-12-25,Cancelled,346.14
C6890,Other,Senior,Peshawar,2024-05-24,O10890,2024-03-13,Subway,Sandwich,Italian,1,609.51,Cash,47,2025-03-18,159,Active,4,2025-07-29,Delayed,609.51
C1222,Other,Adult,Islamabad,2024-05-08,O5222,2024-03-13,Burger King,Fries,Dessert,1,613.12,Card,3,2024-08-25,124,Active,1,2025-08-07,Delivered,613.12
C6648,Other,Adult,Islamabad,2024-10-09,O10648,2024-03-13,McDonald's,Pizza,Continental,2,906.52,Card,13,2025-05-13,1,Active,3,2025-07-06,Cancelled,1813.04
C2686,Female,Senior,Lahore,2025-03-12,O6686,2024-03-13,McDonald's,Sandwich,Italian,4,1304.46,Card,10,2025-07-13,235,Active,3,2025-04-25,Delivered,5217.84
C4929,Male,Adult,Multan,2023-12-15,O8929,2024-03-13,McDonald's,Burger,Dessert,5,841.97,Cash,11,2025-01-27,338,Inactive,5,2025-08-20,Delivered,4209.85
C6779,Other,Teenager,Multan,2024-01-10,O10779,2024-03-13,KFC,Sandwich,Chinese,5,831.37,Card,3,2024-10-27,52,Active,4,2025-04-04,Cancelled,4156.85
C6553,Other,Teenager,Karachi,2023-08-22,O10553,2024-03-13,Subway,Pasta,Continental,1,552.93,Card,20,2025-06-29,331,Active,4,2025-02-14,Delayed,552.93
C5538,Female,Adult,Lahore,2025-05-31,O9538,2024-03-14,Pizza Hut,Pasta,Dessert,1,326.45,Card,34,2025-08-15,102,Active,3,2025-01-03,Cancelled,326.45
C2370,Female,Adult,Karachi,2024-09-30,O6370,2024-03-14,Subway,Pizza,Italian,3,846.31,Wallet,18,2024-10-13,448,Active,5,2025-08-06,Delayed,2538.93
C2884,Male,Teenager,Peshawar,2024-11-27,O6884,2024-03-14,Pizza Hut,Pizza,Italian,4,754.14,Cash,49,2025-04-03,89,Inactive,4,2025-08-21,Delayed,3016.56
C4548,Female,Senior,Multan,2024-10-12,O8548,2024-03-14,Subway,Burger,Fast Food,4,1100.18,Cash,12,2025-03-07,368,Active,5,2025-07-27,Delivered,4400.72
C5447,Male,Adult,Lahore,2024-06-23,O9447,2024-03-14,Burger King,Pasta,Continental,4,1052.58,Card,47,2024-12-17,75,Inactive,5,2025-04-20,Delayed,4210.32
C4549,Female,Adult,Multan,2024-12-20,O8549,2024-03-14,Subway,Burger,Chinese,5,607.17,Card,10,2024-12-24,293,Active,3,2024-12-07,Delayed,3035.85
C3173,Male,Senior,Multan,2024-05-25,O7173,2024-03-14,Pizza Hut,Fries,Italian,4,918.48,Cash,42,2024-12-11,99,Inactive,3,2024-11-11,Cancelled,3673.92
C4915,Other,Teenager,Lahore,2023-10-08,O8915,2024-03-14,Burger King,Fries,Italian,1,1477.97,Cash,38,2025-04-09,154,Inactive,2,2024-10-11,Delivered,1477.97
C2886,Male,Teenager,Peshawar,2024-06-26,O6886,2024-03-15,Subway,Pasta,Chinese,3,1320.57,Wallet,46,2025-04-27,273,Active,1,2024-12-03,Cancelled,3961.71
C3558,Male,Teenager,Islamabad,2023-10-25,O7558,2024-03-15,KFC,Pasta,Chinese,3,1355.75,Card,21,2024-11-21,161,Inactive,3,2025-02-25,Cancelled,4067.25
C1480,Male,Teenager,Multan,2024-10-18,O5480,2024-03-15,KFC,Sandwich,Italian,2,1092.53,Card,19,2025-02-04,500,Active,1,2024-10-03,Delivered,2185.06
C4387,Male,Senior,Karachi,2024-06-17,O8387,2024-03-15,KFC,Burger,Fast Food,5,1233.15,Cash,25,2025-03-10,347,Active,4,2025-06-02,Cancelled,6165.75
C3277,Other,Teenager,Islamabad,2024-12-20,O7277,2024-03-15,McDonald's,Pasta,Italian,2,1321.33,Wallet,33,2025-04-27,160,Inactive,2,2024-09-19,Delivered,2642.66
C3855,Female,Adult,Lahore,2025-05-03,O7855,2024-03-15,Subway,Sandwich,Continental,3,639.15,Card,13,2025-08-02,328,Active,2,2025-06-15,Delivered,1917.45
C6043,Female,Teenager,Lahore,2024-12-07,O10043,2024-03-15,Pizza Hut,Sandwich,Continental,4,351.19,Card,37,2025-06-04,369,Active,3,2025-03-01,Delayed,1404.76
C6049,Male,Adult,Lahore,2024-02-08,O10049,2024-03-15,Burger King,Sandwich,Continental,5,108.79,Card,41,2025-06-05,290,Active,2,2025-01-23,Cancelled,543.95
C3360,Female,Teenager,Karachi,2024-04-07,O7360,2024-03-16,Subway,Sandwich,Dessert,2,1375.22,Cash,8,2024-11-12,27,Active,3,2025-07-21,Delivered,2750.44
C5902,Male,Senior,Lahore,2024-02-13,O9902,2024-03-16,KFC,Fries,Continental,3,457.71,Card,11,2024-10-08,40,Active,2,2025-05-06,Cancelled,1373.13
C2364,Male,Teenager,Islamabad,2025-01-14,O6364,2024-03-16,Subway,Fries,Italian,4,1103.42,Cash,7,2025-03-31,276,Inactive,4,2025-03-25,Cancelled,4413.68
C4778,Other,Teenager,Peshawar,2024-10-04,O8778,2024-03-16,KFC,Pasta,Chinese,1,135.21,Cash,21,2025-01-27,279,Active,5,2024-12-15,Delivered,135.21
C4251,Female,Adult,Islamabad,2024-11-20,O8251,2024-03-16,KFC,Pasta,Continental,5,1196.75,Wallet,24,2025-06-04,262,Active,3,2024-09-16,Delivered,5983.75
C6429,Other,Teenager,Lahore,2024-06-10,O10429,2024-03-16,Subway,Pizza,Fast Food,1,798.27,Card,29,2025-05-12,295,Active,4,2025-05-24,Delivered,798.27
C3392,Female,Senior,Islamabad,2024-08-25,O7392,2024-03-16,Pizza Hut,Pizza,Italian,5,1190.82,Cash,40,2025-08-13,66,Inactive,4,2024-08-25,Delivered,5954.1
C6301,Male,Adult,Multan,2024-03-10,O10301,2024-03-17,Subway,Pizza,Fast Food,5,1415.19,Cash,40,2025-04-06,19,Inactive,5,2024-09-26,Delayed,7075.95
C5109,Male,Senior,Islamabad,2024-09-26,O9109,2024-03-17,Subway,Burger,Italian,2,259.39,Wallet,27,2025-06-02,449,Inactive,3,2024-10-04,Delayed,518.78
C4993,Female,Senior,Multan,2024-07-22,O8993,2024-03-17,McDonald's,Pizza,Fast Food,5,230.58,Card,36,2025-07-22,485,Inactive,3,2024-08-29,Delivered,1152.9
C4133,Female,Adult,Multan,2023-12-05,O8133,2024-03-17,Subway,Pizza,Fast Food,4,590.66,Card,2,2025-04-17,387,Active,2,2024-10-02,Delayed,2362.64
C5254,Other,Senior,Karachi,2025-04-18,O9254,2024-03-17,Pizza Hut,Burger,Italian,3,1036.96,Wallet,28,2025-06-20,395,Inactive,4,2025-04-12,Delivered,3110.88
C3101,Other,Senior,Islamabad,2024-11-26,O7101,2024-03-17,McDonald's,Sandwich,Dessert,1,1373.35,Wallet,40,2024-12-03,334,Active,1,2025-02-20,Delivered,1373.35
C4218,Male,Senior,Karachi,2023-09-04,O8218,2024-03-17,Subway,Fries,Dessert,2,387.95,Wallet,47,2025-05-06,347,Inactive,2,2024-12-05,Delivered,775.9
C2231,Female,Adult,Multan,2024-11-26,O6231,2024-03-17,Subway,Fries,Fast Food,2,665.96,Card,18,2025-07-19,265,Inactive,4,2024-11-08,Delayed,1331.92
C1095,Other,Senior,Multan,2023-09-25,O5095,2024-03-17,Burger King,Pasta,Continental,5,1215.95,Cash,31,2025-03-21,29,Inactive,4,2025-04-08,Cancelled,6079.75
C4459,Other,Teenager,Peshawar,2024-09-23,O8459,2024-03-18,KFC,Sandwich,Italian,1,609.81,Wallet,12,2025-08-21,80,Active,3,2025-03-07,Delivered,609.81
C2286,Female,Adult,Multan,2024-03-02,O6286,2024-03-18,Subway,Burger,Fast Food,3,345.92,Cash,20,2024-09-24,352,Active,4,2024-10-01,Cancelled,1037.76
C1504,Female,Adult,Peshawar,2024-02-05,O5504,2024-03-18,Subway,Pasta,Chinese,3,1037.31,Cash,42,2024-09-05,88,Inactive,2,2025-03-17,Delivered,3111.93
C3654,Female,Teenager,Multan,2023-11-10,O7654,2024-03-18,Subway,Pasta,Fast Food,4,1302.37,Cash,10,2025-03-23,247,Inactive,2,2025-05-30,Cancelled,5209.48
C1527,Male,Adult,Islamabad,2023-11-24,O5527,2024-03-18,KFC,Burger,Fast Food,4,880.77,Wallet,32,2025-08-13,335,Inactive,3,2024-12-16,Cancelled,3523.08
C6783,Male,Adult,Karachi,2025-06-14,O10783,2024-03-18,Subway,Pizza,Chinese,1,632.37,Card,49,2025-08-07,353,Active,5,2025-01-16,Delayed,632.37
C4151,Male,Teenager,Islamabad,2024-06-29,O8151,2024-03-18,KFC,Fries,Italian,1,466.39,Card,20,2025-02-08,282,Inactive,4,2025-02-04,Delivered,466.39
C2076,Female,Senior,Lahore,2024-10-10,O6076,2024-03-18,Subway,Pasta,Fast Food,3,662.32,Card,27,2025-05-25,134,Active,3,2025-04-30,Delivered,1986.96
C1608,Other,Adult,Multan,2024-04-26,O5608,2024-03-19,McDonald's,Fries,Chinese,2,1219.27,Wallet,4,2024-12-28,330,Active,4,2025-06-27,Cancelled,2438.54
C5910,Male,Adult,Islamabad,2025-04-12,O9910,2024-03-19,Pizza Hut,Sandwich,Continental,4,910.65,Cash,37,2025-06-03,468,Inactive,1,2024-09-11,Delayed,3642.6
C3021,Male,Teenager,Multan,2024-10-16,O7021,2024-03-19,McDonald's,Fries,Dessert,5,267.73,Cash,32,2025-03-19,283,Active,3,2024-11-05,Cancelled,1338.65
C5747,Female,Adult,Multan,2024-02-24,O9747,2024-03-19,Pizza Hut,Sandwich,Continental,4,181.72,Cash,10,2025-05-23,213,Active,3,2025-04-10,Delayed,726.88
C5985,Female,Teenager,Peshawar,2024-09-08,O9985,2024-03-19,McDonald's,Pasta,Continental,5,696.94,Wallet,7,2024-12-16,12,Active,1,2025-02-24,Delivered,3484.7
C6004,Male,Adult,Lahore,2024-10-08,O10004,2024-03-19,KFC,Burger,Chinese,3,702.15,Wallet,50,2025-08-04,167,Inactive,4,2024-12-08,Cancelled,2106.45
C2330,Other,Adult,Karachi,2025-01-09,O6330,2024-03-19,Pizza Hut,Pizza,Chinese,3,322.95,Cash,11,2025-02-28,166,Inactive,3,2025-07-26,Delivered,968.85
C3471,Male,Adult,Peshawar,2023-09-16,O7471,2024-03-20,Burger King,Pizza,Chinese,5,1292.82,Card,19,2024-11-19,64,Inactive,1,2025-04-25,Delayed,6464.1
C1627,Male,Adult,Peshawar,2023-12-07,O5627,2024-03-20,Pizza Hut,Pasta,Dessert,4,343.08,Cash,6,2024-09-09,109,Active,1,2025-03-04,Delivered,1372.32
C3726,Other,Adult,Peshawar,2024-09-26,O7726,2024-03-20,McDonald's,Burger,Dessert,4,514.51,Card,5,2025-03-23,77,Inactive,1,2024-11-18,Cancelled,2058.04
C6385,Other,Teenager,Lahore,2024-09-04,O10385,2024-03-20,KFC,Pizza,Italian,1,754.68,Wallet,11,2025-03-15,329,Active,1,2024-12-15,Cancelled,754.68
C4923,Male,Teenager,Multan,2024-11-01,O8923,2024-03-20,McDonald's,Pasta,Dessert,3,1274.73,Wallet,48,2025-02-25,415,Active,5,2025-06-17,Cancelled,3824.19
C3419,Other,Adult,Peshawar,2024-05-01,O7419,2024-03-20,Subway,Pasta,Chinese,3,1404.24,Wallet,23,2025-05-25,350,Inactive,4,2025-07-19,Cancelled,4212.72
C1298,Other,Senior,Karachi,2024-05-31,O5298,2024-03-21,Burger King,Burger,Italian,5,249.79,Card,16,2024-11-10,236,Inactive,5,2025-05-09,Delayed,1248.95
C2995,Other,Adult,Peshawar,2023-11-25,O6995,2024-03-21,Pizza Hut,Pasta,Fast Food,2,1350.08,Cash,8,2024-10-25,28,Inactive,3,2025-05-19,Delivered,2700.16
C5199,Female,Adult,Islamabad,2024-02-24,O9199,2024-03-21,McDonald's,Burger,Italian,4,716.08,Cash,34,2025-05-30,136,Active,4,2025-04-04,Cancelled,2864.32
C1224,Male,Adult,Lahore,2024-11-11,O5224,2024-03-21,Pizza Hut,Pizza,Chinese,4,264.66,Card,21,2025-07-04,321,Active,5,2025-05-24,Delayed,1058.64
C6317,Female,Senior,Lahore,2025-01-14,O10317,2024-03-21,McDonald's,Sandwich,Italian,2,566.9,Wallet,32,2025-04-02,243,Active,1,2025-01-10,Delayed,1133.8
C4328,Female,Senior,Lahore,2025-02-13,O8328,2024-03-21,Pizza Hut,Burger,Continental,1,1029.2,Card,37,2025-08-13,200,Inactive,3,2024-09-26,Delivered,1029.2
C1225,Male,Teenager,Karachi,2024-04-28,O5225,2024-03-22,Pizza Hut,Pasta,Fast Food,1,663.09,Cash,39,2024-09-18,327,Inactive,5,2024-11-23,Delivered,663.09
C2535,Male,Teenager,Multan,2025-06-11,O6535,2024-03-22,Burger King,Fries,Chinese,1,693.19,Card,17,2025-08-19,495,Inactive,5,2025-06-22,Cancelled,693.19
C3966,Other,Teenager,Lahore,2024-10-21,O7966,2024-03-22,Pizza Hut,Sandwich,Dessert,1,856.76,Cash,41,2025-06-25,214,Inactive,3,2025-01-18,Cancelled,856.76
C3727,Male,Adult,Islamabad,2025-04-23,O7727,2024-03-22,Burger King,Sandwich,Continental,1,885.37,Card,5,2025-07-05,148,Active,3,2025-02-20,Delayed,885.37
C1187,Female,Teenager,Peshawar,2024-08-16,O5187,2024-03-22,KFC,Pasta,Continental,1,540.87,Cash,33,2024-11-14,438,Inactive,2,2025-03-11,Cancelled,540.87
C5916,Male,Adult,Peshawar,2025-02-18,O9916,2024-03-22,Burger King,Pasta,Chinese,3,1147.9,Wallet,50,2025-07-30,257,Active,4,2024-12-06,Delayed,3443.7
C1063,Male,Senior,Lahore,2023-09-17,O5063,2024-03-22,McDonald's,Burger,Chinese,3,559.13,Cash,17,2025-01-12,306,Active,5,2025-03-23,Cancelled,1677.39
C3119,Male,Teenager,Islamabad,2024-10-28,O7119,2024-03-22,KFC,Burger,Dessert,2,761.89,Card,47,2025-07-28,479,Active,4,2025-07-13,Delayed,1523.78
C1754,Other,Adult,Karachi,2024-01-15,O5754,2024-03-22,Pizza Hut,Fries,Continental,1,380.58,Card,19,2024-09-29,8,Inactive,3,2025-01-19,Delivered,380.58
C4030,Male,Adult,Karachi,2025-02-16,O8030,2024-03-23,KFC,Burger,Continental,5,301.69,Wallet,46,2025-08-17,367,Active,2,2025-01-31,Cancelled,1508.45
C4105,Other,Senior,Peshawar,2024-08-01,O8105,2024-03-23,Burger King,Burger,Dessert,2,1469.53,Wallet,20,2025-04-01,76,Inactive,2,2025-08-10,Delayed,2939.06
C4316,Male,Adult,Lahore,2023-11-08,O8316,2024-03-23,Pizza Hut,Pasta,Dessert,2,265.29,Cash,30,2025-05-17,383,Active,2,2025-04-15,Cancelled,530.58
C1805,Other,Teenager,Islamabad,2023-12-05,O5805,2024-03-23,Subway,Burger,Dessert,3,1248.99,Wallet,49,2025-08-20,372,Inactive,5,2025-05-26,Delivered,3746.97
C3323,Other,Adult,Karachi,2024-08-05,O7323,2024-03-23,Burger King,Burger,Continental,1,238.13,Cash,15,2025-01-16,451,Active,1,2025-01-19,Delivered,238.13
C2943,Female,Teenager,Multan,2023-11-18,O6943,2024-03-23,McDonald's,Burger,Italian,5,1269.83,Card,4,2024-12-24,259,Inactive,3,2024-09-11,Cancelled,6349.15
C5818,Male,Adult,Multan,2025-06-30,O9818,2024-03-23,McDonald's,Fries,Dessert,5,541.95,Card,26,2025-07-25,444,Active,1,2024-12-21,Delivered,2709.75
C4096,Male,Teenager,Lahore,2024-06-08,O8096,2024-03-23,Subway,Fries,Dessert,2,649.95,Cash,24,2025-04-21,125,Inactive,4,2025-02-12,Cancelled,1299.9
C4361,Other,Senior,Peshawar,2024-09-20,O8361,2024-03-23,Subway,Burger,Continental,4,347.58,Card,21,2025-08-14,101,Active,4,2024-10-12,Delivered,1390.32
C1100,Male,Adult,Karachi,2024-03-24,O5100,2024-03-23,KFC,Pizza,Dessert,1,486.5,Card,29,2025-05-05,305,Inactive,5,2025-07-11,Delayed,486.5
C2361,Male,Adult,Peshawar,2025-03-15,O6361,2024-03-23,Subway,Fries,Italian,5,1038.7,Wallet,38,2025-07-09,431,Inactive,4,2025-06-20,Delivered,5193.5
C4170,Female,Adult,Peshawar,2024-08-26,O8170,2024-03-23,Pizza Hut,Pizza,Dessert,4,648.86,Card,24,2025-06-16,289,Active,4,2024-08-22,Delivered,2595.44
C3445,Male,Senior,Peshawar,2024-08-20,O7445,2024-03-23,McDonald's,Burger,Chinese,1,1013.21,Cash,4,2025-03-30,45,Active,4,2024-11-25,Delayed,1013.21
C5855,Female,Senior,Lahore,2023-08-22,O9855,2024-03-24,Pizza Hut,Pasta,Italian,3,344.33,Wallet,9,2024-11-03,348,Active,5,2024-09-17,Delivered,1032.99
C6002,Other,Senior,Multan,2024-12-05,O10002,2024-03-24,KFC,Fries,Continental,4,1311.76,Wallet,14,2025-07-16,130,Active,5,2025-06-08,Delivered,5247.04
C2565,Female,Adult,Islamabad,2023-10-02,O6565,2024-03-24,KFC,Burger,Fast Food,3,1312.89,Cash,1,2024-08-26,24,Active,3,2024-12-11,Delivered,3938.67
C1477,Male,Adult,Peshawar,2024-02-26,O5477,2024-03-24,Subway,Sandwich,Italian,1,478.89,Cash,1,2025-03-05,211,Active,2,2024-12-07,Cancelled,478.89
C6130,Male,Adult,Lahore,2024-07-18,O10130,2024-03-24,Pizza Hut,Sandwich,Continental,1,781.67,Cash,19,2024-12-01,372,Inactive,3,2025-06-11,Cancelled,781.67
C4720,Female,Teenager,Multan,2024-06-30,O8720,2024-03-24,KFC,Burger,Continental,3,1200.85,Wallet,28,2025-04-18,26,Inactive,1,2025-03-21,Delayed,3602.55
C6799,Other,Adult,Islamabad,2024-12-07,O10799,2024-03-24,McDonald's,Burger,Dessert,3,1388.46,Cash,31,2025-07-09,151,Inactive,3,2025-06-15,Delivered,4165.38
C5054,Male,Adult,Islamabad,2023-09-21,O9054,2024-03-25,Pizza Hut,Pizza,Fast Food,2,608.73,Wallet,20,2024-09-12,210,Inactive,3,2025-02-01,Delivered,1217.46
C2887,Other,Senior,Lahore,2023-10-03,O6887,2024-03-25,Subway,Pizza,Fast Food,3,543.45,Wallet,46,2024-11-07,257,Active,1,2024-10-05,Delivered,1630.35
C5332,Other,Teenager,Lahore,2025-03-09,O9332,2024-03-25,Burger King,Burger,Fast Food,3,997.42,Card,7,2025-04-14,383,Inactive,4,2024-11-13,Cancelled,2992.26
C3747,Female,Teenager,Islamabad,2025-05-11,O7747,2024-03-25,Burger King,Fries,Chinese,1,1049.77,Cash,36,2025-06-19,472,Inactive,1,2024-11-24,Delivered,1049.77
C2778,Other,Senior,Lahore,2024-07-28,O6778,2024-03-25,Subway,Pizza,Chinese,5,1375.95,Cash,23,2025-03-10,53,Active,4,2024-08-21,Delivered,6879.75
C5170,Other,Senior,Lahore,2023-09-13,O9170,2024-03-25,KFC,Pizza,Chinese,2,487.09,Card,17,2024-09-21,0,Active,3,2025-01-04,Delayed,974.18
C3440,Male,Adult,Karachi,2025-04-17,O7440,2024-03-26,Burger King,Fries,Italian,3,486.22,Card,5,2025-06-20,469,Inactive,5,2024-12-06,Delayed,1458.66
C6216,Other,Senior,Peshawar,2024-09-28,O10216,2024-03-26,Subway,Pasta,Italian,2,602.47,Cash,25,2025-07-05,320,Inactive,4,2025-01-30,Cancelled,1204.94
C3912,Male,Adult,Islamabad,2024-01-04,O7912,2024-03-26,KFC,Pizza,Continental,2,178.58,Cash,29,2025-02-09,35,Inactive,1,2025-04-08,Delivered,357.16
C4810,Female,Teenager,Islamabad,2023-12-15,O8810,2024-03-26,Pizza Hut,Sandwich,Dessert,3,729.52,Cash,21,2025-05-30,69,Active,2,2025-08-20,Cancelled,2188.56
C1223,Other,Senior,Multan,2024-02-28,O5223,2024-03-27,Burger King,Fries,Continental,2,811.36,Cash,22,2024-10-04,14,Active,1,2025-06-27,Delivered,1622.72
C5641,Other,Senior,Islamabad,2023-10-13,O9641,2024-03-27,Pizza Hut,Burger,Chinese,4,620.96,Card,17,2025-08-21,206,Active,2,2025-04-09,Cancelled,2483.84
C3073,Male,Senior,Islamabad,2025-01-23,O7073,2024-03-27,Pizza Hut,Burger,Dessert,2,1004.76,Cash,5,2025-05-23,111,Inactive,5,2024-09-22,Cancelled,2009.52
C5897,Female,Adult,Multan,2023-09-21,O9897,2024-03-27,KFC,Fries,Dessert,5,526.51,Card,23,2024-11-07,235,Inactive,2,2025-04-19,Delivered,2632.55
C5737,Female,Teenager,Multan,2025-04-23,O9737,2024-03-27,McDonald's,Pizza,Continental,1,703.07,Wallet,8,2025-05-16,51,Inactive,5,2025-07-21,Delayed,703.07
C1760,Male,Adult,Peshawar,2025-02-28,O5760,2024-03-27,Burger King,Pizza,Continental,3,481.97,Card,49,2025-07-14,314,Active,1,2024-11-29,Delivered,1445.91
C5591,Female,Senior,Multan,2024-02-21,O9591,2024-03-27,KFC,Pizza,Fast Food,4,238.95,Cash,15,2025-06-24,382,Inactive,2,2024-12-02,Delivered,955.8
C2445,Other,Senior,Karachi,2025-02-19,O6445,2024-03-27,KFC,Burger,Chinese,3,957.8,Cash,38,2025-03-01,315,Inactive,5,2025-03-07,Cancelled,2873.4
C5805,Other,Adult,Islamabad,2024-06-17,O9805,2024-03-28,Subway,Pasta,Italian,1,231.35,Wallet,6,2024-10-07,247,Active,2,2025-07-05,Delivered,231.35
C6355,Female,Teenager,Karachi,2024-10-16,O10355,2024-03-28,McDonald's,Sandwich,Continental,4,128.63,Cash,23,2024-11-28,154,Active,5,2024-11-15,Delayed,514.52
C5872,Other,Teenager,Karachi,2025-03-14,O9872,2024-03-28,Burger King,Burger,Chinese,2,284.9,Wallet,32,2025-06-19,289,Active,4,2025-04-12,Delivered,569.8
C5581,Male,Teenager,Multan,2024-01-13,O9581,2024-03-28,Pizza Hut,Pizza,Dessert,1,1316.01,Cash,28,2025-01-11,215,Active,4,2024-09-30,Delivered,1316.01
C2138,Male,Teenager,Islamabad,2023-12-04,O6138,2024-03-28,McDonald's,Fries,Fast Food,2,816.36,Card,13,2025-03-08,450,Inactive,5,2024-10-25,Delivered,1632.72
C6819,Female,Adult,Lahore,2024-05-22,O10819,2024-03-28,McDonald's,Fries,Italian,2,787.92,Wallet,33,2025-06-09,212,Active,3,2025-03-30,Cancelled,1575.84
C3449,Female,Senior,Peshawar,2025-03-07,O7449,2024-03-28,KFC,Pizza,Fast Food,3,956.19,Card,17,2025-05-24,229,Active,1,2025-07-24,Cancelled,2868.57
C4976,Female,Senior,Islamabad,2025-04-15,O8976,2024-03-28,Subway,Pasta,Chinese,4,927.18,Card,12,2025-06-04,26,Inactive,1,2025-03-04,Delivered,3708.72
C2402,Other,Teenager,Lahore,2024-06-11,O6402,2024-03-29,Burger King,Pasta,Fast Food,5,292.15,Wallet,42,2024-10-16,211,Active,4,2025-01-21,Cancelled,1460.75
C5893,Male,Teenager,Karachi,2023-09-09,O9893,2024-03-29,Burger King,Fries,Continental,1,1405.01,Card,23,2024-10-23,417,Active,1,2025-01-27,Delivered,1405.01
C5643,Female,Adult,Peshawar,2024-03-12,O9643,2024-03-29,KFC,Pasta,Continental,2,141.51,Cash,4,2025-05-07,72,Inactive,5,2025-02-02,Delivered,283.02
C2269,Female,Senior,Islamabad,2024-10-20,O6269,2024-03-29,McDonald's,Pizza,Chinese,1,129.45,Wallet,10,2024-11-21,51,Active,5,2024-10-15,Cancelled,129.45
C3714,Female,Senior,Karachi,2025-06-05,O7714,2024-03-29,KFC,Pasta,Chinese,2,310.77,Cash,50,2025-07-08,128,Active,3,2025-08-20,Delayed,621.54
C4042,Female,Adult,Multan,2024-08-28,O8042,2024-03-29,Subway,Pizza,Fast Food,4,929.83,Cash,9,2024-10-16,479,Active,1,2025-04-14,Delayed,3719.32
C6270,Other,Teenager,Islamabad,2025-04-04,O10270,2024-03-29,Subway,Pizza,Dessert,5,939.29,Wallet,24,2025-08-17,229,Inactive,1,2025-04-19,Delayed,4696.45
C4007,Female,Teenager,Karachi,2023-10-07,O8007,2024-03-29,McDonald's,Pasta,Continental,4,975.23,Card,26,2024-11-19,189,Active,5,2025-03-01,Delivered,3900.92
C4035,Female,Teenager,Lahore,2023-10-08,O8035,2024-03-29,KFC,Sandwich,Continental,5,526.05,Card,18,2024-11-01,155,Active,2,2025-06-05,Delayed,2630.25
C4278,Female,Teenager,Lahore,2024-12-28,O8278,2024-03-29,Pizza Hut,Burger,Dessert,2,1399.76,Card,33,2025-08-21,186,Active,4,2024-08-24,Delayed,2799.52
C4247,Female,Teenager,Multan,2024-09-04,O8247,2024-03-29,McDonald's,Fries,Dessert,5,1486.67,Wallet,40,2024-12-20,65,Active,4,2024-10-27,Delayed,7433.35
C2771,Male,Adult,Lahore,2023-08-22,O6771,2024-03-29,Subway,Fries,Continental,4,1381.05,Cash,49,2025-04-08,161,Inactive,4,2024-12-15,Cancelled,5524.2
C1188,Male,Adult,Lahore,2025-04-19,O5188,2024-03-30,Subway,Sandwich,Continental,3,1219.68,Cash,3,2025-06-21,464,Inactive,5,2024-10-18,Delivered,3659.04
C3979,Male,Senior,Peshawar,2024-12-13,O7979,2024-03-30,Subway,Fries,Fast Food,4,865.03,Card,4,2025-07-10,95,Active,1,2024-10-09,Delayed,3460.12
C3274,Male,Adult,Karachi,2024-01-17,O7274,2024-03-30,McDonald's,Burger,Continental,1,1249.58,Card,30,2025-08-05,419,Inactive,3,2024-11-19,Delayed,1249.58
C6312,Other,Senior,Islamabad,2024-10-26,O10312,2024-03-30,Pizza Hut,Pizza,Chinese,4,775.64,Card,12,2025-02-05,182,Inactive,1,2025-06-13,Delayed,3102.56
C4545,Male,Adult,Multan,2023-10-28,O8545,2024-03-30,Burger King,Sandwich,Fast Food,5,372.09,Card,3,2025-03-28,417,Active,5,2025-03-26,Delayed,1860.45
C6062,Other,Teenager,Islamabad,2024-09-07,O10062,2024-03-30,KFC,Fries,Continental,5,1063.1,Wallet,9,2024-11-05,390,Inactive,3,2025-08-04,Cancelled,5315.5
C3511,Male,Teenager,Lahore,2024-12-02,O7511,2024-03-30,Subway,Fries,Italian,3,892.16,Wallet,45,2025-03-18,242,Inactive,4,2024-12-09,Delivered,2676.48
C3187,Male,Teenager,Karachi,2024-09-19,O7187,2024-03-30,Burger King,Pizza,Dessert,5,537.59,Cash,36,2025-03-29,88,Active,3,2025-03-01,Delivered,2687.95
C6462,Other,Adult,Lahore,2025-06-19,O10462,2024-03-30,KFC,Pasta,Continental,5,1478.75,Cash,13,2025-07-21,383,Active,4,2025-02-07,Delivered,7393.75
C6654,Male,Adult,Karachi,2023-10-23,O10654,2024-03-31,Subway,Pasta,Italian,2,186.77,Card,24,2025-06-14,88,Inactive,1,2024-10-10,Delayed,373.54
C6027,Other,Teenager,Islamabad,2025-01-10,O10027,2024-03-31,Burger King,Pasta,Continental,1,231.83,Cash,7,2025-02-05,338,Inactive,3,2025-04-30,Delayed,231.83
C3749,Female,Adult,Multan,2023-11-13,O7749,2024-03-31,Subway,Burger,Fast Food,4,330.41,Wallet,28,2024-10-05,71,Inactive,3,2025-08-20,Cancelled,1321.64
C4902,Female,Senior,Islamabad,2024-02-23,O8902,2024-03-31,McDonald's,Burger,Dessert,2,456.28,Cash,11,2025-04-14,186,Inactive,4,2024-09-09,Cancelled,912.56
C2955,Other,Senior,Islamabad,2023-10-02,O6955,2024-04-01,Subway,Sandwich,Continental,4,559.68,Wallet,25,2025-01-25,468,Active,5,2025-04-04,Delayed,2238.72
C4436,Male,Teenager,Lahore,2024-04-05,O8436,2024-04-01,Pizza Hut,Sandwich,Italian,5,227.21,Card,41,2025-06-29,310,Active,5,2025-03-31,Delivered,1136.05
C2930,Other,Adult,Islamabad,2024-05-31,O6930,2024-04-01,KFC,Pasta,Fast Food,5,693.13,Card,36,2025-02-01,201,Inactive,2,2025-08-15,Cancelled,3465.65
C5523,Male,Adult,Islamabad,2024-12-05,O9523,2024-04-01,Burger King,Burger,Chinese,2,348.66,Card,31,2025-07-28,41,Inactive,5,2025-03-22,Delayed,697.32
C6339,Other,Senior,Multan,2023-09-14,O10339,2024-04-01,McDonald's,Sandwich,Italian,4,1339.93,Wallet,19,2025-08-09,77,Inactive,3,2024-12-01,Delayed,5359.72
C2923,Female,Adult,Peshawar,2023-09-15,O6923,2024-04-01,Burger King,Sandwich,Italian,3,747.98,Wallet,36,2025-08-02,408,Active,1,2025-06-28,Delayed,2243.94
C6863,Other,Teenager,Lahore,2025-03-01,O10863,2024-04-01,Subway,Burger,Italian,5,245.04,Cash,5,2025-05-24,246,Active,2,2025-05-11,Cancelled,1225.2
C3499,Other,Adult,Peshawar,2024-05-01,O7499,2024-04-01,KFC,Pizza,Dessert,3,1107.28,Cash,28,2025-07-18,185,Active,4,2025-02-14,Cancelled,3321.84
C5784,Female,Teenager,Peshawar,2024-01-04,O9784,2024-04-01,KFC,Burger,Italian,3,164.1,Card,5,2025-08-10,126,Active,5,2025-02-10,Delivered,492.3
C2475,Female,Adult,Lahore,2023-12-22,O6475,2024-04-01,McDonald's,Pizza,Continental,1,400.61,Card,29,2025-06-11,206,Active,3,2025-05-21,Cancelled,400.61
C2288,Male,Adult,Karachi,2024-09-11,O6288,2024-04-02,KFC,Burger,Dessert,3,464.29,Cash,34,2025-01-20,124,Inactive,5,2025-07-10,Delivered,1392.87
C3961,Female,Adult,Peshawar,2024-06-06,O7961,2024-04-02,Pizza Hut,Fries,Continental,4,987.34,Wallet,14,2025-02-18,310,Active,4,2025-05-16,Delayed,3949.36
C3784,Other,Teenager,Peshawar,2025-05-23,O7784,2024-04-02,Subway,Pasta,Continental,2,1470.43,Card,13,2025-08-12,188,Inactive,4,2024-08-21,Delayed,2940.86
C3198,Male,Adult,Islamabad,2024-08-15,O7198,2024-04-03,Pizza Hut,Sandwich,Continental,2,396.31,Card,26,2025-07-01,15,Inactive,1,2025-03-04,Delivered,792.62
C6778,Female,Senior,Peshawar,2025-02-08,O10778,2024-04-03,Burger King,Pizza,Fast Food,1,443.64,Card,49,2025-06-05,387,Inactive,2,2025-07-05,Delayed,443.64
C1648,Other,Teenager,Karachi,2024-09-24,O5648,2024-04-03,Subway,Fries,Fast Food,2,1463.89,Card,3,2025-04-25,305,Inactive,5,2024-11-29,Cancelled,2927.78
C6421,Female,Senior,Peshawar,2023-10-21,O10421,2024-04-03,Subway,Pizza,Dessert,2,1016.61,Card,34,2025-06-22,367,Active,2,2024-12-16,Cancelled,2033.22
C5411,Female,Senior,Peshawar,2025-06-04,O9411,2024-04-03,Burger King,Sandwich,Fast Food,1,1295.96,Cash,29,2025-06-27,161,Inactive,2,2024-09-23,Cancelled,1295.96
C2488,Male,Adult,Peshawar,2023-12-30,O6488,2024-04-03,McDonald's,Pasta,Fast Food,4,1114.24,Cash,42,2025-05-12,97,Inactive,3,2025-06-16,Delivered,4456.96
C6034,Male,Senior,Islamabad,2023-10-12,O10034,2024-04-04,Subway,Pizza,Chinese,5,1477.52,Cash,37,2025-02-22,214,Active,5,2024-12-20,Delivered,7387.6
C2075,Male,Teenager,Islamabad,2024-03-21,O6075,2024-04-04,McDonald's,Pasta,Chinese,3,1384.97,Cash,6,2024-09-10,109,Active,5,2025-01-19,Delayed,4154.91
C6823,Other,Teenager,Islamabad,2025-02-16,O10823,2024-04-04,Subway,Fries,Continental,2,789.15,Wallet,26,2025-07-16,314,Active,2,2024-12-01,Delivered,1578.3
C3398,Other,Teenager,Karachi,2023-11-09,O7398,2024-04-04,KFC,Fries,Dessert,3,736.23,Cash,16,2025-07-11,55,Inactive,3,2025-03-14,Delayed,2208.69
C6376,Female,Teenager,Lahore,2024-09-17,O10376,2024-04-04,Pizza Hut,Pasta,Italian,5,1166.94,Cash,22,2024-11-20,495,Active,1,2024-12-12,Delivered,5834.7
C5116,Female,Teenager,Islamabad,2025-01-16,O9116,2024-04-04,Pizza Hut,Burger,Chinese,2,772.17,Card,25,2025-03-25,387,Active,1,2025-07-14,Delayed,1544.34
C5576,Other,Teenager,Multan,2025-01-10,O9576,2024-04-04,Subway,Pizza,Fast Food,3,1444.31,Cash,32,2025-04-11,319,Inactive,2,2025-01-30,Delayed,4332.93
C1665,Female,Senior,Karachi,2025-02-26,O5665,2024-04-04,Subway,Burger,Fast Food,2,753.44,Card,34,2025-06-16,371,Inactive,5,2025-05-22,Cancelled,1506.88
C5503,Other,Teenager,Karachi,2024-11-08,O9503,2024-04-04,Subway,Burger,Continental,5,1055.72,Wallet,5,2025-08-20,487,Inactive,3,2025-07-29,Cancelled,5278.6
C5064,Female,Adult,Peshawar,2024-05-12,O9064,2024-04-05,Burger King,Sandwich,Dessert,5,1204.31,Card,4,2024-11-28,232,Active,1,2025-01-17,Delayed,6021.55
C1911,Other,Teenager,Peshawar,2025-04-13,O5911,2024-04-05,KFC,Fries,Dessert,3,1271.26,Wallet,18,2025-04-24,471,Inactive,5,2025-07-26,Delivered,3813.78
C1937,Other,Teenager,Multan,2024-12-02,O5937,2024-04-05,KFC,Burger,Fast Food,2,615.89,Wallet,26,2025-04-05,372,Active,4,2025-05-24,Cancelled,1231.78
C6008,Other,Teenager,Peshawar,2025-05-11,O10008,2024-04-05,KFC,Pizza,Fast Food,3,808.19,Wallet,32,2025-06-10,407,Inactive,2,2024-10-15,Cancelled,2424.57
C2744,Male,Senior,Lahore,2024-09-05,O6744,2024-04-06,McDonald's,Fries,Chinese,5,1186.39,Wallet,6,2024-09-21,370,Active,4,2025-01-16,Delayed,5931.95
C2465,Male,Adult,Peshawar,2024-02-26,O6465,2024-04-06,Subway,Fries,Fast Food,2,598.36,Cash,47,2025-08-08,51,Active,1,2025-06-29,Delayed,1196.72
C2814,Female,Adult,Islamabad,2024-05-08,O6814,2024-04-06,Burger King,Fries,Continental,5,253.2,Cash,18,2024-11-08,172,Active,3,2024-09-19,Delayed,1266.0
C1591,Female,Senior,Islamabad,2024-02-14,O5591,2024-04-06,Subway,Pasta,Chinese,1,701.79,Cash,17,2024-11-23,54,Inactive,4,2025-01-22,Delayed,701.79
C5042,Other,Senior,Lahore,2023-12-01,O9042,2024-04-06,McDonald's,Fries,Chinese,1,1359.62,Cash,11,2024-11-18,447,Inactive,2,2024-10-21,Cancelled,1359.62
C1526,Male,Senior,Islamabad,2024-02-02,O5526,2024-04-06,KFC,Sandwich,Dessert,4,456.66,Cash,33,2025-04-22,181,Active,1,2025-07-20,Delayed,1826.64
C2114,Female,Senior,Lahore,2025-02-13,O6114,2024-04-06,Pizza Hut,Sandwich,Italian,3,857.13,Card,13,2025-06-22,115,Inactive,4,2025-01-20,Delayed,2571.39
C4985,Male,Teenager,Karachi,2023-08-26,O8985,2024-04-06,Pizza Hut,Pizza,Fast Food,1,1100.43,Wallet,22,2024-10-29,51,Active,2,2025-07-14,Cancelled,1100.43
C1055,Other,Senior,Multan,2023-12-11,O5055,2024-04-06,Pizza Hut,Pizza,Fast Food,3,877.31,Card,16,2025-02-18,31,Active,2,2024-08-24,Cancelled,2631.93
C3844,Other,Teenager,Karachi,2024-12-06,O7844,2024-04-07,Subway,Fries,Dessert,4,438.45,Card,28,2025-03-23,324,Active,2,2025-02-15,Cancelled,1753.8
C6035,Male,Teenager,Karachi,2025-01-27,O10035,2024-04-07,KFC,Pizza,Chinese,3,946.01,Wallet,27,2025-02-19,254,Inactive,1,2025-03-23,Delayed,2838.03
C3055,Female,Adult,Islamabad,2024-02-27,O7055,2024-04-07,KFC,Pizza,Fast Food,4,1195.05,Wallet,9,2024-12-03,382,Inactive,4,2024-08-26,Delayed,4780.2
C4505,Male,Adult,Peshawar,2024-08-22,O8505,2024-04-07,Subway,Pasta,Italian,5,328.79,Wallet,30,2025-05-07,329,Inactive,5,2025-06-20,Cancelled,1643.95
C5288,Male,Teenager,Lahore,2023-10-29,O9288,2024-04-07,KFC,Burger,Continental,3,410.83,Card,8,2025-01-28,387,Active,1,2025-04-10,Cancelled,1232.49
C3526,Male,Senior,Multan,2024-08-20,O7526,2024-04-08,Subway,Sandwich,Fast Food,1,935.47,Card,36,2024-12-31,385,Active,4,2024-10-07,Delayed,935.47
C2905,Other,Teenager,Islamabad,2024-05-25,O6905,2024-04-08,Pizza Hut,Burger,Fast Food,1,514.31,Wallet,6,2024-12-21,271,Inactive,4,2024-12-14,Delivered,514.31
C1040,Other,Teenager,Lahore,2025-01-02,O5040,2024-04-08,Subway,Fries,Continental,4,534.17,Wallet,38,2025-05-11,382,Inactive,3,2024-11-01,Delayed,2136.68
C2427,Other,Adult,Islamabad,2024-09-12,O6427,2024-04-08,Burger King,Burger,Fast Food,2,687.88,Cash,3,2025-03-23,122,Active,2,2025-07-23,Delayed,1375.76
C2143,Other,Teenager,Islamabad,2024-10-09,O6143,2024-04-08,Pizza Hut,Pizza,Italian,4,825.88,Card,31,2025-01-16,83,Active,5,2024-11-15,Cancelled,3303.52
C5079,Other,Senior,Karachi,2024-10-05,O9079,2024-04-08,McDonald's,Sandwich,Chinese,3,501.34,Wallet,22,2025-05-09,169,Inactive,5,2025-06-24,Cancelled,1504.02
C4317,Male,Teenager,Islamabad,2023-10-20,O8317,2024-04-08,McDonald's,Pasta,Fast Food,3,653.02,Wallet,48,2025-08-01,35,Inactive,3,2024-10-22,Cancelled,1959.06
C3854,Female,Teenager,Islamabad,2024-08-22,O7854,2024-04-08,Pizza Hut,Sandwich,Italian,2,129.62,Card,27,2025-08-20,163,Inactive,5,2024-12-30,Delivered,259.24
C4311,Other,Teenager,Peshawar,2025-02-16,O8311,2024-04-08,Subway,Burger,Dessert,5,856.2,Cash,30,2025-06-26,259,Active,4,2025-06-20,Cancelled,4281.0
C2788,Female,Senior,Lahore,2024-10-18,O6788,2024-04-08,Burger King,Sandwich,Dessert,3,1057.71,Cash,44,2025-03-27,309,Inactive,5,2024-08-25,Delayed,3173.13
C5209,Male,Teenager,Lahore,2025-03-17,O9209,2024-04-08,McDonald's,Burger,Italian,2,579.46,Wallet,31,2025-07-12,282,Inactive,3,2024-10-11,Delayed,1158.92
C3773,Other,Adult,Multan,2023-08-30,O7773,2024-04-09,McDonald's,Pizza,Italian,5,273.55,Card,37,2025-05-10,101,Inactive,3,2024-10-17,Delayed,1367.75
C4914,Other,Teenager,Islamabad,2024-09-05,O8914,2024-04-09,KFC,Sandwich,Chinese,1,1305.02,Card,49,2024-09-22,226,Active,1,2024-12-17,Cancelled,1305.02
C1711,Other,Senior,Peshawar,2024-08-09,O5711,2024-04-09,McDonald's,Pasta,Continental,4,537.04,Wallet,2,2025-01-26,357,Inactive,4,2024-08-24,Delivered,2148.16
C5023,Male,Senior,Peshawar,2025-04-05,O9023,2024-04-09,Pizza Hut,Fries,Continental,5,393.5,Wallet,27,2025-08-13,110,Active,3,2025-04-29,Delayed,1967.5
C4846,Male,Adult,Islamabad,2023-11-10,O8846,2024-04-09,Pizza Hut,Burger,Chinese,5,1435.0,Cash,27,2025-06-08,109,Inactive,2,2025-04-03,Cancelled,7175.0
C2859,Male,Teenager,Lahore,2024-09-04,O6859,2024-04-09,Pizza Hut,Fries,Fast Food,3,727.42,Wallet,45,2025-02-23,430,Inactive,1,2024-12-22,Delayed,2182.26
C5965,Male,Senior,Karachi,2025-04-13,O9965,2024-04-09,KFC,Pizza,Chinese,5,282.42,Cash,50,2025-07-13,178,Inactive,4,2024-10-24,Cancelled,1412.1
C4169,Male,Teenager,Karachi,2024-02-27,O8169,2024-04-09,Burger King,Burger,Continental,5,580.21,Cash,30,2025-07-22,414,Active,1,2025-06-25,Delivered,2901.05
C2382,Other,Adult,Peshawar,2024-11-12,O6382,2024-04-09,KFC,Pizza,Continental,3,1218.52,Wallet,22,2024-12-15,252,Active,1,2025-02-27,Delayed,3655.56
C1070,Female,Teenager,Peshawar,2024-08-10,O5070,2024-04-09,Subway,Pasta,Italian,1,1420.93,Cash,8,2025-05-26,486,Active,3,2025-01-19,Delivered,1420.93
C5265,Female,Senior,Peshawar,2023-10-18,O9265,2024-04-09,Subway,Burger,Dessert,2,828.91,Card,47,2024-10-23,436,Active,5,2025-01-02,Delayed,1657.82
C3325,Male,Adult,Islamabad,2025-06-21,O7325,2024-04-10,Subway,Pasta,Continental,5,1057.64,Card,44,2025-07-17,231,Active,2,2024-11-07,Delivered,5288.2
C5559,Male,Teenager,Lahore,2025-01-01,O9559,2024-04-10,McDonald's,Burger,Fast Food,3,510.7,Cash,24,2025-03-23,241,Inactive,3,2024-11-11,Cancelled,1532.1
C6259,Other,Teenager,Karachi,2024-06-04,O10259,2024-04-10,Subway,Pasta,Continental,4,1260.3,Card,41,2025-03-13,300,Active,4,2024-11-02,Delivered,5041.2
C5574,Male,Senior,Multan,2025-05-26,O9574,2024-04-10,Subway,Fries,Fast Food,2,291.54,Wallet,31,2025-07-05,38,Active,2,2024-11-07,Delivered,583.08
C1793,Other,Teenager,Lahore,2024-05-07,O5793,2024-04-11,KFC,Fries,Chinese,4,303.81,Cash,24,2025-08-09,372,Inactive,3,2024-09-22,Delivered,1215.24
C4752,Female,Adult,Lahore,2023-09-19,O8752,2024-04-11,McDonald's,Burger,Fast Food,5,185.13,Card,26,2025-01-05,330,Inactive,3,2024-11-20,Delayed,925.65
C5133,Male,Teenager,Karachi,2025-02-21,O9133,2024-04-11,Burger King,Pizza,Chinese,3,1150.16,Cash,7,2025-06-11,184,Inactive,1,2024-11-08,Cancelled,3450.48
C5002,Male,Teenager,Lahore,2024-12-30,O9002,2024-04-11,KFC,Pasta,Italian,2,757.35,Cash,20,2025-04-07,237,Inactive,1,2025-04-15,Delayed,1514.7
C5539,Male,Senior,Peshawar,2024-05-17,O9539,2024-04-11,Burger King,Pasta,Chinese,3,345.18,Wallet,38,2025-01-23,447,Active,2,2024-11-27,Delivered,1035.54
C5437,Other,Senior,Peshawar,2024-07-19,O9437,2024-04-11,McDonald's,Pasta,Continental,5,1439.98,Card,45,2025-01-11,385,Inactive,3,2024-11-20,Delayed,7199.9
C4574,Female,Adult,Islamabad,2024-12-14,O8574,2024-04-12,KFC,Sandwich,Fast Food,3,600.67,Card,30,2025-04-27,315,Active,3,2025-05-28,Cancelled,1802.01
C6853,Other,Adult,Karachi,2024-01-06,O10853,2024-04-12,Pizza Hut,Burger,Italian,1,1353.19,Card,6,2025-01-11,361,Inactive,2,2025-06-11,Delayed,1353.19
C3211,Female,Teenager,Islamabad,2024-10-23,O7211,2024-04-12,KFC,Pizza,Italian,4,545.88,Wallet,32,2025-02-20,70,Inactive,3,2025-08-03,Cancelled,2183.52
C2853,Male,Teenager,Islamabad,2024-03-01,O6853,2024-04-12,Pizza Hut,Pasta,Continental,3,577.52,Cash,1,2025-07-04,384,Active,5,2025-08-04,Cancelled,1732.56
C2412,Other,Senior,Multan,2025-04-01,O6412,2024-04-12,KFC,Burger,Fast Food,2,813.76,Card,33,2025-06-06,422,Inactive,3,2025-05-18,Cancelled,1627.52
C6833,Other,Adult,Peshawar,2025-01-09,O10833,2024-04-12,Burger King,Pizza,Fast Food,2,996.97,Cash,18,2025-03-28,93,Inactive,1,2025-03-10,Delivered,1993.94
C2730,Male,Teenager,Lahore,2024-01-10,O6730,2024-04-12,KFC,Burger,Continental,3,579.22,Wallet,1,2024-09-10,260,Inactive,4,2025-05-30,Delayed,1737.66
C4738,Other,Senior,Lahore,2023-10-06,O8738,2024-04-12,Subway,Pasta,Continental,5,1445.31,Cash,49,2025-03-09,19,Inactive,1,2024-11-13,Delivered,7226.55
C5154,Female,Senior,Lahore,2024-04-04,O9154,2024-04-12,Burger King,Fries,Italian,3,1482.13,Card,31,2025-06-03,251,Active,4,2025-04-13,Delivered,4446.39
C3794,Other,Senior,Peshawar,2024-12-01,O7794,2024-04-12,Burger King,Fries,Dessert,5,733.3,Card,48,2025-06-25,447,Inactive,3,2025-01-13,Delivered,3666.5
C2668,Male,Senior,Lahore,2024-12-31,O6668,2024-04-12,McDonald's,Pizza,Dessert,5,997.23,Card,45,2025-08-13,315,Active,2,2025-05-06,Cancelled,4986.15
C1734,Male,Teenager,Peshawar,2024-10-05,O5734,2024-04-13,McDonald's,Sandwich,Chinese,5,790.07,Wallet,8,2025-07-18,361,Active,2,2024-12-17,Delayed,3950.35
C3297,Other,Teenager,Multan,2024-09-14,O7297,2024-04-13,KFC,Pizza,Italian,2,564.24,Cash,48,2025-04-12,483,Inactive,3,2025-08-16,Delivered,1128.48
C5945,Other,Teenager,Islamabad,2024-06-18,O9945,2024-04-13,Pizza Hut,Sandwich,Chinese,1,864.56,Wallet,32,2024-12-31,148,Active,5,2024-09-27,Delayed,864.56
C1556,Other,Senior,Lahore,2024-02-16,O5556,2024-04-13,Pizza Hut,Fries,Chinese,3,604.15,Card,49,2025-02-15,122,Inactive,2,2025-08-16,Delivered,1812.45
C3660,Other,Senior,Peshawar,2024-10-30,O7660,2024-04-13,McDonald's,Sandwich,Dessert,5,1103.32,Cash,40,2024-12-13,86,Active,1,2025-08-01,Delivered,5516.6
C2733,Other,Senior,Multan,2024-10-24,O6733,2024-04-13,Pizza Hut,Sandwich,Italian,5,416.81,Wallet,36,2025-03-29,108,Active,3,2025-02-15,Delivered,2084.05
C4212,Male,Senior,Karachi,2024-03-22,O8212,2024-04-13,McDonald's,Pasta,Chinese,2,1276.74,Card,42,2025-03-12,104,Inactive,3,2025-06-09,Delivered,2553.48
C3141,Other,Teenager,Lahore,2024-04-26,O7141,2024-04-13,Subway,Fries,Italian,4,451.39,Cash,34,2025-01-24,428,Inactive,3,2025-04-29,Delayed,1805.56
C6614,Female,Teenager,Karachi,2024-02-12,O10614,2024-04-13,Pizza Hut,Sandwich,Dessert,5,1308.6,Card,47,2025-06-18,264,Inactive,2,2024-10-23,Cancelled,6543.0
C1983,Female,Senior,Islamabad,2024-02-01,O5983,2024-04-14,KFC,Burger,Continental,4,1297.71,Wallet,1,2025-03-18,419,Active,4,2025-01-29,Delayed,5190.84
C1453,Male,Teenager,Multan,2023-10-23,O5453,2024-04-14,Pizza Hut,Sandwich,Continental,5,204.29,Wallet,28,2025-01-06,467,Inactive,1,2024-10-10,Delayed,1021.45
C4208,Female,Adult,Multan,2023-10-01,O8208,2024-04-14,Subway,Pasta,Chinese,2,1249.22,Wallet,46,2024-12-19,141,Active,4,2025-04-22,Delayed,2498.44
C6568,Male,Teenager,Lahore,2023-11-18,O10568,2024-04-14,KFC,Burger,Chinese,5,628.19,Cash,40,2024-11-21,354,Inactive,5,2024-11-09,Delivered,3140.95
C1008,Male,Teenager,Multan,2024-03-14,O5008,2024-04-14,KFC,Pizza,Fast Food,2,541.91,Card,7,2024-11-20,426,Active,2,2025-03-15,Cancelled,1083.82
C6417,Female,Teenager,Lahore,2025-01-05,O10417,2024-04-14,KFC,Sandwich,Italian,5,532.05,Cash,19,2025-04-12,256,Inactive,1,2025-01-23,Cancelled,2660.25
C5235,Male,Senior,Islamabad,2024-02-16,O9235,2024-04-14,McDonald's,Pasta,Chinese,3,1007.05,Card,15,2025-08-15,182,Inactive,4,2025-02-17,Delayed,3021.15
C1819,Other,Teenager,Lahore,2024-08-13,O5819,2024-04-14,McDonald's,Sandwich,Chinese,5,354.3,Card,50,2024-12-17,334,Active,2,2025-08-02,Delivered,1771.5
C1987,Male,Adult,Lahore,2024-07-06,O5987,2024-04-14,Pizza Hut,Sandwich,Chinese,1,485.88,Cash,39,2024-12-21,407,Active,5,2024-10-09,Delivered,485.88
C1576,Other,Teenager,Peshawar,2024-06-27,O5576,2024-04-14,KFC,Sandwich,Dessert,3,628.87,Card,23,2025-02-22,188,Active,5,2025-03-03,Delivered,1886.61
C4713,Female,Teenager,Lahore,2024-11-02,O8713,2024-04-14,KFC,Pasta,Chinese,3,546.86,Cash,7,2025-03-25,418,Inactive,4,2024-09-13,Delivered,1640.58
C4058,Male,Teenager,Multan,2024-10-22,O8058,2024-04-14,McDonald's,Sandwich,Chinese,5,144.1,Cash,23,2025-05-04,100,Active,2,2025-06-11,Delayed,720.5
C3719,Male,Senior,Islamabad,2023-11-24,O7719,2024-04-14,Burger King,Pasta,Italian,2,1247.54,Cash,42,2025-04-21,176,Active,3,2024-11-19,Delayed,2495.08
C2008,Male,Senior,Lahore,2024-07-07,O6008,2024-04-14,Pizza Hut,Fries,Continental,5,1410.5,Wallet,43,2025-04-13,477,Active,2,2024-10-09,Delayed,7052.5
C2932,Male,Adult,Karachi,2024-06-03,O6932,2024-04-15,Burger King,Sandwich,Fast Food,3,1165.12,Wallet,16,2025-04-28,217,Active,1,2025-04-28,Delivered,3495.36
C5647,Female,Teenager,Multan,2024-05-13,O9647,2024-04-15,Subway,Pasta,Fast Food,5,1471.71,Wallet,12,2025-05-03,149,Active,2,2025-07-20,Cancelled,7358.55
C2552,Female,Adult,Peshawar,2024-11-23,O6552,2024-04-15,Burger King,Pasta,Continental,5,1441.98,Card,13,2025-06-28,174,Inactive,4,2025-04-30,Cancelled,7209.9
C6892,Other,Senior,Multan,2024-03-30,O10892,2024-04-15,Burger King,Sandwich,Dessert,4,987.68,Cash,37,2025-04-02,35,Active,4,2025-03-21,Delayed,3950.72
C2685,Female,Adult,Lahore,2024-07-04,O6685,2024-04-15,Burger King,Sandwich,Continental,4,739.21,Wallet,17,2025-03-02,132,Inactive,3,2025-07-04,Cancelled,2956.84
C1381,Other,Senior,Lahore,2025-03-24,O5381,2024-04-15,Subway,Pasta,Dessert,5,452.5,Cash,29,2025-05-12,315,Inactive,4,2025-03-29,Delivered,2262.5
C6622,Male,Senior,Karachi,2024-12-10,O10622,2024-04-15,Burger King,Burger,Continental,2,708.98,Card,21,2025-01-30,279,Active,3,2025-02-15,Delivered,1417.96
C3893,Female,Adult,Multan,2024-11-03,O7893,2024-04-15,Subway,Fries,Italian,3,1293.72,Card,12,2025-03-14,373,Inactive,2,2025-02-15,Delayed,3881.16
C2070,Female,Adult,Lahore,2024-07-01,O6070,2024-04-16,Burger King,Burger,Italian,1,246.12,Card,24,2025-06-28,488,Active,5,2025-05-10,Delayed,246.12
C3385,Other,Teenager,Lahore,2024-04-24,O7385,2024-04-16,KFC,Fries,Chinese,1,1016.12,Wallet,13,2025-06-11,364,Inactive,4,2025-03-15,Delayed,1016.12
C4181,Female,Adult,Multan,2024-09-23,O8181,2024-04-16,Subway,Fries,Italian,5,433.26,Card,16,2024-12-30,45,Active,5,2025-04-11,Delivered,2166.3
C3015,Male,Teenager,Lahore,2024-11-15,O7015,2024-04-16,Subway,Pasta,Dessert,4,150.69,Wallet,28,2025-05-08,254,Active,1,2025-04-03,Cancelled,602.76
C4504,Other,Adult,Karachi,2023-09-24,O8504,2024-04-17,McDonald's,Pizza,Dessert,3,271.27,Card,2,2025-05-04,211,Inactive,2,2024-10-15,Delayed,813.81
C1262,Other,Adult,Peshawar,2024-05-15,O5262,2024-04-17,Subway,Pasta,Fast Food,4,342.4,Wallet,36,2024-09-14,6,Inactive,1,2024-12-22,Delayed,1369.6
C1607,Male,Adult,Karachi,2024-03-01,O5607,2024-04-17,Pizza Hut,Sandwich,Dessert,3,652.76,Cash,11,2024-12-06,133,Active,1,2025-07-04,Cancelled,1958.28
C1861,Male,Senior,Lahore,2025-03-27,O5861,2024-04-17,Subway,Pizza,Italian,3,101.72,Cash,32,2025-07-04,7,Inactive,5,2025-02-28,Delayed,305.16
C5456,Other,Senior,Karachi,2025-04-25,O9456,2024-04-17,McDonald's,Fries,Fast Food,5,1225.63,Cash,37,2025-07-28,351,Inactive,5,2024-08-27,Cancelled,6128.15
C2880,Male,Teenager,Islamabad,2024-09-21,O6880,2024-04-17,Burger King,Pasta,Continental,2,1317.43,Cash,2,2025-05-22,335,Active,4,2024-10-21,Delivered,2634.86
C4547,Other,Adult,Islamabad,2024-12-31,O8547,2024-04-17,McDonald's,Fries,Italian,3,978.1,Card,25,2025-05-12,317,Inactive,3,2024-10-17,Delayed,2934.3
C5635,Male,Senior,Islamabad,2024-09-16,O9635,2024-04-17,Pizza Hut,Fries,Chinese,3,582.57,Wallet,41,2025-06-25,277,Inactive,5,2024-12-25,Delivered,1747.71
C1476,Male,Adult,Islamabad,2025-02-19,O5476,2024-04-18,Subway,Pizza,Dessert,5,871.57,Wallet,1,2025-05-12,273,Active,1,2025-07-10,Delayed,4357.85
C2489,Other,Adult,Peshawar,2024-05-25,O6489,2024-04-18,McDonald's,Pasta,Italian,5,383.33,Cash,19,2025-01-18,301,Active,1,2025-06-08,Cancelled,1916.65
C5868,Female,Senior,Islamabad,2024-08-30,O9868,2024-04-18,Subway,Burger,Dessert,4,744.41,Wallet,3,2024-10-12,386,Inactive,1,2025-07-26,Delivered,2977.64
C3403,Female,Senior,Lahore,2024-12-19,O7403,2024-04-18,Subway,Burger,Continental,5,744.94,Cash,16,2025-06-13,412,Active,4,2024-10-01,Delayed,3724.7
C1472,Male,Senior,Multan,2024-05-11,O5472,2024-04-19,Pizza Hut,Burger,Fast Food,2,138.02,Cash,46,2024-12-12,255,Active,1,2025-06-28,Delivered,276.04
C1597,Female,Senior,Karachi,2023-11-05,O5597,2024-04-19,KFC,Pasta,Chinese,3,1297.02,Cash,27,2025-02-26,30,Inactive,3,2024-08-29,Delayed,3891.06
C1509,Male,Teenager,Multan,2023-09-27,O5509,2024-04-19,Burger King,Burger,Chinese,1,436.88,Wallet,9,2024-09-17,297,Active,2,2025-08-14,Delayed,436.88
C2102,Male,Senior,Karachi,2024-08-17,O6102,2024-04-19,McDonald's,Fries,Continental,5,743.39,Wallet,49,2025-06-08,387,Active,3,2024-11-16,Delayed,3716.95
C3070,Female,Senior,Karachi,2025-01-06,O7070,2024-04-19,Burger King,Sandwich,Continental,1,1231.51,Card,40,2025-05-06,128,Active,2,2025-05-24,Cancelled,1231.51
C6121,Male,Adult,Peshawar,2025-01-01,O10121,2024-04-19,KFC,Sandwich,Dessert,1,1170.11,Card,44,2025-03-01,408,Active,1,2025-07-09,Cancelled,1170.11
C2211,Male,Adult,Peshawar,2024-05-24,O6211,2024-04-19,KFC,Fries,Dessert,3,1357.31,Cash,8,2025-07-27,108,Active,3,2025-06-13,Delayed,4071.93
C5279,Male,Adult,Peshawar,2023-11-18,O9279,2024-04-19,KFC,Sandwich,Continental,4,1089.32,Wallet,8,2025-03-18,28,Active,5,2024-09-28,Delivered,4357.28
C6786,Male,Senior,Islamabad,2025-02-13,O10786,2024-04-19,Subway,Pizza,Fast Food,2,651.04,Wallet,27,2025-06-07,483,Active,1,2025-04-23,Cancelled,1302.08
C6588,Male,Adult,Karachi,2023-12-06,O10588,2024-04-19,Pizza Hut,Sandwich,Continental,4,1107.49,Card,25,2025-06-27,141,Inactive,1,2025-04-23,Cancelled,4429.96
C4530,Other,Adult,Islamabad,2024-07-02,O8530,2024-04-19,Burger King,Pasta,Fast Food,4,1266.16,Cash,22,2025-01-03,108,Active,2,2024-09-05,Delayed,5064.64
C6723,Female,Senior,Peshawar,2024-04-20,O10723,2024-04-19,Burger King,Pasta,Italian,1,613.36,Card,16,2024-12-26,105,Active,3,2024-11-04,Cancelled,613.36
C1127,Male,Senior,Islamabad,2024-05-13,O5127,2024-04-19,Subway,Fries,Chinese,5,181.19,Card,43,2025-03-31,192,Active,4,2025-01-12,Cancelled,905.95
C2326,Female,Adult,Multan,2023-11-08,O6326,2024-04-20,KFC,Burger,Dessert,4,1265.45,Card,35,2025-06-10,216,Active,3,2025-06-17,Delivered,5061.8
C5553,Male,Adult,Lahore,2023-11-23,O9553,2024-04-20,McDonald's,Burger,Chinese,4,1108.18,Wallet,48,2025-08-05,397,Active,2,2025-07-16,Delivered,4432.72
C6618,Female,Teenager,Islamabad,2024-12-28,O10618,2024-04-20,Subway,Burger,Dessert,4,752.24,Cash,4,2025-02-23,334,Active,3,2024-10-12,Delayed,3008.96
C5680,Other,Teenager,Karachi,2024-05-30,O9680,2024-04-20,McDonald's,Sandwich,Fast Food,3,1194.59,Cash,18,2024-12-12,198,Inactive,1,2024-10-14,Cancelled,3583.77
C1455,Female,Teenager,Peshawar,2023-11-02,O5455,2024-04-20,Subway,Burger,Dessert,5,100.49,Card,30,2025-03-23,87,Active,4,2024-11-25,Delayed,502.45
C5908,Other,Senior,Peshawar,2023-12-08,O9908,2024-04-20,KFC,Fries,Continental,2,288.23,Card,6,2025-02-18,98,Active,3,2025-05-21,Delayed,576.46
C6749,Other,Teenager,Multan,2024-08-29,O10749,2024-04-20,KFC,Pizza,Italian,2,438.56,Card,10,2025-01-31,403,Active,3,2025-02-16,Delayed,877.12
C1902,Male,Adult,Lahore,2024-05-23,O5902,2024-04-21,McDonald's,Burger,Fast Food,5,703.06,Card,37,2025-08-15,373,Active,2,2024-10-22,Delayed,3515.3
C4460,Female,Senior,Lahore,2024-12-15,O8460,2024-04-21,McDonald's,Pasta,Dessert,3,1183.59,Card,5,2025-07-18,431,Inactive,1,2025-07-01,Delayed,3550.77
C2491,Male,Teenager,Multan,2024-11-03,O6491,2024-04-21,Burger King,Fries,Dessert,4,1135.77,Cash,39,2025-05-15,385,Active,2,2025-06-17,Delayed,4543.08
C4668,Female,Teenager,Islamabad,2025-06-25,O8668,2024-04-21,KFC,Sandwich,Chinese,4,204.09,Cash,28,2025-06-28,354,Active,3,2025-04-03,Delayed,816.36
C2391,Female,Senior,Islamabad,2025-05-21,O6391,2024-04-21,KFC,Sandwich,Fast Food,2,1370.32,Card,20,2025-08-21,416,Inactive,4,2025-07-13,Cancelled,2740.64
C6942,Other,Teenager,Peshawar,2023-11-12,O10942,2024-04-21,KFC,Pizza,Continental,2,966.75,Cash,43,2024-08-28,66,Inactive,2,2025-05-18,Delayed,1933.5
C4770,Other,Adult,Islamabad,2024-11-29,O8770,2024-04-21,KFC,Pizza,Italian,2,716.04,Card,3,2025-04-20,111,Active,4,2025-03-29,Delayed,1432.08
C4418,Male,Teenager,Karachi,2024-10-18,O8418,2024-04-21,Pizza Hut,Fries,Chinese,5,588.62,Wallet,32,2025-06-09,235,Active,3,2025-08-09,Delayed,2943.1
C2227,Other,Adult,Lahore,2024-08-03,O6227,2024-04-21,KFC,Pasta,Fast Food,5,612.97,Wallet,3,2025-03-02,239,Inactive,3,2024-12-18,Cancelled,3064.85
C5368,Other,Teenager,Karachi,2024-09-18,O9368,2024-04-21,McDonald's,Pizza,Italian,4,622.33,Wallet,16,2025-07-24,405,Inactive,3,2025-06-06,Delivered,2489.32
C5803,Male,Senior,Islamabad,2023-09-05,O9803,2024-04-21,McDonald's,Fries,Continental,5,1180.16,Wallet,37,2025-05-23,494,Active,1,2024-12-07,Delivered,5900.8
C6119,Female,Teenager,Lahore,2023-10-03,O10119,2024-04-21,Burger King,Burger,Chinese,5,780.02,Cash,39,2025-01-23,203,Active,3,2025-04-06,Delivered,3900.1
C3076,Female,Adult,Islamabad,2024-08-23,O7076,2024-04-21,Subway,Pizza,Fast Food,3,454.13,Card,3,2025-07-06,298,Inactive,2,2025-06-14,Cancelled,1362.39
C6714,Other,Adult,Islamabad,2025-05-31,O10714,2024-04-21,McDonald's,Pizza,Fast Food,3,1152.02,Cash,40,2025-07-15,72,Active,5,2025-08-07,Delayed,3456.06
C4487,Male,Adult,Peshawar,2024-05-09,O8487,2024-04-22,Pizza Hut,Pizza,Continental,3,1425.04,Wallet,34,2025-06-15,364,Active,1,2025-07-11,Delayed,4275.12
C1460,Female,Teenager,Peshawar,2024-08-25,O5460,2024-04-22,Subway,Burger,Continental,1,1015.44,Card,33,2024-09-22,424,Active,5,2025-08-10,Delayed,1015.44
C2026,Male,Adult,Islamabad,2024-12-10,O6026,2024-04-22,McDonald's,Pasta,Continental,4,1182.8,Card,40,2025-05-26,491,Active,3,2024-09-13,Delayed,4731.2
C5939,Female,Senior,Multan,2025-04-03,O9939,2024-04-22,McDonald's,Pasta,Continental,1,786.54,Card,42,2025-04-19,298,Inactive,4,2024-09-28,Cancelled,786.54
C4055,Male,Teenager,Karachi,2025-03-04,O8055,2024-04-22,Pizza Hut,Fries,Dessert,2,875.73,Wallet,30,2025-08-10,155,Inactive,3,2024-09-26,Delayed,1751.46
C5659,Male,Adult,Multan,2024-04-07,O9659,2024-04-22,KFC,Burger,Dessert,4,159.56,Card,35,2025-08-03,380,Active,1,2025-04-19,Cancelled,638.24
C3097,Male,Teenager,Karachi,2025-01-06,O7097,2024-04-22,KFC,Pizza,Chinese,5,261.03,Wallet,25,2025-04-04,171,Active,4,2024-11-07,Cancelled,1305.15
C2590,Male,Teenager,Multan,2023-11-14,O6590,2024-04-22,Pizza Hut,Pizza,Continental,4,721.66,Card,20,2024-12-14,158,Inactive,4,2024-12-01,Cancelled,2886.64
C1503,Female,Teenager,Karachi,2025-02-26,O5503,2024-04-22,Pizza Hut,Sandwich,Fast Food,5,193.42,Cash,49,2025-03-12,75,Active,2,2024-10-11,Delayed,967.1
C3497,Other,Senior,Lahore,2024-06-18,O7497,2024-04-22,McDonald's,Sandwich,Chinese,4,222.31,Wallet,4,2025-05-11,450,Inactive,4,2025-06-08,Delivered,889.24
C4774,Other,Adult,Islamabad,2023-11-29,O8774,2024-04-23,Burger King,Fries,Italian,3,509.02,Cash,46,2024-11-25,193,Active,4,2025-04-04,Cancelled,1527.06
C1965,Female,Teenager,Lahore,2024-12-15,O5965,2024-04-23,Pizza Hut,Fries,Italian,2,321.96,Wallet,25,2025-07-09,222,Inactive,1,2025-06-07,Cancelled,643.92
C4045,Other,Teenager,Multan,2025-02-04,O8045,2024-04-23,Pizza Hut,Fries,Fast Food,4,889.71,Cash,13,2025-02-06,126,Active,4,2024-12-11,Delayed,3558.84
C6269,Female,Adult,Islamabad,2024-10-30,O10269,2024-04-23,Pizza Hut,Pasta,Fast Food,4,163.58,Card,6,2025-07-20,272,Active,3,2025-03-05,Cancelled,654.32
C1210,Other,Adult,Multan,2024-07-09,O5210,2024-04-23,McDonald's,Sandwich,Dessert,3,1259.72,Card,39,2025-04-12,59,Inactive,1,2025-07-04,Delayed,3779.16
C4850,Other,Teenager,Islamabad,2025-06-30,O8850,2024-04-23,Subway,Sandwich,Italian,1,452.54,Cash,27,2025-07-14,467,Inactive,5,2024-11-02,Delayed,452.54
C2443,Male,Adult,Islamabad,2023-08-31,O6443,2024-04-23,Pizza Hut,Sandwich,Continental,3,1399.51,Card,6,2025-02-24,4,Inactive,4,2024-08-31,Cancelled,4198.53
C4874,Female,Teenager,Lahore,2024-04-10,O8874,2024-04-23,Pizza Hut,Burger,Continental,1,501.59,Card,4,2025-02-10,139,Inactive,2,2024-09-14,Delayed,501.59
C2206,Other,Senior,Peshawar,2024-03-21,O6206,2024-04-23,Burger King,Pizza,Continental,5,783.53,Card,11,2025-03-02,276,Active,2,2025-05-12,Delivered,3917.65
C5783,Female,Teenager,Multan,2025-02-07,O9783,2024-04-23,Pizza Hut,Pasta,Continental,4,364.24,Card,25,2025-06-29,220,Inactive,2,2025-08-11,Delayed,1456.96
C4712,Male,Adult,Peshawar,2023-11-06,O8712,2024-04-23,Burger King,Pasta,Chinese,4,1251.7,Card,22,2025-07-19,218,Inactive,2,2025-06-17,Delayed,5006.8
C3132,Male,Adult,Islamabad,2024-10-08,O7132,2024-04-24,KFC,Burger,Fast Food,4,417.39,Wallet,37,2025-02-14,180,Active,3,2024-12-07,Delivered,1669.56
C3540,Male,Senior,Islamabad,2023-11-24,O7540,2024-04-24,KFC,Pasta,Fast Food,1,153.81,Card,17,2025-02-18,106,Active,3,2024-12-27,Delayed,153.81
C4265,Other,Adult,Multan,2024-03-17,O8265,2024-04-24,Burger King,Fries,Fast Food,3,606.24,Cash,10,2024-11-14,125,Inactive,2,2025-04-24,Delayed,1818.72
C6582,Female,Teenager,Islamabad,2023-10-12,O10582,2024-04-24,Burger King,Burger,Dessert,4,1220.38,Cash,42,2025-06-25,409,Active,4,2024-09-11,Cancelled,4881.52
C3195,Other,Adult,Karachi,2025-02-10,O7195,2024-04-24,Burger King,Pizza,Fast Food,5,1300.96,Card,8,2025-06-30,269,Inactive,5,2024-10-25,Cancelled,6504.8
C3466,Male,Senior,Karachi,2023-11-11,O7466,2024-04-24,McDonald's,Pasta,Italian,4,476.38,Wallet,27,2024-11-28,222,Inactive,1,2025-05-08,Cancelled,1905.52
C2671,Female,Senior,Multan,2024-11-07,O6671,2024-04-24,McDonald's,Sandwich,Chinese,3,644.27,Cash,17,2024-12-12,265,Inactive,2,2025-06-13,Delivered,1932.81
C4172,Female,Teenager,Karachi,2024-08-11,O8172,2024-04-24,McDonald's,Sandwich,Continental,1,125.81,Card,47,2025-04-08,311,Active,4,2024-12-09,Cancelled,125.81
C1254,Other,Adult,Islamabad,2023-12-26,O5254,2024-04-24,Pizza Hut,Sandwich,Continental,1,1492.01,Cash,28,2025-03-09,433,Active,4,2024-09-24,Cancelled,1492.01
C5660,Male,Adult,Karachi,2024-12-12,O9660,2024-04-24,Burger King,Pasta,Italian,4,1498.16,Cash,42,2025-05-07,446,Active,4,2024-11-10,Delivered,5992.64
C1071,Male,Senior,Peshawar,2024-04-02,O5071,2024-04-24,Pizza Hut,Pizza,Italian,4,793.19,Wallet,32,2025-02-05,133,Active,1,2024-08-24,Delivered,3172.76
C2643,Male,Senior,Islamabad,2024-10-31,O6643,2024-04-24,Pizza Hut,Sandwich,Continental,5,322.77,Card,48,2025-01-03,405,Inactive,1,2024-12-27,Delayed,1613.85
C5290,Other,Senior,Karachi,2024-07-24,O9290,2024-04-25,McDonald's,Fries,Chinese,2,1255.34,Card,42,2024-11-24,102,Inactive,4,2025-05-07,Cancelled,2510.68
C2622,Male,Teenager,Karachi,2023-11-16,O6622,2024-04-25,Burger King,Fries,Chinese,2,1048.17,Wallet,9,2025-04-05,407,Active,3,2024-11-28,Delivered,2096.34
C2365,Other,Teenager,Multan,2024-07-02,O6365,2024-04-25,Subway,Pasta,Chinese,5,1315.23,Card,21,2025-03-26,155,Active,1,2024-12-24,Delivered,6576.15
C3943,Female,Teenager,Multan,2025-01-19,O7943,2024-04-25,McDonald's,Pizza,Italian,1,624.55,Wallet,13,2025-06-29,214,Active,5,2024-10-26,Cancelled,624.55
C6955,Other,Teenager,Karachi,2025-05-31,O10955,2024-04-25,Subway,Pizza,Chinese,2,751.25,Card,1,2025-07-22,77,Inactive,5,2024-11-28,Delivered,1502.5
C1850,Male,Teenager,Karachi,2023-09-29,O5850,2024-04-25,Pizza Hut,Fries,Continental,3,726.99,Wallet,28,2024-09-09,192,Inactive,3,2024-11-09,Delivered,2180.97
C5984,Male,Senior,Islamabad,2024-11-05,O9984,2024-04-25,Burger King,Fries,Italian,1,654.82,Cash,47,2025-06-21,177,Active,1,2024-10-03,Delayed,654.82
C6458,Male,Adult,Peshawar,2024-07-14,O10458,2024-04-25,Pizza Hut,Pasta,Dessert,3,341.78,Cash,19,2024-11-09,3,Inactive,2,2025-05-16,Delayed,1025.34
C2096,Female,Teenager,Peshawar,2024-10-08,O6096,2024-04-25,Pizza Hut,Sandwich,Italian,2,1226.31,Card,13,2024-11-09,272,Inactive,4,2025-07-13,Delayed,2452.62
C3169,Female,Adult,Peshawar,2024-03-16,O7169,2024-04-25,Pizza Hut,Burger,Chinese,5,466.95,Card,15,2025-06-10,436,Inactive,3,2025-06-14,Delayed,2334.75
C5924,Female,Adult,Karachi,2024-04-01,O9924,2024-04-26,McDonald's,Fries,Fast Food,1,1098.54,Wallet,13,2025-06-05,15,Active,4,2024-12-17,Delayed,1098.54
C5556,Female,Adult,Lahore,2024-04-08,O9556,2024-04-26,KFC,Pizza,Italian,4,285.59,Cash,45,2024-12-24,263,Inactive,4,2024-09-02,Delayed,1142.36
C3430,Other,Teenager,Lahore,2024-05-17,O7430,2024-04-26,Burger King,Sandwich,Chinese,2,1283.58,Wallet,49,2025-01-21,375,Inactive,1,2024-12-18,Delivered,2567.16
C3013,Female,Teenager,Multan,2024-02-06,O7013,2024-04-26,Subway,Fries,Continental,1,240.55,Wallet,47,2025-07-15,412,Inactive,5,2025-06-07,Cancelled,240.55
C1478,Other,Adult,Karachi,2024-08-23,O5478,2024-04-26,Subway,Sandwich,Fast Food,5,481.17,Card,48,2025-03-02,391,Inactive,4,2024-10-13,Cancelled,2405.85
C3423,Other,Adult,Karachi,2024-09-29,O7423,2024-04-26,KFC,Pasta,Chinese,3,1387.34,Card,40,2025-02-17,51,Active,4,2025-03-30,Cancelled,4162.02
C4641,Other,Teenager,Multan,2023-10-18,O8641,2024-04-26,Burger King,Burger,Continental,3,1011.78,Wallet,25,2024-10-03,39,Inactive,4,2025-07-01,Delayed,3035.34
C2409,Female,Senior,Karachi,2024-02-22,O6409,2024-04-26,Pizza Hut,Sandwich,Dessert,2,1363.15,Cash,32,2025-01-06,471,Inactive,2,2024-10-07,Delivered,2726.3
C2863,Male,Teenager,Karachi,2024-06-19,O6863,2024-04-26,Pizza Hut,Pasta,Italian,3,1204.55,Card,47,2025-04-07,400,Inactive,3,2025-05-02,Delayed,3613.65
C5063,Other,Senior,Islamabad,2024-05-21,O9063,2024-04-27,KFC,Pasta,Chinese,2,966.48,Card,5,2025-05-01,195,Active,2,2025-07-11,Delayed,1932.96
C4885,Other,Senior,Peshawar,2024-04-07,O8885,2024-04-27,Pizza Hut,Fries,Italian,2,1333.77,Cash,26,2025-03-15,272,Active,1,2025-07-17,Cancelled,2667.54
C1904,Other,Teenager,Peshawar,2023-10-07,O5904,2024-04-27,McDonald's,Pizza,Fast Food,3,623.06,Cash,26,2025-04-17,440,Inactive,4,2025-02-14,Delivered,1869.18
C3307,Other,Adult,Lahore,2024-12-26,O7307,2024-04-27,Subway,Sandwich,Italian,5,191.04,Card,5,2025-05-11,210,Active,3,2025-04-11,Delivered,955.2
C1585,Female,Teenager,Multan,2024-10-30,O5585,2024-04-27,Pizza Hut,Burger,Italian,2,957.04,Wallet,47,2025-03-22,380,Inactive,1,2025-04-05,Cancelled,1914.08
C3661,Other,Adult,Islamabad,2024-05-19,O7661,2024-04-27,KFC,Pizza,Continental,4,1012.57,Wallet,26,2024-08-24,463,Inactive,2,2024-10-24,Delayed,4050.28
C2438,Female,Teenager,Peshawar,2024-04-11,O6438,2024-04-27,Subway,Fries,Italian,1,1154.18,Cash,23,2024-10-15,448,Inactive,2,2025-07-21,Delivered,1154.18
C6936,Female,Adult,Multan,2024-01-21,O10936,2024-04-27,Subway,Burger,Chinese,4,1227.07,Card,11,2025-04-03,291,Active,5,2025-01-15,Delivered,4908.28
C5267,Female,Senior,Islamabad,2023-08-24,O9267,2024-04-27,Subway,Fries,Dessert,5,188.91,Card,23,2024-10-07,234,Active,5,2025-02-19,Delivered,944.55
C6514,Female,Teenager,Islamabad,2024-09-04,O10514,2024-04-28,KFC,Pizza,Chinese,2,820.82,Wallet,47,2024-10-04,294,Inactive,4,2024-10-13,Delivered,1641.64
C5394,Other,Senior,Peshawar,2023-11-04,O9394,2024-04-28,KFC,Burger,Chinese,4,805.09,Cash,35,2024-11-25,195,Inactive,5,2025-06-03,Cancelled,3220.36
C4973,Other,Senior,Multan,2024-09-14,O8973,2024-04-28,Burger King,Burger,Italian,2,611.52,Wallet,21,2024-12-16,73,Active,3,2025-07-22,Cancelled,1223.04
C2899,Male,Adult,Islamabad,2025-01-05,O6899,2024-04-28,Pizza Hut,Burger,Italian,5,1071.83,Card,24,2025-06-07,349,Inactive,2,2025-06-11,Cancelled,5359.15
C2302,Other,Adult,Peshawar,2024-11-29,O6302,2024-04-28,KFC,Fries,Dessert,1,1145.82,Card,30,2025-03-17,122,Active,3,2025-01-18,Cancelled,1145.82
C3322,Male,Teenager,Karachi,2024-04-07,O7322,2024-04-28,Pizza Hut,Sandwich,Continental,1,411.37,Cash,30,2025-06-11,243,Active,2,2025-07-25,Cancelled,411.37
C1479,Other,Adult,Multan,2023-12-07,O5479,2024-04-28,Pizza Hut,Pasta,Dessert,2,160.82,Wallet,8,2025-07-24,285,Inactive,2,2024-08-28,Delivered,321.64
C4239,Female,Teenager,Multan,2025-08-13,O8239,2024-04-29,KFC,Sandwich,Continental,2,1185.2,Card,46,2025-08-15,491,Active,3,2025-05-29,Cancelled,2370.4
C3707,Male,Teenager,Peshawar,2023-10-16,O7707,2024-04-29,KFC,Burger,Italian,4,930.85,Wallet,4,2024-09-24,92,Inactive,3,2025-06-20,Delayed,3723.4
C4101,Other,Teenager,Karachi,2024-10-18,O8101,2024-04-29,Subway,Pasta,Chinese,5,1265.29,Wallet,4,2024-12-17,262,Active,3,2025-05-02,Delivered,6326.45
C3142,Female,Adult,Peshawar,2024-12-18,O7142,2024-04-29,Pizza Hut,Fries,Dessert,3,300.18,Cash,3,2025-01-11,411,Active,5,2025-01-15,Cancelled,900.54
C4371,Other,Adult,Peshawar,2024-10-26,O8371,2024-04-29,Pizza Hut,Sandwich,Fast Food,1,494.13,Card,6,2025-04-28,262,Active,4,2025-02-14,Delivered,494.13
C1980,Female,Senior,Multan,2024-02-26,O5980,2024-04-29,Subway,Pasta,Continental,3,1029.41,Card,32,2025-07-20,45,Inactive,3,2024-12-16,Delivered,3088.23
C4359,Male,Adult,Karachi,2024-11-18,O8359,2024-04-29,Subway,Sandwich,Dessert,5,1386.81,Wallet,19,2025-01-10,240,Active,1,2024-09-21,Delivered,6934.05
C2063,Other,Teenager,Multan,2024-07-16,O6063,2024-04-29,KFC,Burger,Fast Food,3,987.74,Cash,50,2025-05-14,228,Active,1,2025-06-06,Delivered,2963.22
C2128,Female,Adult,Karachi,2024-10-14,O6128,2024-04-30,KFC,Fries,Fast Food,1,1275.78,Wallet,47,2024-10-30,351,Inactive,1,2025-07-20,Delivered,1275.78
C4818,Female,Adult,Peshawar,2025-03-30,O8818,2024-04-30,Burger King,Burger,Italian,4,683.88,Wallet,33,2025-08-05,475,Active,4,2025-06-11,Cancelled,2735.52
C1758,Male,Senior,Peshawar,2025-01-22,O5758,2024-04-30,McDonald's,Sandwich,Chinese,2,1012.18,Wallet,35,2025-05-01,141,Active,2,2024-10-22,Delivered,2024.36
C1750,Female,Senior,Multan,2024-05-29,O5750,2024-04-30,Subway,Pasta,Continental,4,173.93,Card,8,2025-05-03,310,Active,1,2024-10-06,Delivered,695.72
C2137,Female,Senior,Peshawar,2024-08-29,O6137,2024-04-30,McDonald's,Pizza,Continental,3,276.4,Card,20,2025-07-14,216,Inactive,5,2025-05-18,Cancelled,829.2
C6342,Other,Adult,Islamabad,2023-10-19,O10342,2024-04-30,Pizza Hut,Pizza,Continental,2,375.1,Card,12,2024-09-27,107,Inactive,5,2025-04-21,Delivered,750.2
C6492,Male,Senior,Peshawar,2024-05-12,O10492,2024-05-01,Burger King,Fries,Chinese,4,938.68,Cash,30,2024-09-15,367,Inactive,2,2024-09-12,Delayed,3754.72
C6439,Male,Teenager,Lahore,2024-10-30,O10439,2024-05-01,Pizza Hut,Sandwich,Fast Food,5,654.41,Cash,36,2025-05-16,268,Inactive,4,2025-05-11,Delivered,3272.05
C5914,Female,Teenager,Peshawar,2024-05-05,O9914,2024-05-01,Subway,Pizza,Dessert,4,1164.26,Cash,47,2025-05-08,149,Inactive,4,2024-10-15,Delivered,4657.04
C1168,Male,Senior,Peshawar,2025-04-30,O5168,2024-05-01,Subway,Pasta,Continental,1,592.84,Card,39,2025-05-27,290,Active,1,2024-10-26,Delivered,592.84
C2722,Other,Senior,Islamabad,2023-11-10,O6722,2024-05-02,Pizza Hut,Sandwich,Continental,3,1377.06,Cash,29,2024-11-30,372,Inactive,1,2025-05-07,Delivered,4131.18
C5597,Other,Teenager,Karachi,2024-10-11,O9597,2024-05-02,KFC,Pasta,Fast Food,2,614.21,Cash,11,2025-06-13,361,Inactive,1,2024-12-26,Delayed,1228.42
C5606,Male,Teenager,Islamabad,2024-10-15,O9606,2024-05-02,Pizza Hut,Pasta,Italian,3,576.44,Cash,43,2025-08-15,460,Inactive,3,2025-02-23,Delivered,1729.32
C6136,Female,Senior,Karachi,2025-03-05,O10136,2024-05-02,Burger King,Sandwich,Fast Food,2,1369.3,Card,45,2025-06-28,48,Inactive,5,2025-05-03,Delivered,2738.6
C1186,Male,Teenager,Multan,2024-07-26,O5186,2024-05-02,Subway,Sandwich,Dessert,2,436.26,Card,14,2024-10-15,278,Inactive,1,2024-12-24,Delayed,872.52
C5274,Other,Teenager,Peshawar,2024-06-02,O9274,2024-05-02,Pizza Hut,Burger,Chinese,5,207.86,Cash,20,2025-04-14,251,Active,4,2025-08-09,Delivered,1039.3
C1060,Female,Adult,Multan,2024-05-06,O5060,2024-05-02,Subway,Pizza,Chinese,4,340.15,Cash,44,2025-06-10,450,Active,3,2025-06-30,Cancelled,1360.6
C6584,Female,Senior,Islamabad,2025-04-08,O10584,2024-05-02,Subway,Fries,Italian,5,117.17,Wallet,32,2025-07-31,488,Inactive,3,2024-11-03,Delayed,585.85
C2586,Other,Teenager,Peshawar,2025-02-28,O6586,2024-05-02,McDonald's,Burger,Continental,4,849.63,Wallet,1,2025-07-27,482,Active,4,2024-11-25,Cancelled,3398.52
C4971,Female,Adult,Lahore,2024-07-21,O8971,2024-05-03,McDonald's,Pizza,Fast Food,4,1349.93,Card,14,2025-04-16,2,Active,4,2025-04-24,Cancelled,5399.72
C4437,Male,Teenager,Karachi,2023-11-04,O8437,2024-05-03,Burger King,Sandwich,Fast Food,4,1130.54,Card,14,2025-04-28,315,Active,2,2024-10-15,Delivered,4522.16
C6869,Male,Teenager,Multan,2024-11-28,O10869,2024-05-03,McDonald's,Burger,Italian,5,726.46,Cash,11,2025-01-24,386,Inactive,4,2024-12-21,Delivered,3632.3
C1869,Female,Senior,Peshawar,2024-08-15,O5869,2024-05-03,Burger King,Pizza,Fast Food,2,1172.17,Cash,6,2025-07-19,315,Active,2,2025-04-04,Cancelled,2344.34
C5521,Female,Adult,Karachi,2024-07-06,O9521,2024-05-03,Subway,Fries,Chinese,2,702.87,Cash,20,2025-06-28,258,Active,1,2024-08-29,Cancelled,1405.74
C2229,Other,Senior,Multan,2024-05-19,O6229,2024-05-03,Pizza Hut,Sandwich,Fast Food,5,739.23,Wallet,33,2025-05-05,333,Active,1,2024-10-01,Cancelled,3696.15
C6830,Other,Senior,Lahore,2024-02-26,O10830,2024-05-04,Pizza Hut,Fries,Fast Food,5,419.55,Card,50,2024-09-29,241,Active,5,2024-12-24,Delivered,2097.75
C4917,Female,Adult,Karachi,2025-03-28,O8917,2024-05-04,KFC,Pasta,Italian,3,876.4,Wallet,7,2025-04-27,137,Active,3,2024-08-26,Cancelled,2629.2
C1334,Other,Adult,Karachi,2024-10-22,O5334,2024-05-04,KFC,Fries,Chinese,3,236.93,Card,49,2025-02-11,446,Active,3,2025-01-25,Delivered,710.79
C1555,Other,Senior,Karachi,2023-09-20,O5555,2024-05-04,KFC,Pasta,Italian,1,171.97,Wallet,19,2024-09-09,412,Inactive,4,2025-02-04,Delivered,171.97
C2345,Other,Senior,Lahore,2024-08-19,O6345,2024-05-04,Pizza Hut,Fries,Continental,5,799.38,Wallet,42,2024-11-22,300,Active,2,2024-10-22,Delivered,3996.9
C5664,Female,Adult,Multan,2025-02-19,O9664,2024-05-04,KFC,Pasta,Continental,1,492.37,Cash,4,2025-07-09,348,Active,2,2025-05-27,Delivered,492.37
C2819,Male,Adult,Multan,2025-02-12,O6819,2024-05-05,Pizza Hut,Pasta,Continental,3,806.34,Card,18,2025-02-18,278,Inactive,5,2024-12-26,Cancelled,2419.02
C3455,Other,Teenager,Multan,2024-10-25,O7455,2024-05-05,KFC,Fries,Dessert,2,1304.69,Cash,27,2024-10-31,436,Active,3,2025-01-08,Delivered,2609.38
C5827,Other,Teenager,Lahore,2024-11-06,O9827,2024-05-05,KFC,Pasta,Italian,4,1344.23,Card,45,2025-04-25,398,Inactive,2,2025-08-14,Cancelled,5376.92
C6528,Male,Teenager,Lahore,2024-08-08,O10528,2024-05-05,Pizza Hut,Pasta,Italian,2,1146.64,Cash,23,2024-12-15,401,Active,2,2024-11-18,Cancelled,2293.28
C1129,Female,Adult,Lahore,2024-11-19,O5129,2024-05-05,McDonald's,Fries,Continental,3,197.07,Card,38,2025-01-09,20,Active,4,2025-04-05,Delivered,591.21
C4734,Female,Adult,Multan,2024-02-16,O8734,2024-05-05,Pizza Hut,Sandwich,Chinese,4,1317.71,Wallet,36,2024-11-13,252,Inactive,1,2025-03-28,Cancelled,5270.84
C4508,Female,Adult,Lahore,2024-11-30,O8508,2024-05-05,McDonald's,Burger,Fast Food,4,137.37,Wallet,33,2025-05-08,412,Active,4,2025-04-05,Cancelled,549.48
C3463,Other,Teenager,Islamabad,2024-09-05,O7463,2024-05-06,McDonald's,Sandwich,Italian,2,438.7,Wallet,24,2025-02-16,64,Inactive,2,2025-08-08,Delayed,877.4
C3671,Male,Senior,Islamabad,2023-09-16,O7671,2024-05-06,McDonald's,Sandwich,Continental,2,1080.01,Card,41,2024-10-24,106,Active,3,2025-07-24,Delivered,2160.02
C3273,Other,Senior,Peshawar,2024-11-09,O7273,2024-05-06,Burger King,Pasta,Dessert,3,1180.13,Card,15,2025-01-16,373,Inactive,5,2025-04-12,Delayed,3540.39
C4205,Male,Senior,Peshawar,2024-11-27,O8205,2024-05-06,McDonald's,Pizza,Continental,2,804.13,Card,26,2025-06-24,298,Inactive,1,2025-04-24,Delayed,1608.26
C2174,Female,Teenager,Peshawar,2024-05-21,O6174,2024-05-06,McDonald's,Fries,Italian,5,333.34,Cash,18,2025-07-08,258,Active,1,2024-08-22,Delayed,1666.7
C2699,Female,Adult,Lahore,2024-01-07,O6699,2024-05-07,McDonald's,Pasta,Italian,1,834.97,Wallet,31,2024-08-23,263,Inactive,1,2024-09-11,Delayed,834.97
C4521,Other,Adult,Multan,2024-09-20,O8521,2024-05-07,Pizza Hut,Pizza,Continental,2,1079.19,Wallet,4,2025-07-05,9,Inactive,1,2025-08-03,Delayed,2158.38
C3467,Female,Senior,Lahore,2024-03-16,O7467,2024-05-07,Pizza Hut,Pizza,Dessert,5,537.33,Cash,33,2024-12-21,239,Inactive,2,2025-04-28,Delayed,2686.65
C4510,Female,Senior,Lahore,2025-01-03,O8510,2024-05-07,KFC,Burger,Italian,1,896.27,Cash,11,2025-02-11,61,Active,2,2024-08-26,Delivered,896.27
C6154,Other,Teenager,Peshawar,2024-04-08,O10154,2024-05-07,Burger King,Fries,Italian,2,489.76,Card,45,2025-05-21,59,Active,5,2025-02-09,Delayed,979.52
C2782,Other,Adult,Karachi,2023-09-12,O6782,2024-05-07,Subway,Pasta,Continental,3,1024.57,Card,32,2025-07-29,409,Active,4,2024-12-20,Delivered,3073.71
C6215,Other,Adult,Islamabad,2025-06-20,O10215,2024-05-08,Pizza Hut,Pizza,Italian,3,143.14,Wallet,12,2025-07-15,491,Inactive,2,2025-03-13,Delayed,429.42
C5032,Male,Teenager,Lahore,2025-04-12,O9032,2024-05-08,Pizza Hut,Fries,Italian,3,209.88,Cash,32,2025-04-20,66,Active,4,2024-09-06,Delayed,629.64
C5389,Other,Teenager,Islamabad,2024-09-26,O9389,2024-05-08,Subway,Sandwich,Italian,2,906.22,Card,11,2024-10-08,439,Inactive,4,2025-06-01,Cancelled,1812.44
C5749,Other,Senior,Multan,2024-10-30,O9749,2024-05-08,Burger King,Fries,Fast Food,3,1282.87,Cash,46,2025-03-28,480,Inactive,5,2024-11-05,Delayed,3848.61
C6873,Male,Teenager,Lahore,2025-07-20,O10873,2024-05-08,McDonald's,Pizza,Continental,1,900.48,Wallet,13,2025-08-01,28,Active,5,2025-06-16,Delayed,900.48
C2949,Female,Teenager,Lahore,2024-08-05,O6949,2024-05-08,Burger King,Pizza,Continental,2,734.06,Cash,39,2025-05-02,120,Inactive,4,2024-09-23,Cancelled,1468.12
C3889,Female,Teenager,Lahore,2024-08-17,O7889,2024-05-08,KFC,Fries,Chinese,1,733.23,Cash,26,2024-11-18,299,Active,3,2024-09-12,Delivered,733.23
C4123,Other,Adult,Multan,2023-10-12,O8123,2024-05-08,KFC,Sandwich,Chinese,4,934.92,Wallet,32,2025-06-16,327,Inactive,1,2024-12-13,Delivered,3739.68
C6939,Female,Teenager,Multan,2024-12-08,O10939,2024-05-08,KFC,Pasta,Fast Food,2,364.05,Wallet,43,2024-12-11,244,Inactive,1,2025-07-29,Delayed,728.1
C3769,Other,Adult,Islamabad,2024-08-22,O7769,2024-05-08,McDonald's,Pasta,Dessert,4,495.96,Wallet,14,2025-04-30,149,Active,5,2025-02-13,Delayed,1983.84
C1037,Male,Adult,Multan,2025-01-12,O5037,2024-05-08,Subway,Sandwich,Continental,2,706.91,Cash,27,2025-02-06,310,Inactive,2,2025-02-17,Delivered,1413.82
C5187,Female,Adult,Multan,2024-09-26,O9187,2024-05-09,Subway,Pasta,Italian,1,219.54,Cash,42,2025-02-02,392,Active,1,2024-10-23,Cancelled,219.54
C1771,Female,Adult,Lahore,2025-01-06,O5771,2024-05-09,Pizza Hut,Burger,Italian,2,114.74,Cash,30,2025-05-07,402,Active,2,2024-10-26,Cancelled,229.48
C3542,Other,Teenager,Multan,2023-09-20,O7542,2024-05-09,McDonald's,Fries,Continental,2,988.27,Wallet,10,2024-12-12,131,Active,3,2025-04-05,Delayed,1976.54
C6538,Male,Adult,Islamabad,2025-01-13,O10538,2024-05-09,KFC,Pizza,Continental,2,1109.52,Cash,23,2025-03-24,423,Inactive,2,2024-10-11,Cancelled,2219.04
C4926,Other,Adult,Multan,2025-05-07,O8926,2024-05-09,McDonald's,Sandwich,Fast Food,5,818.91,Cash,35,2025-07-07,243,Inactive,3,2025-03-21,Cancelled,4094.55
C4856,Other,Adult,Lahore,2024-12-21,O8856,2024-05-09,Burger King,Fries,Fast Food,1,646.07,Card,8,2025-01-05,278,Inactive,5,2025-04-23,Delivered,646.07
C3515,Female,Adult,Peshawar,2024-05-02,O7515,2024-05-09,Subway,Fries,Chinese,1,1485.85,Cash,47,2024-12-27,393,Active,3,2025-03-15,Cancelled,1485.85
C2087,Other,Adult,Karachi,2024-05-02,O6087,2024-05-09,Pizza Hut,Pizza,Chinese,5,1300.15,Card,42,2024-09-16,14,Active,2,2024-11-13,Delayed,6500.75
C2084,Other,Senior,Multan,2024-04-01,O6084,2024-05-10,Burger King,Sandwich,Italian,5,1469.53,Card,13,2025-06-03,165,Active,5,2025-04-01,Delivered,7347.65
C5820,Male,Teenager,Peshawar,2023-11-15,O9820,2024-05-10,McDonald's,Pasta,Chinese,3,1294.71,Cash,50,2025-04-11,161,Active,1,2025-06-15,Cancelled,3884.13
C3496,Female,Senior,Islamabad,2023-08-24,O7496,2024-05-10,McDonald's,Burger,Continental,5,290.25,Card,29,2025-06-14,82,Active,1,2025-05-21,Delayed,1451.25
C1909,Male,Senior,Karachi,2023-09-01,O5909,2024-05-10,Burger King,Burger,Chinese,4,539.85,Cash,21,2024-10-31,370,Active,2,2025-02-27,Cancelled,2159.4
C3046,Other,Teenager,Multan,2023-10-16,O7046,2024-05-10,Burger King,Sandwich,Continental,1,469.04,Cash,14,2025-06-12,296,Active,1,2024-09-07,Cancelled,469.04
C1843,Female,Adult,Karachi,2024-08-24,O5843,2024-05-10,Burger King,Burger,Italian,5,448.63,Wallet,41,2025-01-01,464,Active,5,2024-09-10,Delivered,2243.15
C6682,Female,Senior,Karachi,2025-01-28,O10682,2024-05-10,KFC,Fries,Dessert,4,1344.65,Card,46,2025-06-21,307,Inactive,3,2025-07-13,Delivered,5378.6
C5644,Other,Adult,Peshawar,2024-12-15,O9644,2024-05-11,Burger King,Pasta,Chinese,4,949.8,Cash,48,2025-04-16,481,Active,4,2025-08-13,Cancelled,3799.2
C4242,Male,Senior,Islamabad,2023-08-24,O8242,2024-05-11,Burger King,Fries,Italian,3,225.17,Card,22,2025-04-28,489,Active,3,2024-11-04,Delayed,675.51
C3868,Male,Teenager,Islamabad,2024-11-21,O7868,2024-05-12,Subway,Burger,Dessert,2,175.48,Cash,42,2025-05-15,413,Inactive,5,2025-06-29,Delivered,350.96
C4434,Male,Adult,Peshawar,2025-07-20,O8434,2024-05-12,KFC,Pasta,Italian,4,436.53,Wallet,40,2025-07-22,135,Inactive,5,2024-12-07,Delivered,1746.12
C5125,Other,Teenager,Peshawar,2024-05-22,O9125,2024-05-12,KFC,Fries,Fast Food,1,913.2,Cash,19,2025-04-20,161,Active,3,2025-07-13,Delayed,913.2
C1573,Other,Senior,Islamabad,2024-02-29,O5573,2024-05-12,Burger King,Fries,Dessert,3,1222.55,Cash,49,2025-01-18,442,Active,2,2025-06-05,Delivered,3667.65
C2168,Male,Teenager,Peshawar,2024-03-27,O6168,2024-05-12,Subway,Burger,Dessert,4,596.96,Cash,13,2025-01-08,235,Active,1,2025-04-27,Cancelled,2387.84
C3451,Female,Teenager,Lahore,2024-03-01,O7451,2024-05-12,Burger King,Fries,Italian,3,624.43,Cash,46,2025-04-02,47,Inactive,2,2025-02-02,Delivered,1873.29
C5409,Male,Adult,Peshawar,2024-08-28,O9409,2024-05-12,Subway,Pizza,Dessert,2,508.24,Wallet,10,2024-09-24,148,Active,4,2025-03-02,Delivered,1016.48
C1106,Other,Senior,Islamabad,2024-08-21,O5106,2024-05-12,Burger King,Sandwich,Fast Food,1,1396.82,Card,27,2025-06-11,188,Inactive,2,2024-11-29,Delivered,1396.82
C2451,Male,Teenager,Islamabad,2024-04-17,O6451,2024-05-12,Burger King,Sandwich,Continental,4,891.58,Wallet,41,2024-12-12,372,Active,5,2025-01-30,Delivered,3566.32
C6283,Male,Teenager,Multan,2024-01-19,O10283,2024-05-13,KFC,Pasta,Dessert,5,1142.42,Card,36,2025-05-30,272,Active,1,2025-01-06,Delayed,5712.1
C2493,Other,Teenager,Multan,2024-09-16,O6493,2024-05-13,Subway,Fries,Dessert,2,1071.07,Cash,41,2025-06-02,498,Inactive,4,2024-08-24,Cancelled,2142.14
C3061,Female,Teenager,Karachi,2024-09-18,O7061,2024-05-13,KFC,Pasta,Continental,4,1449.32,Cash,45,2024-11-15,326,Active,5,2025-01-09,Delivered,5797.28
C3850,Male,Teenager,Karachi,2024-09-02,O7850,2024-05-13,McDonald's,Pizza,Chinese,5,810.36,Wallet,4,2025-05-31,26,Active,5,2025-05-11,Delivered,4051.8
C1831,Other,Senior,Peshawar,2023-08-28,O5831,2024-05-13,Subway,Pizza,Dessert,1,872.74,Cash,15,2024-09-27,224,Active,5,2024-09-04,Delayed,872.74
C3541,Male,Senior,Peshawar,2025-07-26,O7541,2024-05-13,Subway,Fries,Italian,1,248.51,Card,45,2025-08-01,259,Active,1,2025-06-03,Cancelled,248.51
C4697,Other,Teenager,Multan,2024-08-26,O8697,2024-05-13,McDonald's,Pizza,Fast Food,1,622.02,Wallet,24,2024-09-24,164,Active,2,2025-01-24,Cancelled,622.02
C3581,Male,Teenager,Lahore,2024-09-06,O7581,2024-05-13,Pizza Hut,Sandwich,Italian,3,206.84,Cash,3,2025-07-27,141,Inactive,1,2024-12-30,Delivered,620.52
C6108,Male,Teenager,Islamabad,2023-11-14,O10108,2024-05-13,Subway,Pasta,Italian,2,1433.02,Card,33,2024-09-02,469,Active,4,2024-09-14,Delayed,2866.04
C2777,Other,Senior,Peshawar,2024-09-18,O6777,2024-05-14,Pizza Hut,Pasta,Fast Food,4,1229.62,Wallet,23,2024-12-26,495,Active,4,2024-09-28,Delivered,4918.48
C4141,Male,Senior,Peshawar,2024-07-23,O8141,2024-05-14,Burger King,Pasta,Chinese,1,156.71,Wallet,29,2025-07-20,486,Active,3,2025-07-27,Delivered,156.71
C4492,Female,Teenager,Peshawar,2024-09-08,O8492,2024-05-14,Pizza Hut,Fries,Fast Food,1,852.45,Cash,17,2024-09-14,184,Inactive,5,2025-07-04,Delivered,852.45
C4069,Other,Senior,Multan,2024-08-05,O8069,2024-05-14,McDonald's,Sandwich,Fast Food,5,1273.03,Wallet,17,2025-05-19,309,Active,2,2025-07-05,Delivered,6365.15
C1943,Female,Adult,Islamabad,2024-05-20,O5943,2024-05-14,Burger King,Burger,Dessert,2,1392.19,Wallet,31,2025-01-14,192,Active,2,2024-11-24,Delivered,2784.38
C5768,Other,Teenager,Islamabad,2024-06-16,O9768,2024-05-14,McDonald's,Pizza,Continental,2,929.17,Wallet,24,2025-07-14,309,Active,3,2025-06-24,Delayed,1858.34
C3413,Male,Adult,Islamabad,2025-02-22,O7413,2024-05-14,KFC,Fries,Continental,4,817.38,Card,26,2025-04-24,132,Inactive,4,2025-05-07,Delivered,3269.52
C4159,Male,Adult,Peshawar,2024-06-11,O8159,2024-05-14,KFC,Pasta,Italian,5,1395.78,Card,23,2025-08-20,101,Active,1,2025-06-12,Cancelled,6978.9
C4385,Female,Teenager,Islamabad,2024-02-09,O8385,2024-05-14,Subway,Burger,Italian,5,1175.49,Card,7,2024-10-18,71,Active,5,2024-09-18,Cancelled,5877.45
C4448,Other,Senior,Islamabad,2024-09-24,O8448,2024-05-14,Burger King,Fries,Chinese,5,1149.76,Wallet,40,2025-03-17,25,Active,1,2025-02-20,Delivered,5748.8
C5807,Male,Adult,Multan,2024-10-25,O9807,2024-05-15,KFC,Pizza,Continental,4,505.52,Card,21,2025-04-18,276,Inactive,5,2025-02-10,Delayed,2022.08
C3560,Other,Adult,Lahore,2024-09-02,O7560,2024-05-15,KFC,Fries,Italian,4,1016.79,Wallet,1,2024-10-17,310,Inactive,5,2025-05-06,Delayed,4067.16
C1004,Other,Teenager,Multan,2024-09-24,O5004,2024-05-15,Pizza Hut,Pasta,Chinese,1,1044.89,Wallet,40,2025-04-23,217,Active,2,2024-10-24,Delivered,1044.89
C2296,Other,Senior,Lahore,2025-02-04,O6296,2024-05-15,Pizza Hut,Burger,Italian,3,699.07,Wallet,38,2025-05-20,304,Inactive,4,2025-02-21,Delayed,2097.21
C2835,Other,Senior,Karachi,2024-10-19,O6835,2024-05-15,KFC,Sandwich,Fast Food,4,1239.29,Wallet,32,2025-04-10,141,Active,1,2025-03-13,Delivered,4957.16
C4202,Female,Teenager,Multan,2023-08-22,O8202,2024-05-15,McDonald's,Burger,Dessert,2,545.14,Cash,10,2024-12-16,35,Active,5,2025-03-17,Cancelled,1090.28
C3791,Male,Adult,Multan,2025-03-18,O7791,2024-05-15,Subway,Burger,Continental,1,1029.89,Wallet,12,2025-07-20,115,Active,2,2025-02-03,Delivered,1029.89
C6984,Male,Senior,Karachi,2023-11-17,O10984,2024-05-16,Pizza Hut,Burger,Continental,2,1463.74,Cash,9,2025-07-06,281,Active,2,2025-02-27,Cancelled,2927.48
C2230,Female,Teenager,Karachi,2024-05-24,O6230,2024-05-16,McDonald's,Pizza,Continental,3,168.76,Cash,30,2025-03-24,258,Active,4,2025-01-21,Delivered,506.28
C6995,Other,Teenager,Karachi,2023-09-26,O10995,2024-05-16,KFC,Fries,Chinese,3,655.0,Wallet,25,2025-03-18,19,Active,2,2025-08-01,Delivered,1965.0
C4228,Male,Teenager,Karachi,2024-12-11,O8228,2024-05-16,Pizza Hut,Sandwich,Chinese,3,1040.6,Wallet,39,2025-07-26,484,Inactive,3,2024-09-19,Delayed,3121.8
C4062,Other,Senior,Karachi,2024-05-19,O8062,2024-05-16,Subway,Burger,Fast Food,1,1287.14,Card,17,2025-01-04,325,Active,4,2025-04-24,Delivered,1287.14
C6623,Female,Adult,Multan,2025-07-17,O10623,2024-05-16,Subway,Fries,Dessert,2,539.63,Cash,5,2025-08-05,114,Inactive,4,2025-07-03,Delivered,1079.26
C6667,Other,Adult,Islamabad,2025-04-13,O10667,2024-05-16,KFC,Burger,Continental,4,937.88,Wallet,41,2025-05-30,197,Active,1,2025-01-25,Delayed,3751.52
C1443,Female,Senior,Peshawar,2023-11-03,O5443,2024-05-16,Pizza Hut,Burger,Dessert,4,206.27,Card,15,2025-07-15,454,Active,3,2024-10-28,Delayed,825.08
C1401,Female,Teenager,Karachi,2023-09-15,O5401,2024-05-16,Subway,Sandwich,Chinese,1,654.3,Card,15,2025-04-01,423,Active,5,2024-09-08,Delivered,654.3
C1798,Female,Senior,Islamabad,2024-11-19,O5798,2024-05-17,Pizza Hut,Pasta,Chinese,1,510.62,Wallet,31,2025-06-08,500,Inactive,5,2024-09-25,Cancelled,510.62
C5978,Male,Teenager,Lahore,2025-03-27,O9978,2024-05-17,Pizza Hut,Fries,Chinese,1,897.57,Card,14,2025-04-10,216,Active,1,2025-01-09,Delivered,897.57
C2254,Male,Senior,Lahore,2024-05-07,O6254,2024-05-17,Pizza Hut,Sandwich,Dessert,1,497.43,Cash,29,2025-05-23,152,Active,2,2025-01-26,Cancelled,497.43
C6545,Male,Teenager,Islamabad,2025-02-22,O10545,2024-05-17,Pizza Hut,Burger,Fast Food,1,1383.4,Cash,11,2025-04-26,261,Inactive,3,2025-05-17,Delayed,1383.4
C2626,Other,Adult,Multan,2025-02-25,O6626,2024-05-17,KFC,Pizza,Fast Food,4,467.7,Card,34,2025-07-10,385,Inactive,4,2025-08-21,Cancelled,1870.8
C2857,Other,Adult,Multan,2024-12-11,O6857,2024-05-17,Subway,Pizza,Italian,5,1498.72,Wallet,42,2025-05-02,70,Active,2,2025-04-29,Delayed,7493.6
C2396,Other,Adult,Karachi,2024-10-05,O6396,2024-05-17,Burger King,Burger,Dessert,3,382.54,Wallet,33,2024-11-16,322,Inactive,4,2024-10-06,Delivered,1147.62
C2404,Female,Senior,Peshawar,2025-08-04,O6404,2024-05-17,Subway,Fries,Continental,2,903.71,Cash,18,2025-08-20,143,Inactive,1,2024-12-22,Delivered,1807.42
C3866,Male,Teenager,Lahore,2024-05-13,O7866,2024-05-17,Subway,Fries,Fast Food,5,245.91,Cash,23,2024-10-09,17,Inactive,2,2025-02-20,Delivered,1229.55
C4327,Other,Adult,Karachi,2025-06-11,O8327,2024-05-18,Burger King,Sandwich,Italian,3,573.79,Card,42,2025-07-16,26,Active,5,2025-07-17,Delayed,1721.37
C6414,Male,Teenager,Karachi,2023-10-19,O10414,2024-05-18,Burger King,Pasta,Chinese,1,982.15,Wallet,50,2025-02-18,376,Inactive,3,2025-07-24,Cancelled,982.15
C3081,Female,Senior,Multan,2023-09-05,O7081,2024-05-18,Pizza Hut,Burger,Fast Food,2,1200.84,Card,2,2025-05-08,134,Active,4,2024-12-21,Delayed,2401.68
C2674,Female,Adult,Multan,2025-02-25,O6674,2024-05-18,Burger King,Fries,Chinese,3,1341.7,Cash,30,2025-06-12,277,Active,1,2025-04-03,Delivered,4025.1
C6934,Male,Teenager,Peshawar,2024-06-20,O10934,2024-05-18,Subway,Fries,Continental,3,313.86,Wallet,21,2024-10-15,295,Active,1,2025-01-26,Delayed,941.58
C2394,Male,Adult,Lahore,2024-01-01,O6394,2024-05-18,KFC,Fries,Chinese,5,908.05,Card,44,2025-03-01,336,Inactive,1,2024-12-23,Delivered,4540.25
C5545,Female,Senior,Peshawar,2024-08-19,O9545,2024-05-18,Subway,Sandwich,Fast Food,1,841.93,Wallet,26,2025-04-11,449,Inactive,5,2025-03-31,Delayed,841.93
C6329,Other,Senior,Multan,2025-01-13,O10329,2024-05-18,Pizza Hut,Burger,Italian,3,187.21,Cash,6,2025-01-13,5,Inactive,2,2024-11-14,Delivered,561.63
C2157,Male,Adult,Multan,2024-06-05,O6157,2024-05-18,KFC,Fries,Italian,2,1266.83,Wallet,3,2025-07-03,51,Active,5,2025-04-10,Delivered,2533.66
C6386,Other,Senior,Karachi,2024-08-26,O10386,2024-05-18,McDonald's,Pasta,Continental,5,663.78,Wallet,32,2025-05-27,153,Active,4,2025-05-03,Delivered,3318.9
C4232,Female,Teenager,Multan,2025-03-03,O8232,2024-05-18,McDonald's,Fries,Italian,1,1411.3,Card,17,2025-06-25,249,Inactive,3,2025-02-16,Delivered,1411.3
C5320,Male,Adult,Karachi,2024-10-24,O9320,2024-05-18,KFC,Sandwich,Fast Food,2,690.46,Card,26,2025-07-11,214,Inactive,1,2025-05-20,Delivered,1380.92
C3178,Female,Teenager,Islamabad,2024-01-03,O7178,2024-05-18,Pizza Hut,Burger,Dessert,3,340.31,Wallet,26,2025-04-25,268,Inactive,5,2024-09-20,Delayed,1020.93
C4129,Female,Senior,Islamabad,2025-01-19,O8129,2024-05-19,Subway,Pizza,Italian,2,381.61,Card,46,2025-04-27,53,Active,4,2025-03-21,Cancelled,763.22
C3982,Female,Adult,Multan,2023-11-21,O7982,2024-05-19,McDonald's,Burger,Dessert,5,153.93,Cash,17,2025-02-07,486,Inactive,5,2024-10-12,Delivered,769.65
C1118,Male,Senior,Peshawar,2024-08-03,O5118,2024-05-19,KFC,Pasta,Chinese,2,1416.53,Wallet,20,2025-05-28,15,Active,3,2025-02-19,Cancelled,2833.06
C1475,Other,Teenager,Peshawar,2024-12-11,O5475,2024-05-19,Pizza Hut,Pizza,Dessert,3,533.83,Card,29,2025-06-01,379,Active,1,2025-04-23,Delayed,1601.49
C6722,Other,Teenager,Multan,2023-09-29,O10722,2024-05-19,McDonald's,Pasta,Chinese,1,1058.71,Cash,6,2024-09-06,67,Inactive,5,2024-10-12,Delayed,1058.71
C1447,Male,Teenager,Peshawar,2025-06-09,O5447,2024-05-19,Pizza Hut,Pasta,Chinese,5,252.54,Wallet,44,2025-07-29,398,Active,5,2025-02-25,Delivered,1262.7
C6564,Male,Senior,Multan,2024-11-15,O10564,2024-05-19,Pizza Hut,Pizza,Continental,4,485.14,Card,47,2025-01-07,157,Inactive,2,2024-10-13,Delivered,1940.56
C4250,Other,Senior,Peshawar,2024-09-28,O8250,2024-05-19,Burger King,Burger,Chinese,2,919.17,Wallet,50,2025-04-21,311,Inactive,3,2024-09-03,Delayed,1838.34
C3963,Other,Teenager,Multan,2023-11-05,O7963,2024-05-20,KFC,Burger,Fast Food,3,228.46,Cash,11,2025-01-28,17,Inactive,2,2024-11-01,Delayed,685.38
C4041,Female,Senior,Peshawar,2024-12-18,O8041,2024-05-20,KFC,Pasta,Dessert,1,900.71,Card,45,2025-05-14,486,Inactive,4,2025-05-02,Cancelled,900.71
C4388,Female,Senior,Multan,2024-12-19,O8388,2024-05-20,Pizza Hut,Fries,Fast Food,5,709.31,Cash,36,2025-01-23,4,Inactive,5,2024-11-03,Delayed,3546.55
C1345,Female,Teenager,Karachi,2024-09-05,O5345,2024-05-20,Burger King,Pasta,Continental,5,1113.3,Wallet,35,2025-05-16,294,Active,1,2025-03-19,Cancelled,5566.5
C4884,Other,Teenager,Islamabad,2024-06-21,O8884,2024-05-20,KFC,Pasta,Dessert,4,953.63,Cash,15,2025-02-25,130,Inactive,3,2025-02-04,Delivered,3814.52
C4252,Other,Senior,Karachi,2025-04-11,O8252,2024-05-20,Pizza Hut,Pasta,Fast Food,4,905.45,Card,14,2025-07-08,303,Active,4,2024-10-13,Delivered,3621.8
C6757,Female,Senior,Islamabad,2024-09-25,O10757,2024-05-20,Pizza Hut,Sandwich,Chinese,1,1278.9,Cash,44,2025-08-07,25,Inactive,2,2025-07-24,Delivered,1278.9
C2358,Other,Teenager,Lahore,2024-12-19,O6358,2024-05-21,McDonald's,Burger,Dessert,1,1253.85,Wallet,31,2025-07-22,267,Inactive,5,2025-07-23,Delivered,1253.85
C2339,Female,Teenager,Peshawar,2025-03-31,O6339,2024-05-21,McDonald's,Sandwich,Chinese,1,895.81,Wallet,45,2025-04-26,364,Active,5,2025-03-29,Delivered,895.81
C1501,Male,Senior,Karachi,2024-09-09,O5501,2024-05-21,McDonald's,Burger,Continental,3,1346.4,Wallet,8,2024-11-04,381,Inactive,1,2025-04-05,Cancelled,4039.2
C3739,Male,Senior,Islamabad,2025-03-26,O7739,2024-05-21,Burger King,Pasta,Italian,2,924.57,Wallet,23,2025-06-22,473,Active,2,2024-12-11,Delivered,1849.14
C3527,Male,Adult,Karachi,2024-10-08,O7527,2024-05-21,Pizza Hut,Sandwich,Fast Food,3,701.39,Card,38,2025-08-21,197,Active,3,2025-02-23,Delayed,2104.17
C3896,Other,Adult,Multan,2024-08-09,O7896,2024-05-21,McDonald's,Sandwich,Chinese,3,748.73,Card,15,2025-02-06,254,Inactive,5,2025-05-09,Delivered,2246.19
C4534,Female,Senior,Islamabad,2025-07-03,O8534,2024-05-21,Burger King,Burger,Fast Food,2,1327.52,Cash,12,2025-07-29,146,Inactive,3,2025-01-13,Cancelled,2655.04
C5335,Female,Adult,Peshawar,2024-10-10,O9335,2024-05-21,Burger King,Burger,Dessert,5,1093.52,Cash,48,2025-02-07,353,Inactive,1,2024-11-23,Cancelled,5467.6
C5169,Other,Adult,Lahore,2024-12-06,O9169,2024-05-21,KFC,Fries,Continental,1,537.69,Cash,16,2025-07-20,412,Inactive,5,2025-08-14,Delayed,537.69
C3095,Male,Senior,Multan,2024-09-24,O7095,2024-05-21,McDonald's,Fries,Chinese,2,1449.82,Cash,37,2025-08-15,226,Active,3,2024-10-12,Cancelled,2899.64
C2510,Other,Teenager,Multan,2024-09-19,O6510,2024-05-22,Burger King,Sandwich,Fast Food,2,1307.54,Cash,49,2025-07-10,33,Inactive,4,2024-09-21,Delayed,2615.08
C3792,Male,Senior,Karachi,2024-06-05,O7792,2024-05-22,KFC,Burger,Fast Food,3,1258.67,Card,25,2024-10-17,111,Active,5,2024-10-18,Delayed,3776.01
C1733,Other,Senior,Karachi,2024-09-21,O5733,2024-05-22,Pizza Hut,Pizza,Dessert,1,760.45,Card,21,2025-08-12,308,Active,2,2025-02-14,Delayed,760.45
C6169,Other,Senior,Lahore,2024-06-09,O10169,2024-05-22,Pizza Hut,Burger,Continental,4,1311.22,Cash,37,2025-07-22,343,Inactive,5,2025-01-28,Delivered,5244.88
C1342,Other,Adult,Karachi,2024-09-12,O5342,2024-05-22,Pizza Hut,Pizza,Continental,3,788.69,Cash,32,2025-06-04,436,Inactive,3,2025-05-11,Delivered,2366.07
C3126,Male,Adult,Peshawar,2024-06-05,O7126,2024-05-22,Burger King,Pasta,Dessert,4,1283.97,Card,16,2025-03-16,381,Active,2,2024-08-25,Delivered,5135.88
C5613,Other,Teenager,Lahore,2024-09-23,O9613,2024-05-22,Burger King,Burger,Dessert,2,1199.68,Cash,9,2025-07-22,175,Inactive,5,2024-11-14,Cancelled,2399.36
C5518,Female,Adult,Lahore,2024-08-21,O9518,2024-05-22,Subway,Fries,Italian,4,1456.87,Cash,28,2025-07-24,174,Inactive,5,2025-01-02,Delivered,5827.48
C4678,Female,Teenager,Peshawar,2024-10-18,O8678,2024-05-23,Pizza Hut,Pizza,Dessert,3,705.88,Card,30,2025-07-28,225,Active,1,2025-04-16,Cancelled,2117.64
C4809,Male,Adult,Karachi,2024-02-26,O8809,2024-05-23,McDonald's,Pasta,Italian,1,1442.58,Wallet,7,2024-12-11,38,Active,5,2025-06-14,Delayed,1442.58
C5778,Male,Senior,Lahore,2024-10-04,O9778,2024-05-23,Subway,Sandwich,Chinese,2,466.89,Cash,25,2025-07-18,345,Active,2,2025-02-14,Delayed,933.78
C2931,Male,Adult,Karachi,2024-10-12,O6931,2024-05-23,Burger King,Pasta,Chinese,1,539.24,Cash,30,2024-10-15,192,Active,2,2024-08-23,Cancelled,539.24
C6777,Male,Teenager,Islamabad,2025-03-27,O10777,2024-05-23,KFC,Sandwich,Chinese,1,771.48,Cash,50,2025-07-27,96,Active,4,2025-04-13,Cancelled,771.48
C4261,Male,Senior,Karachi,2024-01-07,O8261,2024-05-23,Pizza Hut,Sandwich,Italian,3,1252.33,Wallet,4,2024-09-05,256,Active,2,2025-06-06,Cancelled,3756.99
C5879,Female,Adult,Multan,2024-05-06,O9879,2024-05-23,McDonald's,Burger,Chinese,4,1182.98,Card,12,2024-09-02,200,Inactive,2,2025-07-09,Cancelled,4731.92
C2046,Male,Senior,Lahore,2024-02-17,O6046,2024-05-23,Subway,Burger,Continental,4,1328.33,Card,42,2025-05-20,460,Inactive,3,2025-02-06,Delivered,5313.32
C6678,Female,Adult,Lahore,2023-08-31,O10678,2024-05-23,Pizza Hut,Fries,Italian,1,1469.47,Wallet,18,2025-08-09,448,Inactive,2,2024-12-16,Cancelled,1469.47
C4215,Other,Teenager,Peshawar,2024-10-13,O8215,2024-05-24,Burger King,Pasta,Italian,3,1487.08,Card,42,2025-03-05,389,Active,3,2025-05-02,Delayed,4461.24
C3285,Other,Senior,Peshawar,2024-09-04,O7285,2024-05-24,McDonald's,Pasta,Dessert,1,557.49,Wallet,26,2025-08-16,66,Inactive,2,2025-05-31,Delayed,557.49
C4005,Female,Teenager,Multan,2024-03-10,O8005,2024-05-24,Subway,Burger,Italian,5,1039.5,Card,22,2024-09-07,92,Inactive,5,2024-11-24,Cancelled,5197.5
C6593,Female,Adult,Lahore,2024-03-19,O10593,2024-05-24,Burger King,Fries,Fast Food,5,106.16,Cash,1,2025-08-08,407,Inactive,1,2025-03-28,Cancelled,530.8
C5557,Male,Senior,Islamabad,2024-10-02,O9557,2024-05-25,KFC,Fries,Italian,2,301.01,Wallet,6,2024-12-01,497,Inactive,5,2025-05-19,Delayed,602.02
C3389,Male,Senior,Islamabad,2023-09-30,O7389,2024-05-25,Subway,Pasta,Fast Food,1,1111.22,Wallet,2,2024-11-06,82,Inactive,2,2024-12-18,Delivered,1111.22
C5605,Male,Teenager,Peshawar,2024-10-22,O9605,2024-05-25,Subway,Burger,Italian,3,1411.37,Wallet,24,2025-02-02,285,Active,5,2024-12-27,Cancelled,4234.11
C2613,Female,Senior,Islamabad,2025-01-11,O6613,2024-05-25,McDonald's,Pizza,Dessert,2,1382.43,Card,4,2025-07-14,243,Active,5,2025-04-29,Cancelled,2764.86
C6478,Male,Adult,Islamabad,2024-11-08,O10478,2024-05-25,Subway,Pizza,Continental,2,508.57,Wallet,41,2024-11-26,459,Inactive,1,2025-01-30,Cancelled,1017.14
C1245,Female,Senior,Islamabad,2025-07-26,O5245,2024-05-25,Pizza Hut,Fries,Fast Food,5,1373.38,Card,18,2025-07-31,475,Active,4,2025-07-08,Delayed,6866.9
C4020,Female,Adult,Multan,2024-07-22,O8020,2024-05-25,Pizza Hut,Pasta,Dessert,3,1438.71,Card,21,2025-03-03,289,Inactive,2,2025-05-28,Cancelled,4316.13
C1676,Female,Senior,Peshawar,2025-03-03,O5676,2024-05-26,Subway,Sandwich,Italian,4,417.96,Cash,30,2025-08-14,311,Inactive,1,2025-03-22,Cancelled,1671.84
C6392,Female,Senior,Multan,2025-03-31,O10392,2024-05-26,Pizza Hut,Burger,Dessert,5,424.28,Wallet,50,2025-06-08,345,Inactive,3,2025-03-16,Delivered,2121.4
C4213,Female,Senior,Multan,2024-12-15,O8213,2024-05-26,KFC,Pasta,Chinese,5,752.84,Card,14,2025-01-16,214,Active,4,2025-05-27,Delivered,3764.2
C3929,Female,Teenager,Lahore,2024-02-25,O7929,2024-05-26,Pizza Hut,Pizza,Chinese,2,200.73,Wallet,49,2025-03-07,133,Active,1,2025-04-13,Cancelled,401.46
C6489,Female,Senior,Islamabad,2023-10-26,O10489,2024-05-26,Burger King,Pizza,Dessert,3,259.02,Card,13,2025-04-20,77,Inactive,4,2025-05-18,Cancelled,777.06
C3374,Female,Teenager,Multan,2025-02-22,O7374,2024-05-27,KFC,Burger,Chinese,3,1452.02,Cash,3,2025-08-20,452,Inactive,2,2025-04-10,Cancelled,4356.06
C3350,Female,Adult,Karachi,2024-11-20,O7350,2024-05-27,KFC,Burger,Dessert,3,1451.36,Wallet,19,2025-03-24,268,Active,5,2025-01-14,Cancelled,4354.08
C3906,Female,Teenager,Islamabad,2023-09-13,O7906,2024-05-27,Pizza Hut,Burger,Chinese,5,295.03,Cash,37,2025-03-11,81,Active,4,2024-12-14,Delayed,1475.15
C5318,Other,Senior,Lahore,2024-12-31,O9318,2024-05-27,McDonald's,Burger,Fast Food,5,1262.52,Wallet,8,2025-07-10,309,Inactive,5,2025-08-19,Delayed,6312.6
C1604,Male,Senior,Islamabad,2024-07-15,O5604,2024-05-27,Subway,Pasta,Continental,2,1030.8,Card,27,2025-06-07,112,Active,3,2025-03-24,Delayed,2061.6
C6411,Male,Adult,Lahore,2025-04-21,O10411,2024-05-27,Subway,Pasta,Italian,1,1357.27,Cash,32,2025-05-11,361,Active,4,2025-05-27,Delayed,1357.27
C4642,Male,Adult,Peshawar,2024-10-10,O8642,2024-05-27,Pizza Hut,Burger,Chinese,2,787.5,Wallet,7,2025-05-24,36,Inactive,2,2024-10-27,Delayed,1575.0
C2630,Male,Adult,Islamabad,2024-11-09,O6630,2024-05-27,Burger King,Pasta,Dessert,5,138.13,Card,41,2025-06-23,9,Active,3,2025-01-10,Delivered,690.65
C1149,Female,Senior,Karachi,2023-12-08,O5149,2024-05-28,KFC,Fries,Chinese,5,1147.95,Card,50,2024-12-31,163,Inactive,5,2024-11-17,Delivered,5739.75
C5723,Male,Adult,Multan,2024-06-30,O9723,2024-05-28,Burger King,Burger,Continental,5,509.22,Cash,21,2025-08-02,156,Inactive,3,2024-09-18,Delivered,2546.1
C2500,Female,Teenager,Lahore,2023-10-26,O6500,2024-05-28,KFC,Pasta,Chinese,5,342.85,Card,16,2025-06-29,112,Inactive,3,2025-03-03,Delayed,1714.25
C1769,Female,Senior,Multan,2024-05-22,O5769,2024-05-28,Pizza Hut,Pasta,Italian,1,879.11,Card,31,2025-08-03,301,Inactive,3,2025-07-14,Delayed,879.11
C4375,Female,Senior,Karachi,2024-09-26,O8375,2024-05-28,Burger King,Burger,Chinese,1,1281.95,Wallet,9,2025-06-16,174,Active,2,2024-12-29,Delayed,1281.95
C6911,Male,Adult,Multan,2024-11-05,O10911,2024-05-29,KFC,Pasta,Continental,2,341.76,Card,18,2025-04-13,176,Active,2,2025-03-16,Cancelled,683.52
C5679,Male,Teenager,Islamabad,2025-02-08,O9679,2024-05-29,KFC,Sandwich,Chinese,4,1473.46,Cash,4,2025-06-20,20,Active,5,2025-03-18,Delivered,5893.84
C4226,Female,Teenager,Multan,2025-01-14,O8226,2024-05-29,Subway,Sandwich,Dessert,1,1420.56,Card,27,2025-06-03,346,Inactive,3,2025-01-04,Delayed,1420.56
C4458,Female,Senior,Peshawar,2025-01-11,O8458,2024-05-30,McDonald's,Sandwich,Dessert,5,923.04,Wallet,21,2025-04-22,311,Active,2,2024-09-23,Delivered,4615.2
C6470,Other,Teenager,Lahore,2024-08-24,O10470,2024-05-30,Burger King,Pasta,Fast Food,4,1091.23,Wallet,2,2025-02-07,256,Active,2,2025-05-09,Cancelled,4364.92
C1967,Female,Adult,Karachi,2024-10-04,O5967,2024-05-30,Subway,Pasta,Continental,4,326.84,Card,35,2025-03-11,51,Active,4,2025-08-13,Delayed,1307.36
C3111,Other,Teenager,Peshawar,2023-12-22,O7111,2024-05-30,Subway,Sandwich,Continental,1,825.55,Card,46,2025-01-01,451,Active,4,2025-01-17,Delayed,825.55
C5126,Female,Adult,Peshawar,2024-09-05,O9126,2024-05-30,KFC,Pasta,Chinese,1,1386.29,Card,34,2024-11-07,160,Inactive,5,2025-02-15,Delivered,1386.29
C1696,Male,Adult,Multan,2024-03-05,O5696,2024-05-30,Pizza Hut,Sandwich,Italian,4,787.98,Wallet,37,2025-03-07,31,Active,3,2024-10-29,Cancelled,3151.92
C2282,Other,Senior,Karachi,2024-02-22,O6282,2024-05-30,Subway,Pasta,Continental,5,538.88,Cash,22,2024-10-14,243,Inactive,1,2024-08-28,Cancelled,2694.4
C6764,Other,Senior,Islamabad,2025-06-03,O10764,2024-05-30,KFC,Fries,Fast Food,4,1438.37,Wallet,1,2025-07-21,340,Inactive,5,2025-03-10,Delivered,5753.48
C6081,Other,Teenager,Peshawar,2025-04-26,O10081,2024-05-30,KFC,Burger,Dessert,2,539.77,Card,45,2025-05-31,157,Inactive,1,2025-02-02,Cancelled,1079.54
C4934,Female,Senior,Karachi,2024-04-24,O8934,2024-05-30,KFC,Sandwich,Dessert,4,1007.79,Cash,5,2024-10-20,171,Inactive,1,2024-12-11,Delivered,4031.16
C3050,Other,Adult,Peshawar,2024-12-23,O7050,2024-05-30,McDonald's,Pasta,Continental,2,1359.67,Card,12,2025-01-24,153,Active,2,2024-10-25,Delivered,2719.34
C3728,Female,Teenager,Multan,2024-12-09,O7728,2024-05-30,KFC,Fries,Dessert,3,1405.04,Card,33,2025-02-09,268,Inactive,1,2025-02-28,Cancelled,4215.12
C5293,Other,Adult,Islamabad,2024-12-05,O9293,2024-05-31,Pizza Hut,Fries,Continental,5,788.9,Card,23,2025-05-19,73,Active,5,2024-09-11,Delayed,3944.5
C5137,Other,Senior,Karachi,2023-10-16,O9137,2024-05-31,Subway,Sandwich,Dessert,1,337.41,Wallet,41,2025-03-25,55,Active,2,2024-12-02,Delivered,337.41
C1602,Other,Adult,Multan,2025-04-12,O5602,2024-05-31,Pizza Hut,Pasta,Continental,4,290.37,Cash,24,2025-07-18,226,Inactive,2,2025-08-19,Delivered,1161.48
C2911,Female,Teenager,Peshawar,2024-08-17,O6911,2024-05-31,KFC,Burger,Fast Food,4,719.53,Card,10,2024-11-21,457,Active,1,2025-02-16,Cancelled,2878.12
C3029,Other,Adult,Multan,2024-08-20,O7029,2024-05-31,Pizza Hut,Pasta,Dessert,3,588.48,Wallet,48,2025-02-06,352,Active,5,2025-07-15,Cancelled,1765.44
C5514,Female,Adult,Islamabad,2024-08-28,O9514,2024-05-31,McDonald's,Pizza,Dessert,3,239.85,Card,46,2024-10-06,360,Inactive,2,2025-02-06,Cancelled,719.55
C1084,Male,Teenager,Islamabad,2023-09-07,O5084,2024-05-31,Pizza Hut,Fries,Continental,2,1098.18,Wallet,32,2025-03-15,456,Inactive,2,2025-07-26,Delivered,2196.36
C3453,Other,Teenager,Lahore,2024-11-15,O7453,2024-05-31,Burger King,Sandwich,Fast Food,5,322.42,Wallet,39,2025-05-03,441,Inactive,5,2025-01-01,Delivered,1612.1
C1182,Female,Adult,Lahore,2024-08-29,O5182,2024-05-31,McDonald's,Sandwich,Dessert,2,1089.73,Wallet,37,2024-10-30,106,Inactive,2,2025-04-19,Delayed,2179.46
C6324,Female,Adult,Peshawar,2023-08-30,O10324,2024-06-01,Pizza Hut,Pizza,Fast Food,2,832.14,Cash,36,2025-08-19,425,Active,1,2025-04-25,Delayed,1664.28
C3926,Other,Senior,Multan,2024-09-02,O7926,2024-06-01,KFC,Fries,Italian,2,966.24,Card,39,2024-09-29,119,Active,5,2025-05-14,Cancelled,1932.48
C6014,Male,Teenager,Peshawar,2024-06-29,O10014,2024-06-01,McDonald's,Burger,Chinese,5,1148.79,Wallet,50,2024-10-18,345,Active,4,2025-01-17,Delivered,5743.95
C5127,Other,Adult,Karachi,2023-10-18,O9127,2024-06-01,Pizza Hut,Burger,Dessert,5,146.74,Card,16,2025-07-08,383,Active,5,2024-09-18,Cancelled,733.7
C1429,Female,Senior,Karachi,2024-05-09,O5429,2024-06-01,Pizza Hut,Pizza,Dessert,1,1040.28,Card,10,2025-04-06,129,Active,4,2025-02-09,Delayed,1040.28
C4715,Male,Adult,Islamabad,2025-01-02,O8715,2024-06-01,Pizza Hut,Sandwich,Continental,2,1294.54,Card,31,2025-07-12,96,Inactive,1,2025-08-09,Cancelled,2589.08
C2195,Male,Senior,Islamabad,2024-02-06,O6195,2024-06-01,Subway,Pizza,Italian,3,714.7,Wallet,14,2024-11-19,193,Active,5,2024-10-30,Delivered,2144.1
C2429,Female,Adult,Karachi,2025-03-13,O6429,2024-06-01,Pizza Hut,Pizza,Italian,2,277.02,Wallet,29,2025-07-05,394,Inactive,3,2025-05-14,Delivered,554.04
C5816,Other,Adult,Lahore,2025-01-01,O9816,2024-06-01,Pizza Hut,Burger,Chinese,1,992.84,Card,45,2025-06-29,31,Inactive,1,2025-01-05,Delayed,992.84
C2987,Male,Senior,Islamabad,2025-05-01,O6987,2024-06-01,Burger King,Burger,Dessert,4,134.74,Wallet,8,2025-08-12,294,Active,3,2025-03-07,Cancelled,538.96
C3580,Male,Adult,Islamabad,2025-04-10,O7580,2024-06-01,Subway,Fries,Continental,2,1410.94,Wallet,46,2025-08-13,41,Active,3,2025-04-30,Delivered,2821.88
C4479,Male,Teenager,Peshawar,2024-09-03,O8479,2024-06-02,McDonald's,Burger,Dessert,2,737.89,Cash,12,2024-11-07,107,Inactive,2,2024-11-02,Delayed,1475.78
C2200,Male,Senior,Islamabad,2023-09-26,O6200,2024-06-02,Subway,Pizza,Italian,4,924.91,Cash,18,2024-12-21,482,Active,1,2024-11-27,Cancelled,3699.64
C6138,Female,Adult,Islamabad,2024-06-16,O10138,2024-06-02,Burger King,Pizza,Continental,5,1388.35,Card,26,2025-03-24,228,Inactive,2,2024-08-31,Cancelled,6941.75
C1748,Male,Senior,Lahore,2023-12-30,O5748,2024-06-03,Subway,Fries,Continental,2,1438.16,Cash,30,2024-10-01,262,Active,2,2025-07-22,Delivered,2876.32
C6399,Female,Senior,Islamabad,2023-09-05,O10399,2024-06-03,McDonald's,Pasta,Fast Food,4,1372.11,Card,35,2024-10-12,491,Active,2,2025-01-02,Cancelled,5488.44
C1074,Male,Senior,Karachi,2024-05-03,O5074,2024-06-03,KFC,Burger,Fast Food,1,438.0,Wallet,7,2025-08-15,124,Inactive,2,2024-11-24,Delayed,438.0
C1373,Female,Teenager,Multan,2024-07-11,O5373,2024-06-03,Burger King,Fries,Dessert,4,1426.2,Cash,47,2025-01-20,372,Active,2,2024-10-06,Delivered,5704.8
C2628,Male,Adult,Lahore,2024-08-01,O6628,2024-06-03,McDonald's,Burger,Italian,3,1041.28,Card,26,2025-01-08,338,Inactive,1,2025-08-21,Cancelled,3123.84
C3599,Male,Senior,Multan,2024-08-25,O7599,2024-06-03,McDonald's,Sandwich,Fast Food,3,612.37,Card,12,2025-03-09,414,Active,2,2025-04-14,Cancelled,1837.11
C4040,Female,Teenager,Multan,2024-04-04,O8040,2024-06-03,Subway,Fries,Dessert,3,757.95,Card,5,2025-05-01,297,Inactive,3,2025-07-20,Cancelled,2273.85
C5234,Female,Teenager,Karachi,2025-01-08,O9234,2024-06-03,McDonald's,Burger,Chinese,5,548.1,Cash,35,2025-05-25,182,Inactive,2,2025-05-20,Cancelled,2740.5
C4026,Other,Senior,Karachi,2025-01-01,O8026,2024-06-03,Pizza Hut,Pizza,Continental,1,562.68,Card,2,2025-04-14,236,Inactive,3,2025-04-21,Cancelled,562.68
C6943,Female,Senior,Multan,2024-01-06,O10943,2024-06-03,Burger King,Pasta,Fast Food,3,863.26,Wallet,30,2025-05-12,265,Active,3,2024-09-14,Delivered,2589.78
C1706,Female,Adult,Karachi,2025-02-10,O5706,2024-06-04,Subway,Pizza,Continental,3,460.02,Cash,16,2025-03-13,360,Active,3,2025-07-28,Delivered,1380.06
C6591,Other,Teenager,Multan,2024-10-12,O10591,2024-06-04,Burger King,Fries,Fast Food,3,1164.12,Card,14,2025-05-24,247,Inactive,4,2025-07-09,Delayed,3492.36
C1433,Male,Teenager,Multan,2024-09-08,O5433,2024-06-04,KFC,Pasta,Continental,3,1491.06,Card,49,2025-05-25,274,Active,4,2025-07-24,Cancelled,4473.18
C3793,Other,Senior,Karachi,2024-11-15,O7793,2024-06-04,Pizza Hut,Fries,Fast Food,2,264.49,Card,5,2025-06-26,7,Inactive,5,2024-11-23,Delayed,528.98
C3359,Other,Teenager,Islamabad,2024-08-11,O7359,2024-06-04,McDonald's,Pizza,Dessert,5,300.03,Cash,3,2025-07-27,341,Active,1,2025-05-31,Delayed,1500.15
C2325,Male,Teenager,Islamabad,2024-08-14,O6325,2024-06-04,KFC,Burger,Chinese,3,1420.81,Wallet,24,2025-05-12,238,Inactive,4,2025-03-06,Delivered,4262.43
C3206,Male,Adult,Karachi,2023-10-25,O7206,2024-06-04,KFC,Pizza,Fast Food,1,136.56,Cash,28,2025-07-04,25,Active,1,2024-12-13,Delivered,136.56
C3181,Male,Teenager,Karachi,2024-10-31,O7181,2024-06-04,Subway,Sandwich,Dessert,4,327.77,Cash,46,2024-11-07,123,Active,3,2024-12-30,Cancelled,1311.08
C3977,Other,Adult,Lahore,2024-02-16,O7977,2024-06-05,KFC,Fries,Chinese,1,1360.42,Card,47,2024-12-10,418,Active,4,2025-08-11,Delivered,1360.42
C3148,Female,Adult,Islamabad,2024-01-22,O7148,2024-06-05,Subway,Sandwich,Italian,3,640.49,Card,26,2024-11-02,436,Inactive,3,2025-04-10,Delivered,1921.47
C1313,Other,Teenager,Peshawar,2024-01-17,O5313,2024-06-05,Pizza Hut,Sandwich,Continental,3,1267.47,Cash,5,2025-08-12,297,Active,2,2025-08-13,Delayed,3802.41
C5366,Male,Senior,Karachi,2024-11-01,O9366,2024-06-05,KFC,Sandwich,Italian,4,252.12,Card,20,2025-08-18,350,Active,2,2024-09-15,Delivered,1008.48
C6202,Female,Teenager,Peshawar,2024-10-22,O10202,2024-06-06,KFC,Burger,Continental,4,1452.09,Card,36,2025-04-16,50,Active,2,2025-05-27,Delayed,5808.36
C2821,Male,Senior,Peshawar,2025-01-29,O6821,2024-06-06,McDonald's,Fries,Chinese,1,186.75,Wallet,29,2025-02-03,88,Inactive,3,2024-12-06,Delivered,186.75
C5434,Female,Teenager,Islamabad,2024-12-29,O9434,2024-06-06,Burger King,Sandwich,Chinese,1,329.03,Cash,43,2025-04-20,76,Active,4,2024-12-15,Delivered,329.03
C2014,Male,Senior,Karachi,2023-09-02,O6014,2024-06-06,McDonald's,Pasta,Continental,1,252.64,Card,29,2025-03-02,286,Active,5,2025-04-29,Delivered,252.64
C3621,Male,Senior,Islamabad,2023-10-26,O7621,2024-06-06,Pizza Hut,Pasta,Dessert,5,647.48,Wallet,32,2025-02-16,95,Active,4,2025-03-27,Delayed,3237.4
C5281,Other,Senior,Multan,2023-09-03,O9281,2024-06-06,KFC,Fries,Chinese,1,246.04,Wallet,40,2025-02-08,431,Active,2,2025-07-30,Delivered,246.04
C3933,Other,Adult,Karachi,2024-07-18,O7933,2024-06-06,McDonald's,Sandwich,Continental,5,300.25,Cash,42,2025-06-20,190,Inactive,3,2025-07-07,Delivered,1501.25
C3028,Female,Teenager,Peshawar,2023-11-07,O7028,2024-06-07,Pizza Hut,Fries,Continental,1,288.39,Wallet,35,2025-02-17,405,Active,2,2025-02-12,Delivered,288.39
C2273,Other,Senior,Peshawar,2025-03-04,O6273,2024-06-07,KFC,Pasta,Continental,2,1478.57,Wallet,7,2025-07-31,154,Inactive,5,2025-06-20,Delayed,2957.14
C6106,Other,Adult,Multan,2025-07-14,O10106,2024-06-07,Burger King,Pasta,Italian,2,978.69,Wallet,17,2025-07-17,253,Inactive,2,2025-07-16,Cancelled,1957.38
C1137,Other,Adult,Islamabad,2024-12-05,O5137,2024-06-07,Subway,Sandwich,Italian,3,927.29,Cash,22,2025-06-07,414,Active,5,2025-06-04,Cancelled,2781.87
C6754,Other,Teenager,Islamabad,2024-11-27,O10754,2024-06-07,Burger King,Pasta,Fast Food,3,777.19,Card,6,2025-08-04,236,Inactive,4,2025-06-29,Delayed,2331.57
C2922,Other,Adult,Multan,2024-05-03,O6922,2024-06-07,Pizza Hut,Fries,Dessert,4,822.44,Cash,49,2025-01-13,51,Active,4,2025-08-02,Delayed,3289.76
C1936,Male,Senior,Karachi,2025-01-11,O5936,2024-06-08,KFC,Sandwich,Italian,2,774.83,Card,21,2025-04-29,158,Active,4,2025-03-08,Delayed,1549.66
C3221,Female,Teenager,Lahore,2023-09-01,O7221,2024-06-08,Subway,Pizza,Dessert,5,967.55,Cash,26,2025-03-27,435,Active,2,2024-09-15,Delayed,4837.75
C2854,Other,Adult,Islamabad,2025-04-05,O6854,2024-06-08,KFC,Burger,Italian,3,1391.23,Cash,50,2025-07-02,54,Inactive,1,2025-07-03,Delayed,4173.69
C1022,Other,Teenager,Peshawar,2023-11-08,O5022,2024-06-08,Burger King,Burger,Dessert,5,1012.9,Wallet,16,2025-05-03,394,Active,4,2024-10-17,Delivered,5064.5
C5204,Female,Senior,Peshawar,2025-05-16,O9204,2024-06-08,KFC,Pasta,Continental,5,729.72,Wallet,18,2025-07-26,381,Active,5,2025-06-09,Delayed,3648.6
C5330,Female,Adult,Peshawar,2024-12-26,O9330,2024-06-08,Pizza Hut,Pasta,Continental,4,1009.09,Card,7,2025-04-23,342,Active,4,2024-10-03,Delivered,4036.36
C5987,Male,Teenager,Karachi,2025-05-05,O9987,2024-06-08,McDonald's,Pizza,Continental,1,1485.59,Cash,43,2025-05-20,45,Active,1,2025-06-14,Delivered,1485.59
C2604,Other,Teenager,Peshawar,2024-12-27,O6604,2024-06-08,Subway,Sandwich,Italian,3,938.59,Card,21,2025-03-19,220,Inactive,4,2025-03-10,Cancelled,2815.77
C5531,Female,Teenager,Lahore,2024-06-02,O9531,2024-06-08,Pizza Hut,Burger,Dessert,3,407.81,Wallet,46,2025-01-08,343,Active,1,2024-10-21,Cancelled,1223.43
C6684,Male,Senior,Islamabad,2025-04-20,O10684,2024-06-09,Subway,Pizza,Dessert,5,1253.89,Cash,43,2025-06-18,80,Active,3,2025-01-19,Cancelled,6269.45
C5256,Other,Senior,Karachi,2025-03-18,O9256,2024-06-09,Burger King,Sandwich,Italian,1,1205.34,Card,36,2025-06-11,103,Active,3,2025-03-13,Cancelled,1205.34
C6285,Male,Teenager,Islamabad,2023-12-13,O10285,2024-06-09,KFC,Pizza,Dessert,3,489.26,Cash,4,2024-10-02,266,Active,2,2024-09-30,Delivered,1467.78
C5157,Female,Teenager,Islamabad,2025-04-04,O9157,2024-06-09,Subway,Pasta,Fast Food,4,568.28,Wallet,46,2025-05-02,182,Inactive,5,2025-07-19,Delayed,2273.12
C6338,Other,Senior,Lahore,2024-06-06,O10338,2024-06-09,Subway,Pizza,Chinese,3,917.47,Wallet,17,2025-03-15,173,Inactive,5,2025-05-14,Cancelled,2752.41
C6975,Male,Teenager,Peshawar,2025-04-20,O10975,2024-06-09,Burger King,Pasta,Continental,2,1425.04,Wallet,31,2025-07-10,100,Inactive,1,2025-07-07,Cancelled,2850.08
C3697,Male,Senior,Karachi,2023-12-16,O7697,2024-06-09,Pizza Hut,Burger,Italian,3,1193.59,Wallet,35,2025-05-27,253,Active,4,2025-04-29,Delivered,3580.77
C6325,Other,Teenager,Multan,2024-10-08,O10325,2024-06-09,KFC,Fries,Continental,5,219.85,Card,41,2025-05-09,360,Active,3,2024-10-17,Delayed,1099.25
C3838,Male,Senior,Multan,2024-12-11,O7838,2024-06-09,Pizza Hut,Sandwich,Continental,3,459.7,Wallet,10,2025-05-25,416,Inactive,4,2025-01-01,Cancelled,1379.1
C5727,Male,Senior,Peshawar,2024-10-11,O9727,2024-06-09,Subway,Fries,Chinese,1,1306.38,Card,25,2025-02-28,199,Inactive,1,2025-01-07,Delayed,1306.38
C6395,Other,Adult,Peshawar,2024-02-24,O10395,2024-06-10,KFC,Fries,Chinese,5,573.13,Cash,14,2025-01-09,93,Inactive,5,2024-12-27,Delivered,2865.65
C1595,Other,Adult,Lahore,2023-09-14,O5595,2024-06-10,Burger King,Burger,Chinese,5,1329.17,Cash,42,2024-10-04,191,Active,2,2025-06-22,Delayed,6645.85
C4804,Male,Senior,Karachi,2024-10-12,O8804,2024-06-10,Burger King,Burger,Dessert,2,946.78,Wallet,1,2025-05-21,368,Active,5,2025-01-10,Cancelled,1893.56
C4717,Other,Teenager,Peshawar,2025-02-06,O8717,2024-06-10,KFC,Pasta,Italian,2,1296.74,Wallet,50,2025-02-10,274,Inactive,4,2025-06-09,Delivered,2593.48
C1898,Female,Adult,Islamabad,2023-10-12,O5898,2024-06-10,KFC,Sandwich,Continental,3,589.42,Cash,23,2024-09-10,94,Active,3,2025-04-24,Delivered,1768.26
C1811,Female,Teenager,Karachi,2024-11-16,O5811,2024-06-10,Burger King,Burger,Italian,3,823.1,Cash,14,2024-12-26,169,Active,1,2025-06-20,Delayed,2469.3
C1715,Male,Teenager,Peshawar,2024-02-23,O5715,2024-06-10,Subway,Fries,Chinese,2,735.58,Card,42,2025-07-07,208,Inactive,5,2025-02-28,Delayed,1471.16
C2417,Female,Adult,Peshawar,2024-12-18,O6417,2024-06-10,Subway,Sandwich,Chinese,1,655.45,Card,35,2025-04-24,336,Inactive,1,2025-06-21,Delivered,655.45
C4314,Male,Teenager,Karachi,2024-07-17,O8314,2024-06-10,Subway,Pasta,Fast Food,4,484.62,Card,24,2024-08-26,27,Inactive,2,2025-03-30,Delayed,1938.48
C4600,Male,Senior,Multan,2024-11-11,O8600,2024-06-11,Subway,Fries,Fast Food,3,198.38,Cash,36,2025-06-30,290,Inactive,2,2025-01-10,Delayed,595.14
C4648,Female,Teenager,Lahore,2024-05-01,O8648,2024-06-11,KFC,Fries,Italian,4,188.64,Cash,36,2024-08-28,108,Active,3,2024-08-23,Delayed,754.56
C1090,Male,Adult,Multan,2024-02-05,O5090,2024-06-11,Burger King,Burger,Italian,1,746.1,Cash,11,2025-05-14,265,Inactive,4,2024-09-30,Delivered,746.1
C4741,Female,Senior,Lahore,2024-07-19,O8741,2024-06-11,Subway,Sandwich,Italian,4,949.41,Cash,27,2025-02-17,244,Inactive,5,2024-09-07,Delayed,3797.64
C5787,Female,Adult,Multan,2024-08-23,O9787,2024-06-11,Burger King,Burger,Dessert,3,211.28,Cash,16,2025-02-03,45,Active,1,2024-11-14,Delayed,633.84
C4948,Male,Senior,Karachi,2024-12-31,O8948,2024-06-11,Pizza Hut,Pasta,Continental,4,1343.41,Wallet,46,2025-07-29,233,Active,5,2025-06-27,Delayed,5373.64
C1183,Female,Adult,Lahore,2025-02-09,O5183,2024-06-11,Burger King,Fries,Italian,3,925.91,Cash,36,2025-03-12,71,Active,2,2025-07-28,Delivered,2777.73
C6972,Female,Adult,Islamabad,2024-11-06,O10972,2024-06-11,Subway,Pasta,Chinese,4,132.31,Cash,35,2025-03-26,175,Active,4,2025-01-28,Cancelled,529.24
C2654,Other,Senior,Lahore,2025-01-22,O6654,2024-06-12,Burger King,Burger,Continental,3,750.46,Wallet,42,2025-04-02,153,Inactive,4,2024-10-29,Cancelled,2251.38
C5264,Female,Senior,Islamabad,2023-10-18,O9264,2024-06-12,Pizza Hut,Fries,Fast Food,2,1457.63,Card,1,2025-03-11,411,Active,2,2025-05-07,Delivered,2915.26
C2024,Other,Teenager,Peshawar,2024-07-19,O6024,2024-06-12,KFC,Pizza,Continental,5,927.2,Card,12,2025-08-20,346,Inactive,2,2024-11-07,Delayed,4636.0
C6718,Other,Teenager,Peshawar,2024-07-13,O10718,2024-06-12,Pizza Hut,Sandwich,Chinese,1,1498.75,Card,42,2025-01-21,107,Active,4,2025-07-25,Cancelled,1498.75
C3732,Other,Adult,Islamabad,2024-10-19,O7732,2024-06-12,Subway,Fries,Continental,4,1177.37,Card,49,2025-06-05,95,Inactive,2,2025-07-16,Cancelled,4709.48
C3576,Other,Teenager,Islamabad,2024-08-09,O7576,2024-06-13,Pizza Hut,Burger,Italian,1,285.22,Card,46,2025-04-30,438,Active,4,2024-11-28,Cancelled,285.22
C6650,Male,Senior,Islamabad,2024-09-02,O10650,2024-06-13,McDonald's,Burger,Fast Food,1,473.07,Card,22,2024-10-22,202,Active,3,2024-10-25,Delivered,473.07
C4832,Other,Senior,Multan,2024-05-08,O8832,2024-06-13,Subway,Burger,Italian,2,1219.31,Wallet,32,2024-08-28,130,Inactive,4,2024-10-03,Cancelled,2438.62
C3462,Other,Teenager,Peshawar,2024-06-29,O7462,2024-06-13,Subway,Pasta,Fast Food,3,1084.44,Card,43,2025-06-30,402,Inactive,2,2025-04-26,Delivered,3253.32
C5730,Other,Senior,Lahore,2024-06-17,O9730,2024-06-13,McDonald's,Pizza,Fast Food,4,1385.5,Wallet,1,2024-12-14,305,Active,5,2025-02-12,Delayed,5542.0
C4084,Female,Senior,Lahore,2024-06-26,O8084,2024-06-13,Pizza Hut,Fries,Dessert,4,409.96,Wallet,9,2024-12-27,187,Inactive,2,2024-09-07,Delayed,1639.84
C6792,Other,Senior,Multan,2023-12-25,O10792,2024-06-13,Burger King,Burger,Italian,1,1430.87,Card,20,2025-06-21,407,Active,3,2025-03-12,Cancelled,1430.87
C6597,Female,Teenager,Islamabad,2024-07-11,O10597,2024-06-13,Burger King,Pasta,Continental,5,875.81,Cash,18,2025-07-01,315,Active,5,2025-04-21,Delayed,4379.05
C2725,Female,Adult,Peshawar,2024-09-26,O6725,2024-06-13,Subway,Sandwich,Chinese,1,1277.39,Wallet,31,2025-05-03,53,Active,3,2025-05-26,Delivered,1277.39
C5178,Male,Adult,Lahore,2025-01-29,O9178,2024-06-13,KFC,Burger,Italian,2,1246.35,Cash,29,2025-07-21,206,Inactive,5,2024-11-12,Delivered,2492.7
C1669,Male,Teenager,Peshawar,2023-12-30,O5669,2024-06-13,McDonald's,Sandwich,Continental,4,983.07,Card,18,2024-11-09,89,Inactive,2,2025-04-22,Delayed,3932.28
C4862,Male,Teenager,Islamabad,2023-08-28,O8862,2024-06-13,KFC,Sandwich,Chinese,4,1245.47,Card,8,2024-09-04,398,Inactive,4,2024-12-11,Cancelled,4981.88
C2253,Female,Adult,Karachi,2024-03-20,O6253,2024-06-14,KFC,Pizza,Dessert,4,309.67,Card,4,2025-04-06,379,Active,1,2025-06-03,Delivered,1238.68
C5577,Female,Adult,Lahore,2024-08-13,O9577,2024-06-14,Subway,Pizza,Fast Food,5,513.15,Card,32,2024-09-16,20,Active,3,2025-07-20,Delivered,2565.75
C4609,Other,Adult,Islamabad,2025-04-20,O8609,2024-06-14,Pizza Hut,Pizza,Italian,5,233.05,Cash,45,2025-08-05,442,Active,3,2024-11-09,Delayed,1165.25
C6125,Female,Adult,Lahore,2024-10-20,O10125,2024-06-14,Burger King,Pizza,Fast Food,5,1139.94,Wallet,30,2025-01-16,191,Active,3,2024-10-08,Cancelled,5699.7
C1759,Female,Senior,Peshawar,2023-11-05,O5759,2024-06-14,Subway,Pizza,Italian,4,535.79,Wallet,49,2025-01-26,169,Inactive,4,2024-09-06,Delivered,2143.16
C2132,Other,Senior,Karachi,2025-06-09,O6132,2024-06-15,McDonald's,Burger,Continental,1,1298.15,Card,19,2025-06-11,196,Active,5,2024-10-05,Delivered,1298.15
C5304,Female,Teenager,Peshawar,2024-08-31,O9304,2024-06-15,Subway,Pasta,Italian,5,443.05,Card,22,2024-12-15,294,Active,1,2024-11-08,Cancelled,2215.25
C6182,Female,Adult,Peshawar,2024-12-30,O10182,2024-06-15,KFC,Fries,Italian,1,646.32,Cash,18,2025-04-17,322,Active,2,2025-03-20,Delivered,646.32
C5387,Male,Senior,Peshawar,2024-11-18,O9387,2024-06-15,KFC,Burger,Italian,5,502.34,Cash,15,2025-03-08,269,Inactive,1,2024-09-10,Cancelled,2511.7
C1803,Female,Senior,Lahore,2025-04-23,O5803,2024-06-15,Burger King,Pasta,Dessert,2,1272.92,Wallet,32,2025-07-10,314,Inactive,5,2025-02-23,Delivered,2545.84
C3288,Female,Teenager,Karachi,2024-08-31,O7288,2024-06-15,Burger King,Sandwich,Italian,3,388.57,Card,19,2025-02-24,67,Active,2,2025-02-08,Cancelled,1165.71
C2425,Other,Teenager,Karachi,2024-12-28,O6425,2024-06-15,Burger King,Pasta,Chinese,2,744.2,Wallet,17,2025-05-25,411,Inactive,2,2025-06-29,Delayed,1488.4
C1561,Other,Teenager,Lahore,2024-07-20,O5561,2024-06-15,Pizza Hut,Pizza,Italian,1,1333.95,Card,7,2025-08-15,155,Inactive,1,2024-09-18,Cancelled,1333.95
C4473,Other,Adult,Karachi,2024-05-17,O8473,2024-06-15,Pizza Hut,Fries,Dessert,4,1002.89,Wallet,6,2024-09-20,79,Inactive,5,2025-02-22,Delayed,4011.56
C5599,Female,Teenager,Lahore,2023-09-08,O9599,2024-06-15,Subway,Burger,Continental,4,534.9,Wallet,30,2024-10-29,416,Inactive,3,2024-10-10,Delayed,2139.6
C2152,Female,Senior,Peshawar,2024-04-10,O6152,2024-06-16,KFC,Pizza,Continental,4,463.13,Card,46,2025-05-12,55,Inactive,1,2025-04-28,Delayed,1852.52
C2213,Female,Senior,Multan,2024-03-31,O6213,2024-06-16,Burger King,Pasta,Chinese,2,373.18,Wallet,42,2024-09-13,23,Active,5,2025-01-26,Delivered,746.36
C5090,Female,Senior,Multan,2024-05-29,O9090,2024-06-16,Pizza Hut,Sandwich,Continental,5,1285.55,Cash,49,2025-02-16,423,Active,2,2024-10-27,Delivered,6427.75
C3946,Other,Adult,Karachi,2025-01-23,O7946,2024-06-16,McDonald's,Pizza,Fast Food,3,1097.71,Cash,35,2025-07-20,7,Active,3,2025-05-06,Delayed,3293.13
C2954,Female,Teenager,Lahore,2025-08-05,O6954,2024-06-16,KFC,Pasta,Italian,4,967.23,Wallet,22,2025-08-11,366,Active,5,2025-02-20,Delivered,3868.92
C5076,Male,Teenager,Multan,2024-05-19,O9076,2024-06-16,McDonald's,Pasta,Dessert,2,341.84,Wallet,35,2024-09-17,192,Active,4,2024-12-17,Delivered,683.68
C4321,Male,Adult,Islamabad,2024-07-10,O8321,2024-06-16,Pizza Hut,Pasta,Continental,4,492.56,Cash,26,2025-04-20,179,Active,2,2024-10-20,Delayed,1970.24
C5823,Male,Senior,Karachi,2024-11-30,O9823,2024-06-16,KFC,Sandwich,Continental,1,1020.1,Wallet,34,2025-07-24,45,Inactive,3,2025-03-19,Delivered,1020.1
C5740,Female,Senior,Lahore,2024-05-15,O9740,2024-06-16,Subway,Pasta,Italian,2,1048.16,Card,21,2024-10-01,118,Inactive,1,2025-06-08,Delivered,2096.32
C6907,Other,Adult,Lahore,2024-02-12,O10907,2024-06-16,McDonald's,Fries,Dessert,1,1118.93,Cash,10,2025-05-17,360,Inactive,1,2025-06-14,Delivered,1118.93
C5021,Other,Teenager,Karachi,2024-12-26,O9021,2024-06-16,Subway,Fries,Dessert,1,1060.48,Card,17,2025-06-23,423,Inactive,3,2024-10-21,Delayed,1060.48
C1864,Female,Teenager,Lahore,2023-11-25,O5864,2024-06-16,McDonald's,Burger,Dessert,1,1325.11,Cash,31,2025-04-03,102,Inactive,1,2024-08-28,Cancelled,1325.11
C2314,Other,Adult,Peshawar,2025-01-12,O6314,2024-06-16,KFC,Burger,Fast Food,3,836.58,Wallet,4,2025-07-17,270,Inactive,1,2025-08-12,Cancelled,2509.74
C2081,Other,Teenager,Islamabad,2024-02-06,O6081,2024-06-17,Subway,Burger,Chinese,5,127.06,Card,1,2025-05-28,307,Active,5,2025-03-13,Delivered,635.3
C6604,Other,Senior,Karachi,2024-02-06,O10604,2024-06-17,Burger King,Pizza,Dessert,4,943.53,Cash,7,2025-05-11,353,Inactive,1,2024-09-06,Delayed,3774.12
C3400,Other,Adult,Multan,2024-10-16,O7400,2024-06-17,Burger King,Pasta,Dessert,1,746.89,Card,22,2025-04-28,113,Active,5,2025-02-09,Delayed,746.89
C3215,Female,Senior,Lahore,2024-09-24,O7215,2024-06-17,McDonald's,Pizza,Continental,3,586.33,Card,41,2025-05-26,465,Active,3,2025-04-10,Delivered,1758.99
C3879,Other,Senior,Multan,2023-10-03,O7879,2024-06-17,KFC,Pizza,Chinese,1,808.87,Card,19,2024-10-06,47,Active,2,2025-04-06,Delivered,808.87
C4821,Male,Teenager,Karachi,2025-04-21,O8821,2024-06-17,Subway,Burger,Italian,2,1108.26,Cash,19,2025-07-18,468,Inactive,2,2025-06-14,Delayed,2216.52
C4987,Male,Senior,Peshawar,2023-12-13,O8987,2024-06-17,McDonald's,Pasta,Continental,5,1268.09,Card,29,2025-03-20,352,Active,2,2025-04-16,Delayed,6340.45
C6461,Female,Senior,Islamabad,2025-07-29,O10461,2024-06-17,Pizza Hut,Burger,Fast Food,5,1307.66,Card,29,2025-08-21,193,Active,3,2025-04-26,Cancelled,6538.3
C2618,Other,Adult,Islamabad,2023-12-06,O6618,2024-06-17,Burger King,Pasta,Chinese,4,1337.94,Cash,36,2025-03-16,420,Active,3,2025-06-15,Cancelled,5351.76
C5250,Male,Teenager,Multan,2024-04-09,O9250,2024-06-17,Burger King,Pasta,Continental,4,902.12,Card,11,2024-12-19,496,Inactive,4,2025-07-11,Cancelled,3608.48
C3242,Female,Senior,Multan,2024-08-25,O7242,2024-06-18,Burger King,Fries,Fast Food,4,666.42,Card,24,2025-06-18,32,Active,2,2025-06-26,Delivered,2665.68
C1305,Male,Adult,Multan,2023-10-29,O5305,2024-06-18,Pizza Hut,Sandwich,Continental,5,944.43,Wallet,45,2024-12-04,366,Inactive,5,2024-10-31,Delivered,4722.15
C6717,Female,Teenager,Islamabad,2024-08-22,O10717,2024-06-18,KFC,Pasta,Continental,5,1363.19,Cash,34,2025-04-07,488,Active,5,2024-11-02,Delivered,6815.95
C2274,Female,Adult,Lahore,2024-10-25,O6274,2024-06-18,Subway,Sandwich,Italian,2,1171.14,Card,34,2025-05-09,479,Active,3,2025-03-17,Cancelled,2342.28
C6128,Female,Senior,Lahore,2024-08-27,O10128,2024-06-18,Subway,Fries,Dessert,2,1015.87,Card,27,2025-08-05,203,Inactive,3,2025-04-25,Delayed,2031.74
C2424,Male,Teenager,Karachi,2025-04-14,O6424,2024-06-18,KFC,Fries,Italian,2,1076.49,Cash,18,2025-05-08,401,Inactive,3,2024-08-21,Delayed,2152.98
C3037,Female,Adult,Karachi,2024-01-11,O7037,2024-06-18,McDonald's,Burger,Fast Food,5,1371.51,Cash,18,2024-12-25,129,Inactive,3,2025-04-19,Delayed,6857.55
C6546,Female,Senior,Karachi,2024-03-03,O10546,2024-06-19,Subway,Pasta,Chinese,5,388.88,Wallet,35,2025-01-31,165,Active,1,2024-12-12,Delayed,1944.4
C6475,Female,Senior,Multan,2024-10-06,O10475,2024-06-19,McDonald's,Pasta,Continental,3,183.44,Cash,7,2025-01-01,448,Inactive,1,2025-03-27,Cancelled,550.32
C4402,Male,Adult,Multan,2023-12-10,O8402,2024-06-19,Subway,Pasta,Fast Food,1,721.0,Cash,1,2025-03-05,163,Inactive,2,2025-06-19,Delayed,721.0
C3677,Other,Teenager,Lahore,2024-06-24,O7677,2024-06-19,Pizza Hut,Burger,Italian,5,256.03,Cash,43,2024-11-27,386,Inactive,5,2025-05-15,Delayed,1280.15
C1923,Male,Senior,Lahore,2024-12-22,O5923,2024-06-19,Burger King,Sandwich,Dessert,3,1001.26,Cash,16,2025-03-12,83,Inactive,5,2024-10-27,Delayed,3003.78
C1914,Male,Teenager,Multan,2024-10-17,O5914,2024-06-19,McDonald's,Sandwich,Chinese,1,1022.84,Wallet,30,2024-11-17,460,Inactive,2,2024-10-29,Cancelled,1022.84
C2558,Other,Senior,Karachi,2024-07-17,O6558,2024-06-19,Subway,Pasta,Dessert,5,350.56,Wallet,15,2025-03-06,497,Active,2,2025-02-20,Delayed,1752.8
C1364,Female,Senior,Islamabad,2024-09-12,O5364,2024-06-19,Burger King,Burger,Chinese,3,329.48,Card,10,2025-01-10,71,Active,2,2024-12-20,Cancelled,988.44
C1806,Female,Senior,Lahore,2024-10-26,O5806,2024-06-19,KFC,Burger,Fast Food,1,709.62,Card,26,2024-11-19,341,Inactive,5,2025-07-01,Delivered,709.62
C5931,Female,Adult,Multan,2024-08-06,O9931,2024-06-19,KFC,Burger,Fast Food,2,1002.9,Card,7,2025-02-26,57,Active,2,2024-08-28,Cancelled,2005.8
C6644,Female,Senior,Peshawar,2023-09-18,O10644,2024-06-20,Burger King,Sandwich,Italian,1,1247.78,Cash,34,2025-04-07,392,Inactive,2,2025-03-04,Cancelled,1247.78
C3551,Male,Adult,Peshawar,2024-10-27,O7551,2024-06-20,Burger King,Sandwich,Fast Food,2,791.18,Cash,10,2025-01-10,229,Inactive,5,2024-12-14,Delivered,1582.36
C2614,Male,Adult,Multan,2024-02-05,O6614,2024-06-20,Subway,Fries,Dessert,4,763.48,Wallet,9,2025-01-21,473,Active,3,2024-09-03,Cancelled,3053.92
C4833,Male,Senior,Peshawar,2024-12-30,O8833,2024-06-20,Burger King,Burger,Chinese,5,1430.31,Card,37,2025-06-02,234,Active,4,2024-09-24,Delayed,7151.55
C4413,Female,Adult,Karachi,2025-08-07,O8413,2024-06-20,Subway,Burger,Dessert,4,595.96,Card,39,2025-08-11,2,Inactive,2,2024-11-20,Delivered,2383.84
C1166,Other,Teenager,Peshawar,2025-02-10,O5166,2024-06-20,KFC,Pasta,Fast Food,1,1058.61,Cash,11,2025-06-15,389,Active,1,2024-12-31,Delivered,1058.61
C5743,Male,Adult,Lahore,2025-03-03,O9743,2024-06-21,Subway,Burger,Chinese,5,317.4,Card,47,2025-08-04,500,Active,4,2025-06-03,Delivered,1587.0
C4291,Male,Teenager,Karachi,2024-09-25,O8291,2024-06-21,McDonald's,Pizza,Continental,2,843.83,Card,6,2025-02-26,131,Active,4,2025-04-02,Delivered,1687.66
C2591,Male,Senior,Peshawar,2024-06-17,O6591,2024-06-21,McDonald's,Burger,Italian,3,981.66,Card,46,2024-11-11,173,Active,5,2024-09-27,Cancelled,2944.98
C5694,Female,Adult,Lahore,2024-10-11,O9694,2024-06-21,Pizza Hut,Fries,Continental,5,1209.11,Cash,13,2024-12-08,108,Inactive,2,2025-06-08,Cancelled,6045.55
C6048,Female,Teenager,Multan,2024-03-10,O10048,2024-06-21,McDonald's,Fries,Dessert,5,655.51,Card,42,2024-11-11,298,Active,1,2025-01-05,Delayed,3277.55
C5862,Female,Adult,Multan,2025-01-26,O9862,2024-06-21,Pizza Hut,Fries,Italian,5,836.99,Wallet,22,2025-02-04,58,Inactive,5,2024-10-24,Cancelled,4184.95
C6260,Other,Senior,Peshawar,2025-05-16,O10260,2024-06-21,Pizza Hut,Sandwich,Chinese,4,1312.16,Cash,6,2025-05-29,361,Active,3,2025-07-29,Cancelled,5248.64
C2459,Female,Teenager,Peshawar,2024-10-18,O6459,2024-06-21,KFC,Sandwich,Continental,2,1116.62,Card,3,2024-11-19,82,Active,3,2024-10-12,Cancelled,2233.24
C5900,Other,Senior,Multan,2024-08-16,O9900,2024-06-21,Burger King,Pizza,Fast Food,1,1464.16,Card,2,2025-05-03,340,Inactive,5,2024-12-01,Delivered,1464.16
C5309,Male,Adult,Peshawar,2024-01-23,O9309,2024-06-21,Pizza Hut,Pizza,Italian,3,359.45,Card,30,2025-04-25,155,Inactive,2,2024-10-29,Delayed,1078.35
C3251,Male,Adult,Islamabad,2024-09-30,O7251,2024-06-22,Subway,Sandwich,Italian,3,729.12,Cash,5,2025-01-12,216,Active,5,2025-01-13,Delivered,2187.36
C4974,Male,Teenager,Lahore,2025-03-26,O8974,2024-06-22,Burger King,Fries,Chinese,5,239.51,Cash,47,2025-04-13,487,Active,2,2024-11-08,Delivered,1197.55
C6050,Male,Adult,Karachi,2024-09-19,O10050,2024-06-22,Pizza Hut,Burger,Italian,1,377.81,Cash,47,2024-11-28,290,Inactive,4,2024-09-01,Cancelled,377.81
C2577,Other,Senior,Multan,2024-08-02,O6577,2024-06-22,Subway,Pizza,Chinese,1,1043.0,Card,25,2025-07-09,214,Active,5,2025-01-08,Delayed,1043.0
C5365,Male,Senior,Islamabad,2024-04-18,O9365,2024-06-22,Pizza Hut,Pasta,Chinese,3,1449.87,Wallet,43,2025-02-26,189,Active,2,2024-10-03,Delivered,4349.61
C2279,Female,Teenager,Lahore,2024-09-28,O6279,2024-06-22,McDonald's,Sandwich,Italian,1,1161.05,Cash,22,2025-05-22,158,Inactive,4,2024-08-25,Cancelled,1161.05
C2164,Male,Senior,Lahore,2024-07-25,O6164,2024-06-22,Subway,Pasta,Continental,4,1147.06,Card,8,2024-12-28,482,Active,1,2024-11-30,Delayed,4588.24
C2012,Male,Teenager,Islamabad,2023-09-02,O6012,2024-06-22,Subway,Pasta,Chinese,5,1098.22,Card,22,2025-04-08,5,Active,1,2025-06-10,Cancelled,5491.1
C5065,Other,Teenager,Karachi,2025-05-20,O9065,2024-06-22,Burger King,Fries,Chinese,2,433.5,Cash,43,2025-07-31,28,Inactive,1,2025-02-25,Delivered,867.0
C5485,Male,Teenager,Lahore,2025-01-21,O9485,2024-06-22,Subway,Fries,Continental,4,121.44,Cash,48,2025-03-04,431,Inactive,1,2025-01-19,Cancelled,485.76
C5769,Female,Senior,Multan,2024-10-08,O9769,2024-06-22,Pizza Hut,Pasta,Dessert,4,665.96,Cash,33,2024-11-16,40,Inactive,5,2025-04-11,Cancelled,2663.84
C3167,Other,Senior,Multan,2024-10-18,O7167,2024-06-22,McDonald's,Pizza,Fast Food,4,452.06,Wallet,14,2025-04-28,416,Active,4,2024-10-16,Delivered,1808.24
C5349,Other,Senior,Karachi,2024-10-09,O9349,2024-06-23,Subway,Burger,Continental,1,1042.35,Wallet,50,2025-03-01,189,Active,2,2024-09-21,Cancelled,1042.35
C6857,Other,Senior,Peshawar,2023-10-21,O10857,2024-06-23,Burger King,Pasta,Italian,3,642.1,Wallet,27,2025-01-07,471,Inactive,3,2025-04-29,Cancelled,1926.3
C2060,Other,Adult,Karachi,2024-07-04,O6060,2024-06-23,Burger King,Pizza,Fast Food,1,1217.29,Cash,44,2025-06-09,99,Active,4,2024-08-25,Cancelled,1217.29
C3619,Female,Senior,Karachi,2023-12-24,O7619,2024-06-23,McDonald's,Burger,Continental,3,959.58,Wallet,46,2025-04-18,120,Active,1,2025-02-24,Cancelled,2878.74
C4125,Male,Teenager,Lahore,2024-11-08,O8125,2024-06-23,McDonald's,Pizza,Chinese,5,138.81,Card,25,2025-02-20,72,Inactive,2,2025-01-31,Cancelled,694.05
C4295,Other,Adult,Lahore,2023-12-21,O8295,2024-06-24,Pizza Hut,Sandwich,Italian,5,232.89,Wallet,9,2025-05-03,108,Inactive,5,2024-10-23,Delivered,1164.45
C5925,Male,Teenager,Multan,2024-11-18,O9925,2024-06-24,KFC,Sandwich,Fast Food,3,708.48,Wallet,42,2025-06-12,207,Active,3,2024-10-24,Delayed,2125.44
C3525,Male,Teenager,Peshawar,2023-10-10,O7525,2024-06-24,Subway,Pizza,Chinese,3,980.96,Wallet,41,2025-04-21,84,Inactive,3,2025-05-03,Cancelled,2942.88
C3617,Other,Adult,Karachi,2025-05-13,O7617,2024-06-24,Burger King,Fries,Dessert,5,683.33,Card,10,2025-08-08,52,Inactive,5,2025-07-12,Delayed,3416.65
C4537,Female,Adult,Karachi,2024-09-14,O8537,2024-06-25,Subway,Pizza,Continental,1,642.39,Card,17,2025-05-31,347,Inactive,2,2024-08-31,Cancelled,642.39
C4886,Other,Teenager,Islamabad,2024-01-14,O8886,2024-06-25,Pizza Hut,Pasta,Chinese,5,1173.65,Wallet,3,2025-01-13,260,Active,1,2025-06-10,Delayed,5868.25
C4126,Male,Adult,Karachi,2024-08-20,O8126,2024-06-25,McDonald's,Sandwich,Italian,5,1149.15,Wallet,49,2024-10-25,275,Active,1,2024-11-06,Delivered,5745.75
C1964,Female,Senior,Lahore,2024-07-15,O5964,2024-06-25,Burger King,Sandwich,Chinese,3,840.71,Cash,19,2025-05-01,315,Inactive,2,2025-04-19,Delivered,2522.13
C5252,Female,Teenager,Lahore,2024-05-17,O9252,2024-06-25,KFC,Sandwich,Dessert,3,972.47,Card,21,2024-09-25,449,Inactive,1,2024-10-26,Cancelled,2917.41
C2712,Female,Teenager,Multan,2024-12-29,O6712,2024-06-25,Pizza Hut,Pasta,Dessert,2,1327.16,Cash,33,2025-03-02,44,Inactive,1,2024-11-07,Delayed,2654.32
C4070,Female,Senior,Karachi,2024-08-13,O8070,2024-06-25,Pizza Hut,Sandwich,Fast Food,5,1112.14,Wallet,4,2024-10-20,131,Inactive,3,2025-08-14,Cancelled,5560.7
C2764,Female,Senior,Karachi,2023-09-10,O6764,2024-06-25,Subway,Pizza,Fast Food,1,749.06,Cash,36,2024-09-23,310,Inactive,1,2025-02-16,Delivered,749.06
C3202,Other,Teenager,Lahore,2024-09-23,O7202,2024-06-25,Subway,Burger,Fast Food,1,175.77,Wallet,17,2024-12-04,421,Active,2,2025-05-12,Delivered,175.77
C5896,Other,Senior,Islamabad,2025-02-24,O9896,2024-06-26,Burger King,Fries,Chinese,3,937.27,Cash,13,2025-07-04,335,Inactive,1,2024-10-11,Delayed,2811.81
C2787,Other,Senior,Islamabad,2024-05-07,O6787,2024-06-26,McDonald's,Pizza,Chinese,3,1268.03,Wallet,15,2025-07-25,170,Inactive,3,2024-09-04,Delivered,3804.09
C1105,Male,Teenager,Karachi,2024-10-11,O5105,2024-06-26,KFC,Sandwich,Italian,3,1146.47,Cash,18,2025-01-05,410,Active,1,2024-08-21,Delivered,3439.41
C6153,Male,Teenager,Karachi,2025-02-15,O10153,2024-06-26,Pizza Hut,Burger,Dessert,3,1403.0,Card,23,2025-03-11,400,Inactive,1,2025-01-29,Delivered,4209.0
C4523,Male,Senior,Peshawar,2023-11-22,O8523,2024-06-26,Burger King,Fries,Dessert,4,697.48,Card,20,2025-01-07,387,Inactive,3,2025-02-26,Cancelled,2789.92
C4095,Male,Teenager,Multan,2024-12-08,O8095,2024-06-26,Subway,Pizza,Fast Food,1,365.32,Card,6,2025-03-14,316,Active,1,2025-02-16,Delivered,365.32
C6418,Male,Teenager,Multan,2023-12-04,O10418,2024-06-26,Subway,Fries,Dessert,2,1325.06,Card,4,2025-04-18,408,Inactive,5,2025-07-12,Delivered,2650.12
C2129,Male,Senior,Multan,2025-02-08,O6129,2024-06-27,Pizza Hut,Pasta,Italian,5,1166.23,Wallet,30,2025-06-10,75,Active,1,2025-07-17,Cancelled,5831.15
C6088,Female,Senior,Lahore,2024-10-17,O10088,2024-06-27,Pizza Hut,Burger,Continental,3,944.51,Cash,46,2025-07-18,23,Active,3,2025-06-07,Delayed,2833.53
C3934,Other,Teenager,Islamabad,2024-10-31,O7934,2024-06-27,KFC,Pasta,Dessert,2,1193.21,Cash,16,2025-03-30,480,Inactive,4,2025-04-16,Delivered,2386.42
C4927,Female,Senior,Multan,2024-02-29,O8927,2024-06-27,McDonald's,Sandwich,Italian,3,1010.54,Wallet,1,2025-03-22,459,Inactive,5,2025-05-23,Delayed,3031.62
C5846,Female,Teenager,Islamabad,2024-01-25,O9846,2024-06-27,Pizza Hut,Fries,Dessert,2,1327.19,Cash,19,2025-07-24,244,Inactive,4,2024-08-27,Delayed,2654.38
C1468,Male,Adult,Lahore,2024-11-06,O5468,2024-06-27,McDonald's,Sandwich,Italian,4,552.65,Cash,39,2024-12-06,381,Inactive,5,2025-04-15,Cancelled,2210.6
C5438,Female,Teenager,Lahore,2024-06-02,O9438,2024-06-27,McDonald's,Sandwich,Fast Food,5,466.66,Card,12,2024-10-19,51,Inactive,4,2024-10-22,Cancelled,2333.3
C4643,Male,Adult,Islamabad,2024-09-12,O8643,2024-06-27,Subway,Pasta,Italian,4,790.75,Wallet,24,2024-12-06,90,Active,5,2024-12-18,Cancelled,3163.0
C2823,Other,Senior,Islamabad,2024-05-02,O6823,2024-06-27,KFC,Fries,Continental,2,184.05,Cash,21,2024-12-24,383,Active,4,2025-06-27,Cancelled,368.1
C4057,Male,Teenager,Lahore,2024-06-28,O8057,2024-06-27,Burger King,Pizza,Italian,3,246.39,Cash,41,2025-08-12,499,Inactive,5,2024-10-27,Delayed,739.17
C2338,Other,Adult,Islamabad,2024-06-28,O6338,2024-06-27,KFC,Pizza,Fast Food,5,1351.41,Cash,43,2025-01-28,86,Inactive,1,2024-09-28,Cancelled,6757.05
C5592,Male,Adult,Lahore,2024-01-30,O9592,2024-06-27,Burger King,Pizza,Fast Food,3,124.47,Card,35,2024-10-20,265,Active,2,2024-10-01,Delivered,373.41
C6815,Other,Teenager,Peshawar,2025-02-02,O10815,2024-06-28,Subway,Pizza,Dessert,1,1251.8,Cash,39,2025-03-30,210,Active,4,2025-05-10,Delayed,1251.8
C5693,Male,Senior,Islamabad,2024-01-05,O9693,2024-06-28,Burger King,Burger,Chinese,5,446.91,Card,42,2024-12-26,145,Inactive,5,2025-01-13,Delayed,2234.55
C3585,Female,Senior,Peshawar,2024-11-05,O7585,2024-06-28,Pizza Hut,Fries,Dessert,1,228.7,Card,49,2025-04-24,103,Inactive,4,2024-09-08,Cancelled,228.7
C6139,Other,Teenager,Islamabad,2025-04-17,O10139,2024-06-28,Subway,Sandwich,Continental,2,1310.64,Cash,41,2025-07-12,42,Active,5,2025-01-12,Cancelled,2621.28
C5177,Female,Adult,Multan,2024-02-22,O9177,2024-06-28,Pizza Hut,Pasta,Continental,4,382.92,Cash,22,2025-08-02,386,Inactive,5,2024-12-25,Delayed,1531.68
C5913,Female,Senior,Multan,2023-12-20,O9913,2024-06-28,Subway,Fries,Continental,2,435.3,Cash,38,2025-07-21,291,Inactive,3,2025-03-14,Cancelled,870.6
C4088,Male,Senior,Multan,2024-12-21,O8088,2024-06-28,Pizza Hut,Fries,Continental,2,1099.75,Cash,28,2025-06-10,6,Inactive,1,2025-06-26,Delivered,2199.5
C4919,Male,Senior,Karachi,2025-02-13,O8919,2024-06-29,McDonald's,Sandwich,Italian,5,1480.35,Cash,37,2025-06-10,388,Inactive,4,2024-09-11,Delivered,7401.75
C2741,Female,Teenager,Karachi,2024-10-23,O6741,2024-06-29,KFC,Pasta,Dessert,1,273.8,Wallet,31,2025-03-05,234,Inactive,2,2025-06-18,Delivered,273.8
C2687,Female,Teenager,Peshawar,2025-02-14,O6687,2024-06-29,Pizza Hut,Fries,Chinese,5,994.33,Cash,44,2025-03-10,44,Active,4,2025-06-14,Delivered,4971.65
C2962,Other,Teenager,Islamabad,2024-10-02,O6962,2024-06-29,Subway,Pizza,Italian,1,430.38,Cash,5,2025-03-07,92,Inactive,4,2024-10-28,Delayed,430.38
C5917,Male,Adult,Multan,2024-02-21,O9917,2024-06-29,Pizza Hut,Pizza,Fast Food,2,926.49,Cash,41,2025-04-16,333,Active,3,2025-04-19,Delivered,1852.98
C4596,Male,Teenager,Multan,2024-10-21,O8596,2024-06-29,KFC,Fries,Chinese,2,928.95,Card,36,2024-12-03,389,Inactive,2,2024-08-28,Delivered,1857.9
C5156,Female,Senior,Multan,2024-11-19,O9156,2024-06-29,McDonald's,Burger,Continental,5,1046.93,Card,34,2025-08-04,409,Inactive,4,2024-10-16,Delivered,5234.65
C3549,Female,Senior,Karachi,2024-08-24,O7549,2024-06-29,McDonald's,Pasta,Continental,2,997.38,Card,30,2025-03-31,121,Active,4,2025-02-06,Delivered,1994.76
C3955,Male,Senior,Karachi,2024-03-04,O7955,2024-06-29,McDonald's,Fries,Fast Food,2,863.79,Wallet,16,2024-12-05,481,Inactive,5,2024-12-14,Delayed,1727.58
C1438,Female,Adult,Karachi,2025-01-26,O5438,2024-06-30,Pizza Hut,Fries,Continental,4,1006.22,Wallet,8,2025-01-27,444,Inactive,1,2024-10-07,Delivered,4024.88
C5255,Female,Teenager,Karachi,2024-05-31,O9255,2024-06-30,KFC,Fries,Dessert,1,360.8,Cash,17,2025-04-25,436,Active,1,2025-04-06,Cancelled,360.8
C4087,Male,Adult,Islamabad,2024-03-26,O8087,2024-06-30,McDonald's,Sandwich,Dessert,5,1483.62,Cash,19,2024-11-03,472,Active,1,2025-03-05,Delivered,7418.1
C4765,Male,Senior,Karachi,2024-12-06,O8765,2024-06-30,Pizza Hut,Sandwich,Fast Food,4,192.44,Card,44,2025-03-26,21,Active,4,2025-02-09,Delivered,769.76
C3235,Other,Adult,Islamabad,2024-10-28,O7235,2024-06-30,Subway,Burger,Continental,3,598.67,Card,7,2024-11-23,103,Active,4,2025-01-25,Delivered,1796.01
C2979,Other,Senior,Islamabad,2025-03-31,O6979,2024-06-30,Pizza Hut,Pizza,Dessert,4,1060.9,Card,14,2025-06-22,99,Active,3,2024-12-30,Delayed,4243.6
C4025,Male,Teenager,Lahore,2024-12-16,O8025,2024-06-30,Pizza Hut,Pizza,Dessert,5,1433.77,Card,48,2025-08-09,59,Inactive,1,2025-08-13,Delivered,7168.85
C5546,Female,Teenager,Islamabad,2024-08-22,O9546,2024-06-30,McDonald's,Pasta,Italian,2,739.14,Wallet,48,2025-07-02,259,Inactive,4,2024-09-07,Cancelled,1478.28
C4260,Other,Teenager,Islamabad,2024-06-06,O8260,2024-06-30,McDonald's,Sandwich,Continental,3,185.06,Card,21,2024-11-06,110,Active,4,2025-07-26,Delayed,555.18
C1762,Other,Adult,Islamabad,2024-01-03,O5762,2024-07-01,McDonald's,Burger,Chinese,5,320.54,Cash,8,2025-03-15,456,Active,4,2024-11-13,Cancelled,1602.7
C6064,Male,Adult,Lahore,2024-12-14,O10064,2024-07-01,McDonald's,Pizza,Continental,2,1198.59,Wallet,38,2025-02-11,338,Active,2,2024-10-12,Delivered,2397.18
C4144,Female,Adult,Islamabad,2024-12-14,O8144,2024-07-01,Burger King,Sandwich,Dessert,2,497.42,Wallet,15,2025-05-27,455,Inactive,3,2024-12-05,Delivered,994.84
C6442,Other,Senior,Karachi,2023-11-12,O10442,2024-07-01,KFC,Fries,Dessert,1,1284.43,Wallet,38,2025-03-08,50,Inactive,4,2025-01-20,Cancelled,1284.43
C3713,Other,Senior,Peshawar,2024-02-24,O7713,2024-07-01,Subway,Burger,Continental,5,519.16,Wallet,11,2024-12-06,328,Inactive,5,2025-08-08,Cancelled,2595.8
C2632,Female,Senior,Multan,2024-11-27,O6632,2024-07-01,Pizza Hut,Sandwich,Italian,1,1218.3,Cash,2,2025-01-22,58,Inactive,5,2024-09-09,Cancelled,1218.3
C4477,Other,Teenager,Peshawar,2024-01-28,O8477,2024-07-02,McDonald's,Pasta,Dessert,1,1105.59,Wallet,42,2025-06-29,365,Active,3,2024-12-22,Delayed,1105.59
C4450,Other,Teenager,Lahore,2024-10-24,O8450,2024-07-02,Pizza Hut,Pasta,Italian,3,1241.88,Wallet,10,2025-04-02,312,Active,3,2025-02-08,Cancelled,3725.64
C4815,Female,Adult,Lahore,2024-05-01,O8815,2024-07-02,Subway,Pizza,Italian,2,589.64,Wallet,19,2024-10-05,17,Inactive,1,2025-01-14,Cancelled,1179.28
C3476,Male,Teenager,Lahore,2024-12-26,O7476,2024-07-02,Subway,Pasta,Fast Food,5,156.11,Cash,23,2025-03-25,383,Active,5,2024-11-21,Cancelled,780.55
C1308,Male,Senior,Multan,2024-09-07,O5308,2024-07-02,McDonald's,Fries,Italian,3,1433.7,Wallet,36,2025-02-28,235,Active,2,2024-09-27,Delivered,4301.1
C6645,Male,Senior,Multan,2025-03-28,O10645,2024-07-03,McDonald's,Pasta,Continental,3,1372.9,Cash,45,2025-07-19,180,Active,4,2025-03-04,Cancelled,4118.7
C5666,Other,Senior,Islamabad,2024-10-27,O9666,2024-07-03,Burger King,Sandwich,Chinese,5,1166.97,Card,22,2025-01-26,462,Inactive,4,2024-11-20,Cancelled,5834.85
C1248,Male,Adult,Lahore,2024-06-06,O5248,2024-07-03,KFC,Pizza,Italian,3,125.97,Card,21,2025-07-25,182,Active,2,2024-08-24,Delayed,377.91
C6272,Other,Teenager,Peshawar,2025-04-27,O10272,2024-07-03,McDonald's,Sandwich,Dessert,5,1444.62,Wallet,13,2025-07-14,354,Active,2,2025-08-17,Delayed,7223.1
C6264,Female,Senior,Lahore,2024-08-30,O10264,2024-07-03,Burger King,Sandwich,Italian,5,210.29,Card,12,2025-08-13,293,Active,1,2025-02-07,Delayed,1051.45
C3031,Female,Adult,Islamabad,2024-11-21,O7031,2024-07-03,Burger King,Pasta,Fast Food,1,138.29,Card,38,2025-01-14,170,Active,2,2025-03-09,Delayed,138.29
C2865,Other,Senior,Peshawar,2024-08-14,O6865,2024-07-03,KFC,Pizza,Continental,3,180.93,Card,5,2025-05-24,393,Inactive,5,2024-10-30,Delivered,542.79
C1204,Female,Teenager,Lahore,2023-10-28,O5204,2024-07-03,Burger King,Burger,Continental,5,882.53,Card,20,2024-12-25,268,Inactive,4,2025-06-28,Delayed,4412.65
C1134,Female,Adult,Karachi,2023-12-30,O5134,2024-07-03,Subway,Burger,Dessert,5,496.55,Card,14,2024-11-19,322,Active,5,2024-09-15,Cancelled,2482.75
C1550,Male,Adult,Lahore,2024-11-14,O5550,2024-07-04,Pizza Hut,Sandwich,Chinese,2,1417.56,Card,16,2025-04-20,267,Active,5,2025-06-22,Delayed,2835.12
C2126,Female,Teenager,Islamabad,2024-10-25,O6126,2024-07-04,KFC,Fries,Italian,5,315.06,Card,27,2025-06-05,402,Inactive,2,2024-09-07,Cancelled,1575.3
C3762,Male,Teenager,Islamabad,2023-12-05,O7762,2024-07-04,Subway,Burger,Continental,3,803.81,Card,1,2024-11-29,332,Active,2,2025-01-18,Cancelled,2411.43
C5103,Female,Adult,Lahore,2025-02-19,O9103,2024-07-04,KFC,Sandwich,Continental,2,1435.77,Wallet,7,2025-07-02,226,Active,2,2024-09-23,Cancelled,2871.54
C6456,Female,Teenager,Peshawar,2024-09-05,O10456,2024-07-04,KFC,Sandwich,Chinese,4,1075.81,Card,9,2025-02-27,332,Inactive,5,2024-11-08,Delivered,4303.24
C6613,Female,Senior,Karachi,2025-03-24,O10613,2024-07-04,McDonald's,Sandwich,Fast Food,3,1104.1,Wallet,9,2025-07-10,390,Active,2,2024-12-21,Cancelled,3312.3
C6370,Female,Teenager,Multan,2024-08-08,O10370,2024-07-04,Subway,Sandwich,Continental,2,778.26,Card,6,2025-08-19,172,Active,3,2025-08-11,Delayed,1556.52
C1868,Other,Senior,Islamabad,2025-02-07,O5868,2024-07-05,KFC,Sandwich,Continental,2,354.83,Wallet,46,2025-03-24,483,Inactive,4,2025-01-19,Cancelled,709.66
C6309,Male,Senior,Karachi,2024-09-24,O10309,2024-07-05,Subway,Pasta,Dessert,3,1321.32,Cash,1,2024-12-05,11,Active,3,2025-04-08,Delayed,3963.96
C6957,Other,Senior,Multan,2024-08-15,O10957,2024-07-05,Burger King,Pizza,Italian,4,582.12,Card,12,2024-09-02,258,Inactive,1,2025-05-03,Delayed,2328.48
C2233,Other,Teenager,Karachi,2024-10-02,O6233,2024-07-05,Pizza Hut,Pasta,Dessert,1,890.79,Card,14,2025-07-22,326,Inactive,2,2025-07-18,Delayed,890.79
C6096,Male,Senior,Peshawar,2025-03-22,O10096,2024-07-05,McDonald's,Pasta,Fast Food,5,1167.6,Wallet,42,2025-03-28,136,Active,4,2024-10-09,Delayed,5838.0
C1808,Male,Senior,Islamabad,2024-01-26,O5808,2024-07-05,Pizza Hut,Burger,Dessert,5,1387.61,Card,10,2025-04-16,149,Inactive,5,2024-08-29,Delayed,6938.05
C5392,Male,Teenager,Multan,2024-06-15,O9392,2024-07-05,KFC,Pizza,Chinese,5,863.27,Cash,1,2025-05-30,416,Active,2,2024-08-22,Delivered,4316.35
C3460,Other,Teenager,Lahore,2024-09-16,O7460,2024-07-05,Subway,Burger,Italian,3,118.38,Card,5,2024-10-06,199,Inactive,1,2024-11-09,Cancelled,355.14
C6947,Female,Adult,Peshawar,2024-03-07,O10947,2024-07-06,McDonald's,Pizza,Chinese,4,749.9,Card,17,2025-03-09,189,Inactive,3,2025-08-19,Delayed,2999.6
C5742,Female,Teenager,Lahore,2025-01-21,O9742,2024-07-06,Burger King,Pasta,Continental,2,671.25,Cash,34,2025-04-20,247,Active,1,2024-10-07,Cancelled,1342.5
C6881,Other,Senior,Karachi,2024-05-31,O10881,2024-07-06,KFC,Pizza,Italian,5,874.38,Cash,36,2025-06-18,60,Inactive,4,2025-01-18,Cancelled,4371.9
C4580,Male,Senior,Multan,2025-03-25,O8580,2024-07-06,Subway,Burger,Chinese,4,1188.71,Cash,12,2025-07-03,131,Inactive,1,2025-04-04,Delivered,4754.84
C6275,Female,Senior,Karachi,2025-02-04,O10275,2024-07-06,Burger King,Sandwich,Continental,1,1407.87,Cash,11,2025-07-05,130,Active,5,2024-09-22,Delivered,1407.87
C3500,Other,Adult,Karachi,2024-02-16,O7500,2024-07-06,Pizza Hut,Burger,Italian,3,961.41,Cash,15,2024-12-23,29,Inactive,5,2025-04-14,Delivered,2884.23
C1855,Female,Senior,Lahore,2025-01-12,O5855,2024-07-06,Burger King,Fries,Chinese,5,917.35,Cash,50,2025-04-14,271,Inactive,4,2024-10-31,Delivered,4586.75
C6132,Female,Teenager,Karachi,2024-01-10,O10132,2024-07-06,Burger King,Sandwich,Chinese,1,901.55,Cash,10,2024-09-29,72,Inactive,2,2025-08-19,Delayed,901.55
C4661,Other,Teenager,Multan,2024-05-22,O8661,2024-07-06,Burger King,Sandwich,Dessert,3,172.41,Wallet,26,2025-04-10,313,Inactive,1,2025-08-02,Delayed,517.23
C4180,Female,Adult,Multan,2023-09-19,O8180,2024-07-07,McDonald's,Burger,Continental,1,1180.57,Cash,27,2025-04-30,248,Active,4,2025-06-20,Delayed,1180.57
C6257,Other,Teenager,Multan,2024-11-16,O10257,2024-07-07,Subway,Pizza,Dessert,2,422.34,Wallet,4,2025-07-08,124,Active,4,2025-04-03,Cancelled,844.68
C4454,Other,Teenager,Karachi,2024-04-02,O8454,2024-07-07,Pizza Hut,Pasta,Chinese,3,991.61,Wallet,15,2025-02-15,239,Inactive,4,2025-01-25,Delayed,2974.83
C2106,Male,Senior,Lahore,2024-08-28,O6106,2024-07-07,KFC,Pizza,Chinese,2,338.73,Wallet,50,2025-07-01,465,Inactive,3,2025-04-02,Delayed,677.46
C1002,Other,Senior,Islamabad,2024-06-01,O5002,2024-07-08,Pizza Hut,Fries,Dessert,3,1452.54,Card,46,2025-07-12,489,Active,4,2025-03-30,Delayed,4357.62
C6090,Female,Senior,Lahore,2024-12-22,O10090,2024-07-08,Subway,Burger,Fast Food,3,573.35,Cash,32,2025-04-22,305,Inactive,1,2025-04-18,Delivered,1720.05
C1465,Other,Adult,Karachi,2025-05-30,O5465,2024-07-08,Burger King,Pizza,Dessert,4,630.02,Card,33,2025-06-12,98,Active,2,2024-11-24,Delayed,2520.08
C4784,Other,Senior,Lahore,2024-10-20,O8784,2024-07-08,Pizza Hut,Fries,Chinese,4,744.24,Card,22,2025-03-04,471,Inactive,1,2025-05-16,Delayed,2976.96
C3454,Other,Teenager,Multan,2024-02-20,O7454,2024-07-08,Pizza Hut,Pasta,Chinese,4,980.7,Wallet,21,2025-04-04,188,Inactive,5,2025-07-29,Cancelled,3922.8
C5359,Male,Teenager,Lahore,2023-09-16,O9359,2024-07-08,KFC,Sandwich,Fast Food,2,833.96,Card,39,2025-04-04,392,Inactive,3,2024-09-25,Cancelled,1667.92
C3488,Female,Teenager,Islamabad,2024-11-28,O7488,2024-07-08,Subway,Burger,Chinese,2,591.01,Cash,8,2025-05-05,411,Active,3,2025-06-24,Delivered,1182.02
C3064,Female,Adult,Multan,2023-09-17,O7064,2024-07-08,McDonald's,Fries,Continental,2,1377.81,Card,36,2025-08-13,321,Inactive,5,2025-04-18,Cancelled,2755.62
C5341,Other,Adult,Karachi,2025-01-07,O9341,2024-07-08,Pizza Hut,Pasta,Italian,1,1290.26,Wallet,6,2025-01-22,328,Active,1,2025-04-23,Cancelled,1290.26
C4435,Other,Adult,Lahore,2024-10-17,O8435,2024-07-08,McDonald's,Burger,Dessert,3,1087.84,Card,5,2024-11-19,183,Active,2,2024-11-23,Delayed,3263.52
C5457,Other,Teenager,Islamabad,2024-12-12,O9457,2024-07-08,McDonald's,Pizza,Dessert,2,1055.86,Card,28,2024-12-27,341,Inactive,3,2025-06-12,Delayed,2111.72
C3294,Female,Adult,Islamabad,2024-06-13,O7294,2024-07-08,Pizza Hut,Sandwich,Dessert,3,651.18,Wallet,42,2025-06-14,314,Active,2,2024-10-04,Cancelled,1953.54
C6944,Male,Adult,Islamabad,2024-12-16,O10944,2024-07-08,Pizza Hut,Pizza,Dessert,3,946.13,Cash,16,2025-03-31,155,Active,5,2025-03-17,Delivered,2838.39
C2705,Other,Adult,Lahore,2024-04-26,O6705,2024-07-08,KFC,Pasta,Chinese,2,1050.61,Cash,14,2025-01-14,89,Inactive,3,2025-05-02,Delivered,2101.22
C3954,Male,Teenager,Karachi,2024-08-01,O7954,2024-07-08,Burger King,Sandwich,Dessert,3,1200.07,Card,45,2025-04-29,287,Active,3,2024-10-13,Delayed,3600.21
C4645,Male,Senior,Lahore,2024-08-01,O8645,2024-07-08,KFC,Fries,Italian,4,1430.06,Wallet,24,2025-03-18,130,Inactive,2,2025-07-07,Cancelled,5720.24
C6601,Other,Senior,Peshawar,2024-05-04,O10601,2024-07-09,KFC,Pasta,Continental,5,185.2,Card,2,2025-03-15,95,Inactive,1,2024-10-08,Delivered,926.0
C3780,Female,Adult,Lahore,2024-01-13,O7780,2024-07-09,McDonald's,Fries,Fast Food,3,307.3,Wallet,2,2025-03-01,327,Inactive,3,2025-08-06,Cancelled,921.9
C3861,Male,Adult,Islamabad,2024-01-16,O7861,2024-07-09,Subway,Pizza,Italian,5,966.35,Card,3,2025-05-18,12,Inactive,5,2024-11-28,Delivered,4831.75
C4576,Other,Teenager,Multan,2024-01-16,O8576,2024-07-09,McDonald's,Burger,Fast Food,2,1278.81,Card,18,2024-08-23,438,Active,1,2025-05-03,Cancelled,2557.62
C6909,Male,Adult,Peshawar,2024-06-25,O10909,2024-07-09,KFC,Burger,Dessert,5,993.87,Cash,31,2025-06-13,259,Active,2,2024-11-23,Delivered,4969.35
C4175,Other,Teenager,Islamabad,2024-10-28,O8175,2024-07-10,Pizza Hut,Burger,Chinese,5,234.35,Cash,34,2025-02-11,217,Active,1,2025-01-30,Delayed,1171.75
C4830,Male,Teenager,Islamabad,2024-11-12,O8830,2024-07-10,Burger King,Sandwich,Continental,5,1208.78,Card,40,2025-05-08,305,Active,2,2024-12-09,Cancelled,6043.9
C3814,Female,Teenager,Multan,2024-03-05,O7814,2024-07-10,McDonald's,Pizza,Italian,1,486.95,Card,45,2025-07-24,8,Inactive,3,2024-10-11,Delayed,486.95
C6032,Male,Senior,Islamabad,2024-09-02,O10032,2024-07-10,Subway,Fries,Chinese,3,361.93,Wallet,40,2025-02-12,161,Active,2,2025-01-02,Cancelled,1085.79
C6094,Other,Senior,Multan,2024-10-03,O10094,2024-07-10,Pizza Hut,Burger,Fast Food,2,219.56,Card,3,2025-02-28,52,Active,2,2025-02-04,Delivered,439.12
C1817,Female,Senior,Lahore,2024-03-13,O5817,2024-07-10,McDonald's,Fries,Chinese,1,1158.5,Wallet,39,2024-10-28,43,Inactive,1,2024-10-30,Delivered,1158.5
C2945,Other,Adult,Lahore,2024-06-12,O6945,2024-07-11,Pizza Hut,Fries,Continental,1,1277.76,Cash,29,2025-01-10,90,Active,5,2025-03-29,Cancelled,1277.76
C4813,Male,Adult,Karachi,2025-02-09,O8813,2024-07-11,Burger King,Fries,Fast Food,1,153.8,Card,50,2025-06-24,459,Active,5,2025-06-14,Delivered,153.8
C6585,Female,Teenager,Islamabad,2024-02-02,O10585,2024-07-11,Pizza Hut,Burger,Italian,5,668.77,Cash,3,2025-01-19,217,Active,1,2024-10-06,Delivered,3343.85
C3486,Female,Senior,Karachi,2025-05-15,O7486,2024-07-11,Subway,Pizza,Italian,4,1030.89,Cash,12,2025-08-07,26,Active,4,2025-04-05,Delivered,4123.56
C6287,Other,Teenager,Islamabad,2025-07-14,O10287,2024-07-11,McDonald's,Pasta,Dessert,1,1147.61,Wallet,48,2025-08-02,215,Active,5,2025-08-07,Delayed,1147.61
C2232,Male,Teenager,Multan,2024-05-30,O6232,2024-07-11,KFC,Burger,Chinese,5,205.37,Card,19,2025-04-13,160,Active,1,2024-10-12,Delayed,1026.85
C4118,Other,Adult,Islamabad,2023-12-19,O8118,2024-07-11,Subway,Pasta,Fast Food,2,328.52,Card,16,2025-05-20,269,Inactive,5,2025-02-22,Delivered,657.04
C6380,Male,Teenager,Karachi,2024-12-17,O10380,2024-07-11,McDonald's,Pizza,Italian,4,1093.79,Cash,6,2025-04-13,98,Active,5,2025-08-02,Cancelled,4375.16
C4060,Female,Teenager,Peshawar,2025-04-11,O8060,2024-07-11,Subway,Fries,Continental,1,1172.68,Cash,42,2025-08-03,123,Active,2,2025-01-15,Delayed,1172.68
C5433,Female,Teenager,Multan,2024-10-14,O9433,2024-07-11,McDonald's,Burger,Dessert,3,188.09,Card,11,2025-06-21,370,Active,4,2025-03-12,Delivered,564.27
C5957,Other,Senior,Karachi,2024-06-29,O9957,2024-07-12,KFC,Pasta,Continental,3,691.42,Cash,30,2025-01-26,371,Inactive,2,2024-09-16,Delivered,2074.26
C1822,Other,Senior,Karachi,2025-02-22,O5822,2024-07-12,McDonald's,Burger,Dessert,2,1402.26,Card,22,2025-04-09,267,Active,5,2025-02-13,Cancelled,2804.52
C6917,Female,Teenager,Lahore,2024-08-24,O10917,2024-07-12,Subway,Fries,Dessert,3,408.18,Wallet,15,2025-07-26,263,Active,5,2024-09-14,Cancelled,1224.54
C2258,Female,Adult,Karachi,2025-02-12,O6258,2024-07-12,KFC,Pizza,Chinese,3,724.04,Cash,44,2025-07-04,274,Active,3,2025-05-28,Delivered,2172.12
C1133,Other,Adult,Multan,2023-09-28,O5133,2024-07-12,Pizza Hut,Pizza,Continental,1,858.52,Cash,22,2025-04-09,465,Inactive,3,2024-08-21,Cancelled,858.52
C6476,Female,Teenager,Lahore,2024-12-11,O10476,2024-07-12,Pizza Hut,Burger,Italian,1,208.8,Card,36,2024-12-17,402,Inactive,1,2025-04-30,Delivered,208.8
C6238,Other,Adult,Lahore,2024-01-16,O10238,2024-07-12,McDonald's,Sandwich,Continental,4,386.98,Wallet,19,2024-12-03,340,Active,5,2025-07-23,Delayed,1547.92
C4634,Male,Teenager,Islamabad,2024-09-30,O8634,2024-07-12,McDonald's,Sandwich,Italian,2,425.66,Wallet,2,2025-03-04,71,Active,5,2024-12-23,Delivered,851.32
C2731,Male,Senior,Peshawar,2023-12-03,O6731,2024-07-13,Burger King,Fries,Fast Food,4,421.11,Wallet,32,2024-10-04,228,Active,3,2025-07-10,Delivered,1684.44
C4693,Male,Teenager,Multan,2024-04-11,O8693,2024-07-13,Subway,Burger,Italian,1,446.59,Card,5,2024-10-11,198,Inactive,5,2025-08-11,Delivered,446.59
C4925,Male,Teenager,Lahore,2024-09-17,O8925,2024-07-13,McDonald's,Burger,Continental,3,412.99,Wallet,11,2024-12-05,35,Inactive,1,2025-05-21,Delivered,1238.97
C5489,Other,Teenager,Peshawar,2023-11-17,O9489,2024-07-13,Pizza Hut,Pasta,Continental,3,1194.55,Cash,21,2024-11-28,121,Active,1,2025-07-12,Delivered,3583.65
C2992,Female,Adult,Karachi,2024-09-07,O6992,2024-07-13,Subway,Burger,Italian,5,1433.5,Card,28,2025-03-26,224,Inactive,4,2024-09-16,Delayed,7167.5
C6587,Male,Teenager,Islamabad,2024-06-01,O10587,2024-07-13,Pizza Hut,Pasta,Chinese,5,656.75,Cash,38,2025-07-15,482,Active,2,2025-02-08,Delivered,3283.75
C4244,Male,Senior,Karachi,2024-06-13,O8244,2024-07-13,KFC,Sandwich,Fast Food,1,510.99,Card,7,2024-09-17,134,Inactive,1,2024-12-31,Cancelled,510.99
C1689,Female,Adult,Lahore,2024-12-28,O5689,2024-07-13,Subway,Fries,Continental,2,1407.39,Wallet,37,2025-07-11,296,Inactive,4,2024-10-13,Delayed,2814.78
C3286,Female,Adult,Lahore,2023-12-23,O7286,2024-07-13,Burger King,Pasta,Continental,2,477.57,Wallet,12,2024-10-07,101,Active,5,2025-07-23,Delayed,955.14
C5571,Male,Adult,Multan,2023-10-06,O9571,2024-07-13,Burger King,Fries,Chinese,2,1156.93,Wallet,35,2024-10-09,408,Inactive,5,2024-11-10,Cancelled,2313.86
C2568,Other,Adult,Karachi,2024-08-23,O6568,2024-07-14,Burger King,Pasta,Chinese,1,157.44,Cash,10,2024-10-24,196,Active,3,2025-06-19,Delivered,157.44
C5706,Male,Teenager,Islamabad,2024-08-15,O9706,2024-07-14,Subway,Sandwich,Chinese,2,650.52,Card,2,2025-06-05,422,Inactive,3,2025-01-26,Cancelled,1301.04
C3016,Male,Teenager,Karachi,2024-09-29,O7016,2024-07-14,Pizza Hut,Pizza,Chinese,5,273.52,Cash,47,2025-03-26,216,Inactive,5,2025-07-23,Delayed,1367.6
C3835,Male,Senior,Peshawar,2024-08-27,O7835,2024-07-14,Pizza Hut,Fries,Dessert,3,128.93,Cash,9,2025-02-21,242,Inactive,1,2024-11-09,Delayed,386.79
C5565,Female,Senior,Peshawar,2024-01-24,O9565,2024-07-14,Subway,Burger,Italian,2,1042.76,Cash,13,2025-07-24,185,Inactive,1,2025-04-01,Delayed,2085.52
C6074,Male,Senior,Islamabad,2025-06-12,O10074,2024-07-14,Subway,Pizza,Chinese,5,1402.08,Cash,30,2025-08-03,463,Active,5,2025-04-26,Delayed,7010.4
C4453,Other,Senior,Islamabad,2024-03-09,O8453,2024-07-14,KFC,Pasta,Chinese,3,657.65,Cash,22,2025-03-16,198,Inactive,3,2025-02-08,Delayed,1972.95
C3067,Male,Teenager,Islamabad,2023-10-29,O7067,2024-07-14,KFC,Fries,Chinese,1,213.23,Wallet,15,2024-11-15,119,Active,3,2024-12-27,Cancelled,213.23
C3860,Other,Senior,Multan,2024-04-22,O7860,2024-07-14,KFC,Pizza,Continental,4,1200.68,Wallet,26,2024-08-26,138,Active,5,2025-01-02,Delayed,4802.72
C6044,Other,Adult,Karachi,2023-10-27,O10044,2024-07-14,Subway,Pasta,Chinese,1,1123.98,Card,46,2025-05-05,198,Inactive,3,2025-07-11,Delivered,1123.98
C3841,Male,Adult,Multan,2024-10-12,O7841,2024-07-14,Subway,Pasta,Continental,5,1045.6,Wallet,8,2025-08-15,207,Active,1,2025-02-28,Delivered,5228.0
C4732,Female,Senior,Peshawar,2023-12-13,O8732,2024-07-15,Pizza Hut,Pasta,Fast Food,5,358.1,Wallet,43,2025-06-09,265,Inactive,1,2025-04-01,Delivered,1790.5
C3995,Other,Senior,Lahore,2023-12-20,O7995,2024-07-15,Burger King,Pasta,Italian,3,944.32,Card,25,2024-11-01,440,Active,1,2025-07-25,Cancelled,2832.96
C5062,Male,Teenager,Islamabad,2024-06-02,O9062,2024-07-15,KFC,Sandwich,Italian,1,1097.06,Wallet,35,2025-05-23,311,Active,4,2025-05-04,Delayed,1097.06
C5760,Other,Teenager,Peshawar,2023-11-20,O9760,2024-07-15,Pizza Hut,Fries,Chinese,1,637.03,Wallet,13,2025-06-25,118,Active,4,2025-01-30,Delivered,637.03
C1032,Other,Senior,Islamabad,2023-09-06,O5032,2024-07-15,KFC,Fries,Fast Food,5,239.04,Wallet,24,2025-04-25,331,Inactive,1,2025-05-04,Delivered,1195.2
C6685,Male,Teenager,Multan,2023-11-19,O10685,2024-07-15,Burger King,Pizza,Continental,5,347.06,Cash,31,2024-09-22,283,Inactive,2,2025-02-09,Cancelled,1735.3
C4380,Other,Senior,Lahore,2024-09-08,O8380,2024-07-15,Subway,Pizza,Dessert,5,1482.01,Wallet,29,2025-05-29,309,Active,1,2025-04-19,Delivered,7410.05
C5303,Other,Senior,Multan,2024-05-23,O9303,2024-07-15,Pizza Hut,Fries,Fast Food,2,1307.01,Card,12,2025-01-02,462,Inactive,3,2025-04-01,Delayed,2614.02
C4102,Male,Teenager,Peshawar,2024-11-18,O8102,2024-07-15,McDonald's,Fries,Continental,2,967.46,Card,32,2025-05-30,157,Active,4,2025-01-02,Delivered,1934.92
C5946,Male,Senior,Multan,2023-10-24,O9946,2024-07-15,Burger King,Burger,Continental,1,740.22,Card,19,2025-04-03,155,Active,5,2025-08-19,Delivered,740.22
C6367,Other,Senior,Multan,2024-10-06,O10367,2024-07-16,Pizza Hut,Pasta,Continental,1,607.26,Wallet,18,2025-02-23,231,Active,1,2025-03-05,Delayed,607.26
C5608,Female,Adult,Lahore,2024-09-13,O9608,2024-07-16,Pizza Hut,Burger,Fast Food,5,330.82,Cash,35,2025-02-22,130,Inactive,5,2025-04-30,Delayed,1654.1
C6229,Other,Adult,Karachi,2024-07-31,O10229,2024-07-16,Subway,Burger,Dessert,5,299.94,Wallet,12,2024-09-18,470,Inactive,5,2025-03-22,Delivered,1499.7
C3001,Male,Adult,Karachi,2024-07-08,O7001,2024-07-16,KFC,Sandwich,Italian,1,420.97,Card,48,2024-11-06,168,Active,5,2025-02-13,Delayed,420.97
C4033,Other,Teenager,Peshawar,2025-06-25,O8033,2024-07-16,Burger King,Pizza,Chinese,2,620.63,Wallet,15,2025-08-19,399,Inactive,3,2025-08-04,Cancelled,1241.26
C1219,Other,Teenager,Islamabad,2025-01-06,O5219,2024-07-16,KFC,Sandwich,Fast Food,5,332.26,Cash,41,2025-06-19,479,Inactive,5,2025-06-13,Delayed,1661.3
C3045,Male,Teenager,Multan,2024-01-14,O7045,2024-07-16,McDonald's,Sandwich,Continental,5,392.75,Card,46,2025-08-06,446,Active,3,2025-06-08,Cancelled,1963.75
C5025,Male,Senior,Islamabad,2024-07-31,O9025,2024-07-16,McDonald's,Pasta,Italian,2,1155.51,Card,40,2025-06-09,221,Inactive,1,2025-07-23,Cancelled,2311.02
C3244,Male,Adult,Karachi,2024-10-15,O7244,2024-07-16,McDonald's,Pizza,Continental,5,1222.56,Wallet,6,2025-03-23,490,Active,2,2024-09-07,Cancelled,6112.8
C2216,Male,Adult,Karachi,2025-01-03,O6216,2024-07-17,Subway,Pizza,Continental,1,1416.43,Card,38,2025-03-23,45,Active,4,2025-08-04,Delivered,1416.43
C5159,Female,Teenager,Multan,2025-02-19,O9159,2024-07-17,Subway,Sandwich,Continental,1,1414.35,Wallet,12,2025-06-22,48,Active,4,2024-12-18,Cancelled,1414.35
C2209,Female,Adult,Karachi,2024-11-05,O6209,2024-07-17,Subway,Burger,Fast Food,2,1366.57,Wallet,29,2025-06-25,103,Inactive,1,2025-06-21,Delayed,2733.14
C6629,Male,Senior,Islamabad,2023-10-27,O10629,2024-07-17,McDonald's,Sandwich,Italian,3,858.29,Wallet,31,2024-11-07,208,Inactive,1,2025-06-09,Delayed,2574.87
C6701,Other,Teenager,Karachi,2024-02-09,O10701,2024-07-17,Burger King,Fries,Italian,1,1300.94,Wallet,7,2024-09-12,194,Inactive,1,2025-04-01,Delivered,1300.94
C4783,Female,Senior,Peshawar,2024-12-03,O8783,2024-07-17,Pizza Hut,Pasta,Fast Food,3,799.96,Card,25,2025-06-14,204,Active,3,2025-01-30,Delivered,2399.88
C4559,Male,Adult,Lahore,2025-01-15,O8559,2024-07-17,KFC,Pasta,Italian,1,1323.35,Card,27,2025-03-27,379,Inactive,1,2024-11-30,Cancelled,1323.35
C6632,Female,Adult,Lahore,2025-02-08,O10632,2024-07-18,KFC,Pasta,Continental,4,1060.47,Card,19,2025-03-28,3,Active,5,2024-10-10,Delayed,4241.88
C4470,Female,Senior,Karachi,2024-07-21,O8470,2024-07-18,KFC,Fries,Fast Food,2,298.27,Wallet,36,2024-08-29,461,Inactive,4,2025-07-16,Delayed,596.54
C1304,Other,Senior,Peshawar,2025-04-19,O5304,2024-07-18,KFC,Fries,Fast Food,2,281.85,Wallet,25,2025-06-17,431,Inactive,1,2025-03-24,Delayed,563.7
C2035,Male,Adult,Islamabad,2024-10-05,O6035,2024-07-18,Burger King,Fries,Chinese,5,644.88,Cash,49,2024-12-03,123,Active,3,2024-11-20,Cancelled,3224.4
C3737,Other,Adult,Karachi,2025-02-26,O7737,2024-07-18,Subway,Sandwich,Continental,3,1388.57,Cash,47,2025-03-14,212,Inactive,3,2025-06-08,Cancelled,4165.71
C2135,Other,Adult,Lahore,2024-06-10,O6135,2024-07-19,McDonald's,Pizza,Chinese,1,860.91,Cash,29,2024-09-25,445,Active,4,2025-04-28,Cancelled,860.91
C2716,Male,Senior,Islamabad,2025-04-20,O6716,2024-07-19,Pizza Hut,Pasta,Fast Food,4,267.91,Cash,36,2025-04-30,379,Inactive,3,2024-10-13,Cancelled,1071.64
C2333,Other,Adult,Islamabad,2023-10-11,O6333,2024-07-19,Subway,Fries,Italian,5,1062.8,Wallet,46,2025-02-26,306,Inactive,2,2024-08-28,Delayed,5314.0
C2584,Female,Senior,Karachi,2024-12-22,O6584,2024-07-19,Pizza Hut,Sandwich,Chinese,2,1214.31,Wallet,5,2025-07-13,170,Active,3,2025-03-27,Cancelled,2428.62
C3647,Male,Senior,Islamabad,2025-04-12,O7647,2024-07-19,KFC,Pizza,Italian,1,1039.54,Cash,4,2025-04-13,69,Active,5,2024-10-22,Delivered,1039.54
C1881,Male,Senior,Lahore,2023-10-08,O5881,2024-07-19,Burger King,Sandwich,Continental,2,927.73,Cash,42,2025-02-18,346,Inactive,3,2024-12-14,Cancelled,1855.46
C4877,Female,Senior,Multan,2024-02-17,O8877,2024-07-19,KFC,Pizza,Chinese,2,624.67,Card,3,2025-06-24,179,Inactive,1,2024-09-22,Delayed,1249.34
C5197,Male,Senior,Lahore,2025-01-26,O9197,2024-07-19,Subway,Burger,Italian,1,951.72,Card,20,2025-05-04,408,Active,4,2025-05-28,Delayed,951.72
C4134,Male,Adult,Karachi,2024-10-22,O8134,2024-07-19,Burger King,Sandwich,Fast Food,2,596.31,Card,9,2025-03-30,56,Inactive,2,2025-04-01,Delayed,1192.62
C4489,Male,Senior,Multan,2023-10-19,O8489,2024-07-19,KFC,Fries,Dessert,4,373.81,Wallet,32,2025-03-21,87,Inactive,5,2024-12-30,Delivered,1495.24
C5708,Male,Teenager,Lahore,2024-09-22,O9708,2024-07-19,Subway,Pasta,Italian,3,1244.19,Cash,24,2024-09-29,293,Inactive,3,2025-03-31,Delivered,3732.57
C3040,Female,Adult,Peshawar,2024-09-23,O7040,2024-07-19,Burger King,Pasta,Chinese,4,777.44,Wallet,25,2025-01-15,132,Inactive,1,2025-06-06,Delayed,3109.76
C4882,Male,Adult,Karachi,2024-09-29,O8882,2024-07-19,Burger King,Pasta,Chinese,4,152.35,Wallet,8,2024-11-27,379,Inactive,4,2025-06-20,Delayed,609.4
C6005,Other,Teenager,Islamabad,2025-02-07,O10005,2024-07-19,Subway,Burger,Dessert,1,776.78,Cash,25,2025-04-09,43,Inactive,3,2025-05-13,Cancelled,776.78
C3237,Female,Teenager,Karachi,2025-05-28,O7237,2024-07-19,McDonald's,Fries,Chinese,3,199.97,Wallet,24,2025-07-08,38,Active,3,2024-12-04,Delayed,599.91
C5404,Male,Senior,Lahore,2024-01-05,O9404,2024-07-20,Subway,Fries,Italian,1,821.68,Wallet,33,2024-09-23,13,Inactive,2,2024-11-27,Delivered,821.68
C2495,Male,Teenager,Multan,2024-10-15,O6495,2024-07-20,Burger King,Sandwich,Fast Food,3,625.76,Cash,12,2025-03-17,373,Active,5,2025-03-20,Delayed,1877.28
C2684,Female,Senior,Karachi,2023-12-19,O6684,2024-07-20,Burger King,Fries,Continental,5,957.0,Wallet,41,2025-04-19,191,Inactive,2,2025-06-02,Delayed,4785.0
C6575,Female,Adult,Islamabad,2024-11-21,O10575,2024-07-20,Subway,Burger,Dessert,1,482.66,Wallet,25,2025-04-11,395,Active,2,2025-01-09,Delayed,482.66
C1991,Male,Adult,Islamabad,2024-05-22,O5991,2024-07-20,Burger King,Fries,Chinese,2,1057.57,Cash,15,2024-12-20,237,Inactive,3,2024-09-23,Cancelled,2115.14
C6500,Other,Teenager,Islamabad,2024-11-23,O10500,2024-07-20,McDonald's,Pizza,Fast Food,3,1165.1,Wallet,38,2024-11-23,344,Active,1,2025-01-29,Delayed,3495.3
C5649,Male,Senior,Islamabad,2023-11-04,O9649,2024-07-21,Subway,Pasta,Chinese,5,631.14,Cash,4,2024-10-28,209,Inactive,1,2025-04-13,Cancelled,3155.7
C1523,Female,Teenager,Peshawar,2024-10-12,O5523,2024-07-21,KFC,Sandwich,Italian,5,966.98,Wallet,18,2024-10-13,209,Inactive,3,2025-02-06,Delivered,4834.9
C1984,Other,Adult,Multan,2024-03-08,O5984,2024-07-21,Subway,Burger,Dessert,3,825.59,Wallet,37,2025-05-15,477,Inactive,1,2024-10-04,Delivered,2476.77
C2767,Other,Senior,Peshawar,2024-10-29,O6767,2024-07-21,Pizza Hut,Burger,Dessert,2,701.9,Cash,47,2024-11-23,316,Active,4,2024-11-16,Cancelled,1403.8
C3482,Other,Adult,Islamabad,2024-11-13,O7482,2024-07-21,Burger King,Pizza,Chinese,3,665.38,Card,40,2025-02-21,90,Active,1,2024-11-02,Cancelled,1996.14
C5552,Male,Senior,Lahore,2024-12-21,O9552,2024-07-21,KFC,Fries,Dessert,4,886.7,Card,15,2025-04-30,340,Inactive,4,2025-03-27,Delivered,3546.8
C5172,Female,Teenager,Peshawar,2023-10-16,O9172,2024-07-22,Pizza Hut,Burger,Italian,5,1233.78,Wallet,38,2025-02-12,300,Inactive,2,2025-03-21,Cancelled,6168.9
C4876,Other,Adult,Peshawar,2023-08-31,O8876,2024-07-22,Pizza Hut,Pasta,Continental,1,1268.02,Cash,41,2025-07-18,108,Inactive,3,2024-10-15,Cancelled,1268.02
C4594,Female,Teenager,Multan,2024-11-25,O8594,2024-07-22,Pizza Hut,Fries,Italian,1,1284.47,Cash,11,2024-12-01,322,Inactive,4,2025-05-29,Cancelled,1284.47
C4710,Other,Senior,Peshawar,2024-02-10,O8710,2024-07-22,Subway,Sandwich,Continental,4,237.1,Cash,15,2024-09-27,181,Active,5,2025-05-01,Delivered,948.4
C1655,Other,Teenager,Multan,2024-11-28,O5655,2024-07-22,McDonald's,Pizza,Italian,1,757.25,Wallet,19,2025-03-31,391,Inactive,3,2024-09-10,Cancelled,757.25
C2873,Male,Teenager,Lahore,2024-04-11,O6873,2024-07-22,KFC,Pasta,Dessert,1,733.54,Cash,38,2024-10-11,43,Inactive,2,2025-05-04,Delayed,733.54
C5950,Female,Adult,Peshawar,2025-04-15,O9950,2024-07-22,Burger King,Pasta,Fast Food,5,1020.26,Cash,43,2025-05-19,385,Active,4,2024-10-20,Cancelled,5101.3
C1674,Other,Senior,Multan,2023-12-09,O5674,2024-07-22,KFC,Pizza,Continental,5,403.28,Wallet,19,2025-07-15,325,Inactive,1,2025-03-01,Delivered,2016.4
C6954,Female,Senior,Multan,2024-12-03,O10954,2024-07-22,KFC,Pasta,Continental,5,797.32,Cash,7,2025-06-27,453,Active,3,2025-03-24,Delayed,3986.6
C1123,Male,Adult,Multan,2024-09-15,O5123,2024-07-23,McDonald's,Sandwich,Fast Food,3,744.96,Cash,39,2025-03-25,471,Inactive,3,2025-06-12,Delayed,2234.88
C6320,Other,Senior,Peshawar,2023-08-27,O10320,2024-07-23,McDonald's,Pizza,Fast Food,5,476.57,Wallet,15,2025-03-11,330,Inactive,2,2024-12-16,Cancelled,2382.85
C3060,Other,Senior,Karachi,2025-03-07,O7060,2024-07-23,Pizza Hut,Pasta,Continental,1,1220.35,Card,45,2025-06-20,408,Active,4,2025-05-04,Cancelled,1220.35
C2818,Male,Senior,Karachi,2025-01-16,O6818,2024-07-23,KFC,Fries,Continental,1,646.36,Card,27,2025-04-03,437,Active,4,2025-04-16,Delivered,646.36
C5253,Male,Adult,Lahore,2023-08-25,O9253,2024-07-23,KFC,Pizza,Fast Food,2,1146.6,Card,35,2024-11-25,67,Active,4,2025-04-01,Delayed,2293.2
C6330,Male,Adult,Lahore,2024-05-10,O10330,2024-07-23,Subway,Burger,Fast Food,1,998.21,Cash,4,2025-03-22,284,Inactive,4,2025-04-04,Delivered,998.21
C3479,Female,Teenager,Islamabad,2024-07-26,O7479,2024-07-23,Subway,Pasta,Chinese,1,802.33,Card,36,2025-05-06,285,Active,2,2025-07-25,Delayed,802.33
C1135,Male,Senior,Lahore,2024-07-13,O5135,2024-07-23,Burger King,Fries,Chinese,5,1255.02,Card,44,2024-12-04,334,Active,2,2025-07-26,Delivered,6275.1
C5632,Other,Adult,Peshawar,2024-08-06,O9632,2024-07-24,Burger King,Pasta,Italian,3,608.51,Cash,42,2024-09-22,302,Active,3,2024-09-02,Delayed,1825.53
C3075,Other,Teenager,Multan,2025-01-15,O7075,2024-07-24,Subway,Burger,Italian,2,674.02,Cash,24,2025-07-07,89,Inactive,2,2024-08-25,Cancelled,1348.04
C4842,Female,Adult,Multan,2023-12-03,O8842,2024-07-24,Burger King,Pizza,Continental,3,820.55,Cash,46,2024-12-30,123,Active,3,2025-06-02,Cancelled,2461.65
C4306,Male,Senior,Peshawar,2024-06-10,O8306,2024-07-24,Subway,Pasta,Fast Food,4,322.02,Wallet,38,2024-08-27,470,Inactive,4,2024-11-08,Cancelled,1288.08
C3425,Male,Adult,Lahore,2024-11-14,O7425,2024-07-24,Pizza Hut,Sandwich,Italian,5,1238.63,Cash,45,2025-04-30,18,Active,5,2024-09-21,Delivered,6193.15
C2545,Male,Adult,Peshawar,2024-11-19,O6545,2024-07-24,Pizza Hut,Pasta,Chinese,5,1219.5,Cash,8,2025-07-28,199,Active,3,2025-07-21,Delayed,6097.5
C2597,Female,Teenager,Lahore,2024-11-29,O6597,2024-07-24,Subway,Pasta,Fast Food,5,175.25,Card,38,2025-01-26,92,Inactive,4,2024-10-03,Cancelled,876.25
C5173,Female,Adult,Multan,2025-01-16,O9173,2024-07-25,Pizza Hut,Sandwich,Italian,5,1106.3,Card,7,2025-08-12,463,Active,4,2024-09-11,Cancelled,5531.5
C1116,Other,Teenager,Multan,2023-09-12,O5116,2024-07-25,KFC,Pizza,Fast Food,5,257.2,Card,20,2025-02-03,177,Inactive,2,2024-08-24,Delayed,1286.0
C4553,Female,Senior,Peshawar,2024-03-09,O8553,2024-07-25,McDonald's,Sandwich,Dessert,2,937.09,Wallet,31,2025-07-02,461,Active,5,2025-01-15,Delayed,1874.18
C6483,Female,Senior,Islamabad,2025-04-27,O10483,2024-07-25,Pizza Hut,Pizza,Chinese,3,516.15,Cash,13,2025-07-29,344,Inactive,5,2025-03-25,Delivered,1548.45
C3615,Female,Teenager,Karachi,2025-04-27,O7615,2024-07-25,KFC,Burger,Italian,3,1452.68,Wallet,9,2025-07-16,465,Active,1,2024-12-25,Cancelled,4358.04
C1824,Female,Adult,Lahore,2025-06-08,O5824,2024-07-25,McDonald's,Fries,Chinese,3,923.28,Wallet,22,2025-07-20,245,Inactive,2,2025-07-07,Cancelled,2769.84
C6611,Other,Senior,Peshawar,2024-03-16,O10611,2024-07-25,Subway,Pizza,Fast Food,4,1115.28,Card,24,2025-02-01,431,Inactive,3,2025-06-10,Cancelled,4461.12
C4166,Other,Adult,Multan,2024-09-25,O8166,2024-07-25,McDonald's,Pizza,Continental,3,375.95,Wallet,12,2025-06-23,283,Inactive,5,2024-09-13,Cancelled,1127.85
C5283,Female,Teenager,Karachi,2024-09-20,O9283,2024-07-25,Burger King,Pizza,Italian,3,534.19,Wallet,50,2025-05-14,478,Inactive,2,2025-02-27,Delivered,1602.57
C4493,Female,Senior,Multan,2024-05-10,O8493,2024-07-25,Pizza Hut,Burger,Continental,4,509.49,Wallet,17,2025-03-10,223,Active,3,2025-04-18,Cancelled,2037.96
C5548,Other,Senior,Peshawar,2025-01-10,O9548,2024-07-25,Pizza Hut,Sandwich,Italian,4,489.29,Card,34,2025-04-02,155,Inactive,3,2025-04-11,Cancelled,1957.16
C1467,Other,Senior,Islamabad,2024-12-16,O5467,2024-07-25,Burger King,Pizza,Fast Food,5,1163.14,Wallet,18,2025-02-23,197,Active,2,2025-08-15,Cancelled,5815.7
C1508,Other,Teenager,Lahore,2023-09-16,O5508,2024-07-26,Subway,Pizza,Fast Food,1,1287.45,Cash,33,2025-04-07,156,Active,4,2024-12-04,Delayed,1287.45
C4416,Other,Senior,Multan,2024-12-13,O8416,2024-07-26,Pizza Hut,Pizza,Fast Food,1,789.54,Card,33,2025-07-05,421,Active,2,2024-10-05,Cancelled,789.54
C5465,Female,Adult,Peshawar,2024-11-28,O9465,2024-07-26,McDonald's,Sandwich,Dessert,1,847.46,Wallet,7,2025-05-22,279,Active,2,2024-11-24,Delayed,847.46
C3354,Male,Teenager,Multan,2024-09-08,O7354,2024-07-26,Burger King,Burger,Italian,1,414.91,Card,50,2024-10-10,167,Inactive,3,2024-12-26,Delayed,414.91
C4343,Male,Adult,Multan,2025-03-20,O8343,2024-07-26,Subway,Pasta,Chinese,3,378.51,Card,32,2025-06-11,28,Inactive,1,2024-10-05,Cancelled,1135.53
C6731,Male,Senior,Peshawar,2025-02-14,O10731,2024-07-26,Subway,Pasta,Dessert,2,1035.76,Cash,35,2025-06-13,12,Active,3,2025-07-08,Delayed,2071.52
C3461,Female,Teenager,Karachi,2024-03-12,O7461,2024-07-26,Pizza Hut,Sandwich,Fast Food,2,1225.5,Wallet,6,2024-12-28,17,Inactive,2,2025-01-04,Delivered,2451.0
C2294,Male,Senior,Karachi,2024-01-17,O6294,2024-07-26,McDonald's,Burger,Dessert,5,604.13,Cash,22,2025-05-25,316,Active,2,2025-07-25,Cancelled,3020.65
C3869,Female,Teenager,Lahore,2023-12-23,O7869,2024-07-26,KFC,Fries,Chinese,5,1292.33,Wallet,35,2025-06-03,409,Inactive,5,2025-06-25,Delivered,6461.65
C1031,Male,Teenager,Multan,2025-06-10,O5031,2024-07-27,McDonald's,Sandwich,Dessert,2,307.72,Cash,48,2025-07-18,343,Active,5,2025-03-03,Delivered,615.44
C4367,Female,Adult,Karachi,2025-01-16,O8367,2024-07-27,KFC,Burger,Chinese,3,506.73,Cash,27,2025-07-31,452,Active,1,2025-05-13,Delivered,1520.19
C5149,Male,Teenager,Karachi,2025-05-01,O9149,2024-07-27,Subway,Burger,Continental,1,282.7,Cash,23,2025-06-06,79,Active,4,2025-03-18,Delivered,282.7
C4916,Male,Teenager,Peshawar,2024-01-05,O8916,2024-07-27,Burger King,Burger,Chinese,4,943.27,Wallet,17,2025-04-04,348,Inactive,2,2025-07-12,Delayed,3773.08
C5348,Female,Senior,Karachi,2024-09-16,O9348,2024-07-27,Pizza Hut,Pizza,Italian,4,394.65,Wallet,10,2025-06-16,473,Active,3,2024-09-25,Delayed,1578.6
C1452,Female,Adult,Islamabad,2025-01-31,O5452,2024-07-27,Subway,Sandwich,Chinese,3,1449.96,Card,47,2025-03-29,315,Inactive,1,2024-10-05,Cancelled,4349.88
C5211,Other,Teenager,Peshawar,2024-11-19,O9211,2024-07-27,Burger King,Burger,Italian,1,1110.35,Wallet,6,2025-05-13,260,Active,4,2024-08-26,Delayed,1110.35
C6488,Other,Adult,Karachi,2023-10-22,O10488,2024-07-27,Pizza Hut,Pizza,Chinese,1,284.4,Wallet,24,2025-04-26,436,Active,1,2024-11-25,Delivered,284.4
C3637,Other,Senior,Karachi,2025-06-08,O7637,2024-07-27,McDonald's,Pizza,Dessert,1,1061.21,Wallet,33,2025-07-09,422,Inactive,3,2025-03-04,Cancelled,1061.21
C5770,Female,Senior,Karachi,2023-11-14,O9770,2024-07-27,KFC,Sandwich,Chinese,4,1124.17,Cash,8,2025-01-14,162,Active,4,2025-07-14,Delivered,4496.68
C2194,Male,Senior,Multan,2024-10-17,O6194,2024-07-28,Pizza Hut,Fries,Italian,5,1199.53,Cash,15,2025-01-18,289,Inactive,3,2025-04-05,Cancelled,5997.65
C1360,Other,Teenager,Lahore,2024-05-03,O5360,2024-07-28,KFC,Fries,Chinese,3,857.94,Wallet,14,2025-03-31,111,Inactive,3,2024-11-24,Delayed,2573.82
C4835,Other,Adult,Karachi,2023-08-31,O8835,2024-07-28,Burger King,Fries,Dessert,5,208.86,Card,49,2024-11-04,164,Inactive,2,2025-08-19,Cancelled,1044.3
C6847,Other,Adult,Multan,2024-10-13,O10847,2024-07-28,Burger King,Fries,Italian,3,782.64,Wallet,29,2025-03-28,209,Inactive,2,2025-03-01,Delivered,2347.92
C5030,Male,Adult,Peshawar,2025-01-11,O9030,2024-07-28,Pizza Hut,Fries,Fast Food,5,982.05,Cash,50,2025-06-21,110,Active,1,2025-05-23,Delivered,4910.25
C1582,Female,Senior,Peshawar,2024-03-09,O5582,2024-07-28,Subway,Pizza,Dessert,2,1098.29,Card,38,2024-11-14,221,Active,4,2024-11-27,Delayed,2196.58
C2763,Male,Teenager,Karachi,2024-03-11,O6763,2024-07-28,Subway,Sandwich,Continental,4,1387.34,Card,46,2024-12-19,479,Active,5,2025-01-22,Cancelled,5549.36
C5811,Male,Teenager,Peshawar,2023-12-04,O9811,2024-07-28,Subway,Sandwich,Dessert,3,260.89,Wallet,34,2024-12-25,208,Active,3,2024-12-26,Delivered,782.67
C2665,Male,Senior,Peshawar,2024-09-05,O6665,2024-07-28,Burger King,Burger,Fast Food,4,656.09,Wallet,22,2025-02-02,335,Active,3,2025-04-14,Cancelled,2624.36
C2239,Female,Senior,Multan,2023-11-12,O6239,2024-07-29,Burger King,Fries,Dessert,2,791.87,Wallet,22,2025-08-05,29,Inactive,4,2025-05-18,Cancelled,1583.74
C1355,Female,Senior,Peshawar,2024-02-20,O5355,2024-07-29,KFC,Sandwich,Continental,1,268.82,Wallet,40,2025-07-03,436,Inactive,1,2024-08-22,Delivered,268.82
C6251,Female,Senior,Karachi,2025-03-17,O10251,2024-07-29,Burger King,Pasta,Chinese,3,856.75,Cash,47,2025-08-07,32,Active,5,2024-10-19,Delayed,2570.25
C1079,Female,Adult,Multan,2024-02-17,O5079,2024-07-29,Pizza Hut,Fries,Continental,3,204.38,Cash,47,2025-01-14,169,Inactive,3,2025-07-07,Delivered,613.14
C1102,Male,Adult,Peshawar,2025-04-13,O5102,2024-07-29,McDonald's,Sandwich,Fast Food,4,1330.47,Cash,30,2025-05-27,303,Inactive,2,2025-05-10,Cancelled,5321.88
C3390,Other,Adult,Karachi,2023-12-24,O7390,2024-07-29,Burger King,Pasta,Dessert,4,465.64,Cash,4,2025-04-21,215,Active,1,2025-06-01,Cancelled,1862.56
C6922,Other,Senior,Karachi,2025-01-08,O10922,2024-07-29,McDonald's,Pasta,Chinese,2,1365.77,Cash,10,2025-01-13,156,Inactive,3,2025-02-26,Delayed,2731.54
C1514,Other,Senior,Islamabad,2025-08-03,O5514,2024-07-29,KFC,Sandwich,Dessert,5,458.87,Card,30,2025-08-14,324,Inactive,5,2024-10-29,Delivered,2294.35
C5011,Other,Senior,Lahore,2024-10-02,O9011,2024-07-29,Pizza Hut,Pasta,Italian,1,1157.2,Card,33,2024-10-27,31,Inactive,3,2024-10-02,Delayed,1157.2
C5000,Other,Teenager,Karachi,2024-12-15,O9000,2024-07-29,Subway,Pizza,Continental,4,1274.35,Wallet,19,2025-06-15,390,Active,1,2024-12-14,Delayed,5097.4
C4949,Other,Senior,Peshawar,2023-10-11,O8949,2024-07-29,KFC,Pizza,Dessert,5,736.37,Cash,41,2024-10-20,461,Inactive,3,2024-10-13,Delayed,3681.85
C5047,Other,Adult,Multan,2024-05-04,O9047,2024-07-29,Pizza Hut,Fries,Fast Food,4,1198.36,Cash,13,2025-01-14,370,Inactive,3,2025-01-17,Delayed,4793.44
C5295,Other,Adult,Multan,2025-03-21,O9295,2024-07-29,Pizza Hut,Burger,Italian,3,833.37,Wallet,26,2025-07-17,145,Active,3,2025-07-18,Cancelled,2500.11
C1670,Female,Senior,Islamabad,2025-02-19,O5670,2024-07-29,McDonald's,Sandwich,Continental,4,962.12,Cash,14,2025-05-09,293,Inactive,2,2025-07-13,Delayed,3848.48
C6200,Male,Adult,Karachi,2024-08-06,O10200,2024-07-30,KFC,Burger,Continental,3,139.98,Cash,10,2025-03-25,351,Inactive,2,2025-06-28,Delayed,419.94
C2457,Other,Teenager,Islamabad,2025-02-25,O6457,2024-07-30,Burger King,Sandwich,Fast Food,2,1439.81,Wallet,7,2025-05-05,481,Inactive,5,2024-10-22,Cancelled,2879.62
C6120,Male,Adult,Islamabad,2023-08-27,O10120,2024-07-30,Burger King,Sandwich,Fast Food,1,227.47,Card,4,2025-07-31,30,Inactive,4,2024-10-21,Delivered,227.47
C1397,Female,Adult,Lahore,2025-02-09,O5397,2024-07-30,Subway,Burger,Fast Food,1,270.05,Card,15,2025-07-14,427,Inactive,4,2024-12-01,Delayed,270.05
C3498,Female,Senior,Peshawar,2024-03-20,O7498,2024-07-30,McDonald's,Burger,Fast Food,4,1158.94,Wallet,43,2025-03-08,84,Active,5,2025-06-07,Delivered,4635.76
C4633,Other,Teenager,Peshawar,2023-10-06,O8633,2024-07-31,Burger King,Pizza,Chinese,3,484.72,Cash,48,2025-06-28,416,Active,5,2024-12-13,Delivered,1454.16
C3536,Other,Teenager,Karachi,2025-02-19,O7536,2024-07-31,McDonald's,Fries,Continental,4,702.58,Wallet,6,2025-04-03,482,Inactive,1,2024-09-24,Delivered,2810.32
C3438,Other,Senior,Lahore,2023-11-27,O7438,2024-07-31,Subway,Sandwich,Chinese,5,263.31,Card,47,2025-06-27,81,Inactive,4,2025-05-22,Delivered,1316.55
C4665,Male,Teenager,Multan,2025-01-05,O8665,2024-07-31,Subway,Pasta,Italian,3,1399.34,Card,27,2025-02-15,34,Inactive,4,2025-01-28,Cancelled,4198.02
C6493,Female,Senior,Islamabad,2024-07-31,O10493,2024-07-31,McDonald's,Fries,Fast Food,4,231.86,Cash,17,2025-02-13,86,Active,1,2025-08-15,Delayed,927.44
C1416,Male,Teenager,Islamabad,2025-01-09,O5416,2024-07-31,KFC,Pasta,Chinese,1,1123.7,Card,46,2025-06-19,352,Active,5,2024-10-19,Delivered,1123.7
C2677,Other,Adult,Lahore,2025-03-07,O6677,2024-07-31,KFC,Burger,Continental,1,1042.64,Wallet,1,2025-06-18,165,Inactive,1,2025-06-28,Cancelled,1042.64
C4786,Male,Teenager,Karachi,2024-10-17,O8786,2024-07-31,KFC,Pizza,Dessert,4,170.17,Wallet,48,2024-11-17,363,Active,2,2024-10-07,Delayed,680.68
C3825,Female,Adult,Lahore,2024-07-05,O7825,2024-07-31,McDonald's,Burger,Continental,2,905.42,Cash,21,2025-03-12,129,Inactive,3,2025-07-26,Delivered,1810.84
C1583,Male,Teenager,Lahore,2025-04-06,O5583,2024-07-31,Pizza Hut,Sandwich,Chinese,3,1423.85,Wallet,34,2025-04-29,221,Active,5,2025-02-03,Cancelled,4271.55
C2840,Male,Adult,Islamabad,2024-01-17,O6840,2024-08-01,Burger King,Pasta,Fast Food,4,794.07,Wallet,37,2025-04-28,115,Active,4,2025-06-19,Cancelled,3176.28
C3118,Other,Senior,Islamabad,2024-02-02,O7118,2024-08-01,KFC,Pizza,Continental,4,135.94,Wallet,44,2025-07-10,427,Inactive,5,2025-05-03,Delayed,543.76
C6065,Other,Senior,Lahore,2024-05-15,O10065,2024-08-01,Burger King,Pasta,Fast Food,4,273.5,Cash,12,2025-01-22,153,Active,1,2024-10-11,Delivered,1094.0
C2728,Male,Adult,Peshawar,2024-09-15,O6728,2024-08-01,Pizza Hut,Pasta,Continental,1,1354.66,Cash,41,2024-11-11,257,Active,1,2024-12-25,Delivered,1354.66
C6945,Male,Teenager,Islamabad,2023-11-26,O10945,2024-08-01,Subway,Sandwich,Fast Food,3,911.18,Cash,40,2025-04-13,32,Inactive,2,2024-11-07,Delayed,2733.54
C5911,Male,Adult,Multan,2024-09-22,O9911,2024-08-01,McDonald's,Pasta,Chinese,5,1064.53,Wallet,48,2025-04-26,185,Active,1,2025-02-02,Delayed,5322.65
C6910,Male,Senior,Lahore,2024-01-20,O10910,2024-08-01,Burger King,Burger,Chinese,1,1078.27,Wallet,25,2024-09-12,372,Inactive,4,2025-04-29,Delivered,1078.27
C5402,Female,Adult,Peshawar,2023-09-20,O9402,2024-08-02,Subway,Sandwich,Italian,1,744.56,Card,28,2024-11-27,186,Inactive,2,2024-09-12,Delivered,744.56
C6962,Female,Teenager,Lahore,2024-08-02,O10962,2024-08-02,Subway,Fries,Fast Food,2,971.23,Wallet,11,2025-08-07,278,Inactive,5,2025-03-20,Delivered,1942.46
C5022,Male,Senior,Peshawar,2023-09-17,O9022,2024-08-02,Pizza Hut,Pizza,Continental,1,581.44,Wallet,18,2025-03-31,437,Active,3,2024-10-10,Delivered,581.44
C5973,Other,Adult,Islamabad,2024-09-28,O9973,2024-08-02,KFC,Pasta,Continental,2,150.44,Card,36,2024-10-13,393,Active,4,2024-12-11,Cancelled,300.88
C4267,Other,Teenager,Lahore,2025-02-06,O8267,2024-08-02,Burger King,Pizza,Fast Food,3,1125.2,Card,29,2025-08-01,338,Active,4,2025-03-21,Delayed,3375.6
C1517,Other,Adult,Karachi,2024-07-03,O5517,2024-08-02,Pizza Hut,Burger,Dessert,4,751.84,Card,40,2024-10-09,3,Inactive,5,2025-03-18,Delivered,3007.36
C3139,Female,Teenager,Karachi,2023-11-12,O7139,2024-08-02,Subway,Burger,Fast Food,4,864.57,Wallet,35,2024-11-13,152,Active,4,2024-09-13,Delivered,3458.28
C5774,Female,Senior,Lahore,2025-04-15,O9774,2024-08-02,Pizza Hut,Pizza,Fast Food,2,1434.37,Cash,19,2025-06-23,499,Active,3,2025-03-18,Cancelled,2868.74
C5733,Female,Adult,Islamabad,2024-08-15,O9733,2024-08-02,Subway,Sandwich,Dessert,2,599.1,Card,5,2025-05-11,270,Active,1,2024-12-31,Delayed,1198.2
C4419,Male,Adult,Peshawar,2024-03-26,O8419,2024-08-03,Pizza Hut,Pizza,Dessert,1,517.26,Cash,39,2025-06-16,177,Inactive,5,2025-01-15,Delivered,517.26
C2700,Male,Senior,Karachi,2024-02-13,O6700,2024-08-03,KFC,Fries,Chinese,1,748.15,Card,49,2025-04-19,197,Inactive,3,2025-02-11,Delivered,748.15
C4409,Male,Teenager,Lahore,2024-12-28,O8409,2024-08-03,Burger King,Pasta,Continental,2,1063.31,Cash,9,2025-03-14,200,Inactive,4,2024-10-31,Delayed,2126.62
C3012,Male,Senior,Islamabad,2024-07-30,O7012,2024-08-03,Subway,Fries,Dessert,3,518.38,Card,22,2025-06-16,391,Inactive,1,2025-08-11,Cancelled,1555.14
C1372,Other,Senior,Karachi,2024-09-17,O5372,2024-08-03,Subway,Pasta,Dessert,3,407.57,Wallet,43,2025-05-29,300,Inactive,5,2025-07-05,Delayed,1222.71
C1959,Other,Teenager,Multan,2024-08-09,O5959,2024-08-03,Burger King,Pasta,Dessert,1,111.72,Wallet,18,2024-11-07,263,Active,1,2025-06-16,Delayed,111.72
C2111,Female,Teenager,Karachi,2023-09-06,O6111,2024-08-03,Pizza Hut,Pizza,Fast Food,3,1493.79,Cash,28,2025-02-19,386,Active,2,2024-11-16,Delivered,4481.37
C4864,Female,Adult,Lahore,2024-10-31,O8864,2024-08-03,Subway,Pasta,Italian,5,1284.79,Cash,9,2025-05-14,428,Inactive,4,2025-07-09,Cancelled,6423.95
C6389,Female,Teenager,Peshawar,2025-03-12,O10389,2024-08-04,Subway,Burger,Fast Food,1,359.43,Card,36,2025-05-27,317,Active,3,2025-01-06,Cancelled,359.43
C4942,Other,Adult,Multan,2023-12-02,O8942,2024-08-04,Pizza Hut,Pasta,Chinese,2,1047.17,Card,9,2024-09-14,386,Inactive,4,2025-03-12,Cancelled,2094.34
C2245,Other,Senior,Multan,2023-10-02,O6245,2024-08-04,Pizza Hut,Pasta,Chinese,3,782.48,Card,41,2025-04-10,170,Active,2,2025-03-01,Delayed,2347.44
C3904,Male,Adult,Islamabad,2024-01-10,O7904,2024-08-04,KFC,Fries,Fast Food,4,995.05,Card,20,2025-05-26,39,Inactive,2,2025-02-19,Delayed,3980.2
C3516,Male,Adult,Islamabad,2024-06-25,O7516,2024-08-04,Subway,Burger,Continental,4,1419.61,Cash,6,2024-11-12,475,Inactive,5,2025-07-04,Delivered,5678.44
C3378,Other,Adult,Lahore,2024-09-23,O7378,2024-08-05,KFC,Sandwich,Continental,5,897.36,Cash,48,2025-06-16,471,Inactive,1,2025-05-17,Cancelled,4486.8
C6870,Male,Adult,Karachi,2024-07-21,O10870,2024-08-05,Subway,Pasta,Dessert,4,662.34,Wallet,44,2025-06-26,132,Active,1,2025-05-15,Delayed,2649.36
C1314,Male,Teenager,Lahore,2024-08-28,O5314,2024-08-05,Pizza Hut,Burger,Chinese,1,1411.03,Cash,36,2025-05-12,412,Inactive,2,2025-03-16,Cancelled,1411.03
C4577,Other,Adult,Multan,2025-01-01,O8577,2024-08-05,Pizza Hut,Pizza,Fast Food,2,303.68,Card,49,2025-03-07,440,Inactive,2,2025-06-18,Cancelled,607.36
C2837,Female,Senior,Lahore,2024-06-21,O6837,2024-08-05,KFC,Pizza,Dessert,1,1145.07,Cash,37,2025-07-18,434,Active,1,2025-08-18,Cancelled,1145.07
C4191,Female,Teenager,Multan,2025-03-06,O8191,2024-08-05,KFC,Sandwich,Dessert,3,999.72,Card,47,2025-03-31,432,Inactive,1,2025-05-22,Delayed,2999.16
C5675,Other,Teenager,Islamabad,2024-04-12,O9675,2024-08-05,McDonald's,Pasta,Italian,5,488.2,Cash,27,2025-08-08,269,Active,1,2025-04-13,Cancelled,2441.0
C3663,Male,Senior,Multan,2025-03-13,O7663,2024-08-05,McDonald's,Burger,Fast Food,1,782.24,Cash,28,2025-08-06,242,Active,1,2025-08-11,Delivered,782.24
C6526,Other,Teenager,Lahore,2024-06-01,O10526,2024-08-05,Pizza Hut,Pasta,Continental,4,453.16,Card,32,2024-12-09,402,Active,1,2024-08-31,Delivered,1812.64
C4959,Other,Senior,Lahore,2023-10-18,O8959,2024-08-05,Pizza Hut,Burger,Chinese,1,1105.88,Card,42,2025-02-25,147,Active,3,2025-08-12,Delayed,1105.88
C3346,Other,Adult,Karachi,2024-04-29,O7346,2024-08-05,McDonald's,Sandwich,Continental,4,1007.12,Wallet,20,2025-04-27,138,Inactive,4,2024-12-11,Delayed,4028.48
C6111,Male,Teenager,Islamabad,2024-10-19,O10111,2024-08-06,McDonald's,Pasta,Continental,4,855.94,Cash,25,2025-07-18,241,Inactive,4,2025-05-16,Cancelled,3423.76
C2855,Other,Teenager,Islamabad,2024-11-23,O6855,2024-08-06,KFC,Sandwich,Continental,4,929.91,Cash,6,2024-12-03,451,Active,3,2025-06-27,Cancelled,3719.64
C3622,Male,Senior,Peshawar,2023-12-04,O7622,2024-08-06,Pizza Hut,Sandwich,Fast Food,1,842.6,Wallet,9,2025-08-16,92,Inactive,4,2025-02-27,Cancelled,842.6
C4572,Male,Teenager,Multan,2024-03-24,O8572,2024-08-06,Pizza Hut,Pasta,Chinese,2,466.64,Card,4,2025-03-28,445,Active,3,2024-12-09,Delivered,933.28
C6826,Other,Adult,Multan,2023-10-18,O10826,2024-08-06,Burger King,Burger,Italian,5,1087.01,Cash,37,2025-04-14,103,Active,1,2025-07-23,Cancelled,5435.05
C3243,Female,Teenager,Karachi,2024-09-15,O7243,2024-08-06,Subway,Pasta,Continental,1,124.85,Card,24,2025-04-13,74,Inactive,5,2024-08-21,Delayed,124.85
C1119,Male,Senior,Lahore,2023-12-22,O5119,2024-08-06,Subway,Pasta,Dessert,3,346.11,Wallet,50,2024-11-30,45,Inactive,2,2025-06-22,Delivered,1038.33
C6782,Other,Teenager,Peshawar,2024-10-12,O10782,2024-08-06,Subway,Pizza,Continental,3,1411.57,Card,5,2024-11-28,281,Active,3,2025-08-16,Delivered,4234.71
C6387,Female,Teenager,Islamabad,2024-06-21,O10387,2024-08-07,KFC,Burger,Continental,2,790.29,Card,28,2024-10-02,386,Inactive,3,2025-07-23,Delivered,1580.58
C4753,Other,Teenager,Multan,2025-05-12,O8753,2024-08-07,Pizza Hut,Burger,Italian,4,746.59,Card,13,2025-07-05,443,Inactive,5,2024-12-31,Delivered,2986.36
C4109,Female,Adult,Multan,2024-01-26,O8109,2024-08-07,McDonald's,Pasta,Dessert,4,200.96,Wallet,29,2025-06-29,388,Active,5,2025-06-04,Delayed,803.84
C6699,Male,Teenager,Lahore,2024-09-27,O10699,2024-08-07,McDonald's,Pasta,Continental,1,101.73,Card,12,2025-04-24,44,Active,5,2025-01-14,Cancelled,101.73
C3096,Other,Senior,Peshawar,2024-04-05,O7096,2024-08-07,Pizza Hut,Pizza,Fast Food,1,627.33,Card,4,2024-10-07,268,Inactive,3,2024-11-28,Delivered,627.33
C4262,Other,Teenager,Lahore,2023-09-16,O8262,2024-08-07,Subway,Fries,Dessert,5,1293.15,Card,1,2025-07-24,254,Inactive,1,2025-03-01,Delayed,6465.75
C2290,Female,Teenager,Peshawar,2023-09-28,O6290,2024-08-07,Burger King,Burger,Dessert,4,358.94,Wallet,5,2024-12-09,374,Active,3,2024-09-13,Delivered,1435.76
C1969,Female,Teenager,Karachi,2023-12-19,O5969,2024-08-07,Burger King,Burger,Continental,5,209.18,Cash,32,2024-09-07,51,Active,5,2024-09-01,Delivered,1045.9
C1538,Other,Teenager,Islamabad,2025-02-22,O5538,2024-08-07,KFC,Pasta,Fast Food,2,618.61,Cash,45,2025-07-05,232,Active,4,2024-09-21,Delayed,1237.22
C5690,Male,Teenager,Lahore,2025-04-08,O9690,2024-08-07,KFC,Pasta,Chinese,3,1379.83,Card,11,2025-05-06,88,Active,5,2025-02-17,Delayed,4139.49
C2540,Other,Teenager,Islamabad,2024-02-15,O6540,2024-08-07,KFC,Sandwich,Chinese,1,654.86,Cash,17,2025-07-03,415,Inactive,3,2025-01-12,Delayed,654.86
C3843,Female,Senior,Lahore,2024-10-12,O7843,2024-08-08,Pizza Hut,Fries,Chinese,4,514.79,Wallet,15,2025-06-02,279,Active,1,2024-11-29,Delivered,2059.16
C4790,Other,Adult,Lahore,2024-12-22,O8790,2024-08-08,Burger King,Fries,Continental,3,711.16,Card,26,2025-04-06,257,Active,5,2025-01-22,Delayed,2133.48
C4217,Male,Adult,Karachi,2024-11-09,O8217,2024-08-08,Pizza Hut,Pizza,Continental,4,1429.77,Cash,25,2025-02-15,71,Inactive,2,2025-07-06,Delayed,5719.08
C5790,Male,Teenager,Islamabad,2024-11-20,O9790,2024-08-08,Burger King,Burger,Italian,1,987.0,Cash,31,2025-01-25,468,Inactive,2,2025-08-17,Cancelled,987.0
C6256,Male,Adult,Peshawar,2023-10-29,O10256,2024-08-08,KFC,Burger,Italian,4,1165.45,Cash,32,2025-08-09,444,Active,2,2025-02-01,Delayed,4661.8
C5085,Other,Adult,Lahore,2024-11-23,O9085,2024-08-08,McDonald's,Fries,Italian,2,1018.41,Cash,22,2025-07-14,255,Inactive,1,2025-04-06,Delayed,2036.82
C1854,Other,Adult,Lahore,2024-03-07,O5854,2024-08-08,McDonald's,Sandwich,Fast Food,1,781.29,Cash,6,2024-12-29,130,Active,3,2025-07-20,Delivered,781.29
C3343,Male,Adult,Multan,2023-12-26,O7343,2024-08-09,Subway,Sandwich,Continental,5,318.4,Card,12,2024-09-07,459,Inactive,4,2024-12-18,Delivered,1592.0
C1626,Other,Adult,Peshawar,2024-02-25,O5626,2024-08-09,Burger King,Fries,Chinese,4,779.88,Wallet,31,2025-01-29,175,Inactive,2,2024-12-08,Delayed,3119.52
C2740,Female,Teenager,Lahore,2024-02-03,O6740,2024-08-09,Burger King,Sandwich,Continental,5,1169.01,Cash,41,2024-11-16,432,Inactive,3,2025-05-24,Cancelled,5845.05
C1103,Male,Adult,Lahore,2023-09-06,O5103,2024-08-09,Pizza Hut,Burger,Chinese,2,758.28,Card,23,2025-03-31,17,Inactive,4,2025-05-16,Cancelled,1516.56
C1744,Male,Teenager,Karachi,2024-08-22,O5744,2024-08-09,KFC,Pasta,Continental,5,422.47,Wallet,32,2024-12-16,297,Inactive,2,2025-06-08,Delivered,2112.35
C1076,Female,Adult,Karachi,2023-12-10,O5076,2024-08-09,McDonald's,Sandwich,Fast Food,2,1151.01,Wallet,50,2024-12-20,338,Inactive,4,2025-08-06,Delayed,2302.02
C1436,Female,Senior,Lahore,2023-11-07,O5436,2024-08-10,Pizza Hut,Sandwich,Italian,1,1400.84,Wallet,13,2025-07-17,489,Inactive,3,2024-12-26,Delivered,1400.84
C6450,Female,Senior,Peshawar,2023-11-29,O10450,2024-08-10,McDonald's,Sandwich,Continental,2,1355.49,Card,37,2024-11-06,190,Inactive,3,2024-08-26,Delivered,2710.98
C5158,Male,Adult,Peshawar,2023-09-26,O9158,2024-08-10,KFC,Pasta,Continental,4,693.45,Wallet,34,2024-09-09,410,Active,2,2025-05-13,Cancelled,2773.8
C5251,Female,Teenager,Lahore,2025-01-16,O9251,2024-08-10,Subway,Fries,Italian,5,765.5,Card,45,2025-08-06,462,Inactive,2,2024-10-11,Delivered,3827.5
C3345,Other,Teenager,Lahore,2024-02-08,O7345,2024-08-10,KFC,Pizza,Dessert,3,783.43,Cash,11,2025-08-08,458,Active,3,2025-07-29,Delivered,2350.29
C2978,Female,Adult,Karachi,2025-01-05,O6978,2024-08-10,KFC,Burger,Continental,3,687.35,Wallet,36,2025-02-03,274,Inactive,5,2025-07-17,Cancelled,2062.05
C4853,Other,Adult,Karachi,2024-03-29,O8853,2024-08-10,Burger King,Sandwich,Italian,3,136.55,Card,30,2025-02-28,123,Inactive,1,2025-05-26,Cancelled,409.65
C4630,Male,Senior,Karachi,2023-11-19,O8630,2024-08-10,McDonald's,Sandwich,Fast Food,2,612.46,Card,19,2024-11-23,386,Inactive,1,2024-11-30,Delivered,1224.92
C4053,Other,Teenager,Karachi,2023-12-15,O8053,2024-08-10,KFC,Fries,Italian,2,580.12,Wallet,2,2025-02-08,247,Inactive,1,2025-08-12,Delivered,1160.24
C5418,Female,Teenager,Multan,2024-08-22,O9418,2024-08-10,Pizza Hut,Sandwich,Italian,3,530.95,Cash,37,2025-03-19,293,Active,1,2025-04-02,Delayed,1592.85
C4199,Other,Teenager,Multan,2025-06-29,O8199,2024-08-11,Subway,Pizza,Dessert,4,234.93,Wallet,25,2025-07-22,94,Inactive,1,2025-02-28,Delivered,939.72
C1242,Other,Senior,Islamabad,2024-12-14,O5242,2024-08-11,Subway,Pasta,Fast Food,1,714.9,Cash,8,2025-03-07,154,Active,1,2025-05-10,Cancelled,714.9
C4626,Male,Teenager,Multan,2025-01-27,O8626,2024-08-11,Subway,Pizza,Italian,3,433.2,Cash,43,2025-04-03,120,Inactive,5,2025-02-09,Delivered,1299.6
C2927,Female,Senior,Karachi,2023-11-17,O6927,2024-08-11,Subway,Pasta,Continental,5,1168.4,Cash,39,2024-12-23,23,Active,2,2024-10-24,Cancelled,5842.0
C2089,Other,Adult,Lahore,2024-07-11,O6089,2024-08-11,McDonald's,Fries,Continental,1,794.41,Wallet,28,2024-11-16,495,Active,1,2025-04-06,Delayed,794.41
C5949,Male,Senior,Peshawar,2023-08-31,O9949,2024-08-11,Subway,Sandwich,Italian,5,1317.81,Cash,42,2025-02-03,110,Inactive,2,2025-01-09,Delivered,6589.05
C4293,Female,Teenager,Lahore,2024-09-15,O8293,2024-08-11,McDonald's,Pizza,Italian,2,170.99,Cash,21,2024-10-01,370,Active,1,2024-08-27,Cancelled,341.98
C4365,Other,Senior,Karachi,2025-05-27,O8365,2024-08-11,Burger King,Pizza,Dessert,2,645.38,Cash,40,2025-08-18,394,Inactive,5,2025-06-10,Delayed,1290.76
C4939,Female,Adult,Karachi,2025-01-05,O8939,2024-08-11,McDonald's,Burger,Fast Food,4,265.48,Card,22,2025-02-01,195,Inactive,2,2025-08-20,Delivered,1061.92
C2226,Male,Adult,Karachi,2024-09-21,O6226,2024-08-11,Pizza Hut,Pasta,Chinese,5,765.54,Card,40,2024-10-08,34,Active,2,2025-03-01,Delayed,3827.7
C1435,Female,Adult,Lahore,2023-09-30,O5435,2024-08-11,KFC,Sandwich,Fast Food,3,358.9,Wallet,21,2024-10-08,492,Inactive,3,2025-02-23,Cancelled,1076.7
C5558,Male,Adult,Lahore,2024-09-10,O9558,2024-08-12,Burger King,Pizza,Italian,1,145.92,Card,43,2025-06-09,409,Active,2,2024-11-04,Delivered,145.92
C5696,Other,Senior,Peshawar,2023-10-24,O9696,2024-08-12,KFC,Fries,Fast Food,3,1031.9,Card,40,2025-01-31,335,Inactive,2,2024-10-05,Delivered,3095.7
C3426,Female,Adult,Islamabad,2023-11-05,O7426,2024-08-12,KFC,Sandwich,Fast Food,3,649.95,Card,27,2025-03-01,390,Active,1,2024-12-21,Delivered,1949.85
C4147,Female,Senior,Peshawar,2023-12-07,O8147,2024-08-12,McDonald's,Burger,Fast Food,2,279.95,Wallet,50,2024-10-19,468,Active,5,2025-07-26,Delayed,559.9
C3567,Male,Adult,Peshawar,2024-09-07,O7567,2024-08-13,Pizza Hut,Pasta,Italian,3,788.9,Cash,36,2025-08-17,405,Inactive,1,2024-08-30,Delayed,2366.7
C3135,Male,Senior,Lahore,2024-10-21,O7135,2024-08-13,Subway,Pizza,Dessert,1,539.73,Wallet,9,2025-03-26,416,Inactive,5,2024-12-18,Delayed,539.73
C6252,Male,Teenager,Lahore,2024-08-08,O10252,2024-08-13,Pizza Hut,Fries,Continental,5,268.7,Card,2,2024-10-23,219,Inactive,2,2025-06-30,Delayed,1343.5
C2217,Female,Adult,Peshawar,2024-02-21,O6217,2024-08-13,Burger King,Sandwich,Italian,1,913.4,Card,46,2025-03-12,125,Active,4,2025-03-19,Delivered,913.4
C4617,Female,Adult,Multan,2023-10-09,O8617,2024-08-13,KFC,Fries,Italian,5,303.02,Card,26,2025-07-20,448,Active,3,2025-04-04,Cancelled,1515.1
C5646,Other,Adult,Karachi,2024-03-06,O9646,2024-08-13,Burger King,Pizza,Dessert,5,209.32,Card,14,2025-04-16,477,Active,3,2025-02-21,Delayed,1046.6
C2601,Other,Adult,Islamabad,2024-12-30,O6601,2024-08-13,KFC,Burger,Chinese,5,280.43,Cash,21,2025-08-20,136,Active,2,2024-09-06,Delivered,1402.15
C1499,Female,Adult,Lahore,2025-03-03,O5499,2024-08-14,Subway,Pizza,Dessert,3,625.21,Card,42,2025-03-29,103,Inactive,2,2025-07-03,Cancelled,1875.63
C1286,Female,Adult,Multan,2024-11-20,O5286,2024-08-14,Pizza Hut,Pizza,Dessert,5,532.65,Card,29,2025-03-08,410,Active,5,2025-03-09,Delivered,2663.25
C6615,Female,Teenager,Karachi,2023-10-12,O10615,2024-08-14,Subway,Pasta,Fast Food,3,406.95,Cash,9,2025-07-16,400,Inactive,1,2025-06-16,Delivered,1220.85
C1113,Female,Teenager,Karachi,2024-08-25,O5113,2024-08-14,Pizza Hut,Fries,Continental,3,336.68,Wallet,5,2024-12-08,286,Inactive,2,2025-07-20,Cancelled,1010.04
C6642,Other,Teenager,Multan,2023-10-24,O10642,2024-08-14,Subway,Pizza,Dessert,2,548.67,Cash,30,2024-11-10,159,Active,2,2025-02-01,Delayed,1097.34
C2898,Female,Adult,Islamabad,2024-06-25,O6898,2024-08-14,Burger King,Fries,Continental,1,1468.12,Wallet,26,2025-05-25,193,Inactive,4,2025-05-07,Delivered,1468.12
C4234,Male,Teenager,Islamabad,2024-10-05,O8234,2024-08-14,KFC,Pasta,Chinese,2,868.67,Wallet,35,2025-02-21,290,Inactive,3,2025-07-13,Cancelled,1737.34
C6000,Other,Senior,Peshawar,2023-11-14,O10000,2024-08-14,KFC,Pasta,Dessert,4,760.35,Wallet,11,2025-01-16,2,Inactive,5,2025-04-07,Delivered,3041.4
C1845,Other,Teenager,Lahore,2025-03-05,O5845,2024-08-14,Pizza Hut,Pizza,Chinese,2,705.98,Cash,8,2025-03-27,318,Active,2,2024-10-17,Delivered,1411.96
C6299,Female,Teenager,Karachi,2025-03-31,O10299,2024-08-14,McDonald's,Burger,Dessert,4,911.91,Cash,24,2025-07-31,103,Active,1,2025-06-06,Delayed,3647.64
C6416,Other,Senior,Lahore,2023-12-01,O10416,2024-08-14,Pizza Hut,Burger,Dessert,4,964.26,Card,37,2024-11-10,495,Inactive,1,2025-04-16,Cancelled,3857.04
C3292,Other,Teenager,Islamabad,2023-11-02,O7292,2024-08-14,Subway,Pasta,Continental,3,403.37,Card,2,2024-09-23,259,Active,3,2025-06-21,Delivered,1210.11
C5008,Other,Senior,Lahore,2025-02-01,O9008,2024-08-15,McDonald's,Pasta,Italian,3,122.72,Wallet,8,2025-06-27,250,Inactive,3,2024-12-01,Cancelled,368.16
C2679,Female,Senior,Lahore,2025-05-24,O6679,2024-08-15,KFC,Pasta,Fast Food,1,405.64,Wallet,41,2025-08-05,350,Inactive,5,2024-10-27,Delivered,405.64
C1978,Female,Senior,Islamabad,2024-06-28,O5978,2024-08-15,Subway,Sandwich,Continental,1,1062.48,Card,4,2025-03-06,22,Active,5,2025-07-28,Delivered,1062.48
C3804,Other,Adult,Karachi,2024-01-02,O7804,2024-08-15,Burger King,Pasta,Chinese,2,322.67,Card,16,2025-01-15,428,Inactive,4,2024-10-02,Cancelled,645.34
C6755,Male,Teenager,Islamabad,2024-10-02,O10755,2024-08-15,Subway,Burger,Italian,4,808.88,Card,35,2025-05-04,162,Inactive,2,2025-07-01,Delayed,3235.52
C2356,Female,Senior,Peshawar,2024-01-28,O6356,2024-08-15,Burger King,Sandwich,Italian,3,713.89,Cash,33,2024-10-07,315,Inactive,5,2024-12-31,Delayed,2141.67
C1789,Other,Teenager,Karachi,2024-02-21,O5789,2024-08-15,McDonald's,Pizza,Continental,3,181.05,Cash,13,2025-05-02,476,Inactive,5,2024-10-12,Cancelled,543.15
C3304,Male,Adult,Karachi,2024-12-25,O7304,2024-08-15,Burger King,Burger,Chinese,2,1164.46,Cash,14,2025-07-14,473,Inactive,1,2024-12-21,Cancelled,2328.92
C1484,Female,Adult,Multan,2023-09-24,O5484,2024-08-15,Pizza Hut,Pizza,Chinese,5,908.81,Wallet,20,2024-10-05,387,Active,3,2024-10-06,Delivered,4544.05
C6377,Female,Teenager,Islamabad,2024-01-31,O10377,2024-08-15,Burger King,Sandwich,Fast Food,4,734.29,Card,28,2025-05-02,421,Inactive,4,2025-04-23,Delayed,2937.16
C2179,Other,Adult,Islamabad,2024-06-11,O6179,2024-08-15,McDonald's,Pasta,Italian,3,764.53,Cash,36,2025-08-18,193,Inactive,4,2025-06-14,Delivered,2293.59
C2753,Other,Teenager,Islamabad,2023-11-28,O6753,2024-08-16,Burger King,Pasta,Chinese,2,530.91,Cash,24,2025-02-13,357,Inactive,3,2024-08-23,Cancelled,1061.82
C6006,Female,Teenager,Islamabad,2025-02-01,O10006,2024-08-16,Burger King,Fries,Chinese,3,1020.24,Cash,42,2025-05-13,72,Inactive,2,2024-12-29,Delivered,3060.72
C5115,Male,Senior,Lahore,2024-05-01,O9115,2024-08-16,McDonald's,Burger,Italian,1,1007.36,Cash,19,2025-06-13,392,Inactive,3,2025-07-08,Delayed,1007.36
C2383,Other,Teenager,Lahore,2024-04-23,O6383,2024-08-16,Burger King,Fries,Fast Food,2,770.13,Wallet,16,2024-09-10,334,Inactive,4,2024-10-18,Delivered,1540.26
C2080,Other,Senior,Multan,2024-06-07,O6080,2024-08-16,Burger King,Burger,Continental,1,807.59,Wallet,12,2025-06-07,499,Active,4,2025-05-13,Delayed,807.59
C1644,Other,Teenager,Multan,2024-12-02,O5644,2024-08-16,Subway,Pizza,Continental,2,235.81,Card,2,2025-02-17,28,Inactive,3,2024-09-29,Delivered,471.62
C4372,Female,Senior,Peshawar,2023-10-30,O8372,2024-08-16,KFC,Fries,Continental,5,1214.77,Cash,33,2024-11-02,63,Active,4,2024-08-23,Delivered,6073.85
C3600,Other,Adult,Islamabad,2023-11-22,O7600,2024-08-16,Subway,Fries,Dessert,3,1319.95,Card,27,2025-04-19,116,Active,3,2025-04-27,Cancelled,3959.85
C2381,Female,Teenager,Islamabad,2024-03-27,O6381,2024-08-17,Subway,Sandwich,Dessert,4,1137.5,Card,49,2024-10-17,17,Active,2,2025-02-26,Delayed,4550.0
C2125,Other,Senior,Karachi,2024-09-03,O6125,2024-08-17,McDonald's,Burger,Fast Food,3,146.58,Wallet,10,2024-11-03,136,Inactive,4,2025-01-04,Delayed,439.74
C4131,Male,Adult,Islamabad,2025-03-19,O8131,2024-08-17,Pizza Hut,Sandwich,Continental,3,217.42,Wallet,2,2025-05-01,244,Inactive,3,2024-08-31,Delayed,652.26
C1656,Male,Teenager,Multan,2025-01-25,O5656,2024-08-17,Subway,Pasta,Italian,1,195.29,Cash,45,2025-05-23,204,Active,5,2025-07-13,Delayed,195.29
C3503,Male,Senior,Peshawar,2024-10-13,O7503,2024-08-17,Pizza Hut,Pizza,Dessert,2,785.18,Card,15,2025-01-06,46,Inactive,4,2025-04-19,Delayed,1570.36
C1108,Male,Adult,Multan,2024-10-29,O5108,2024-08-17,Pizza Hut,Sandwich,Italian,5,607.07,Wallet,31,2025-05-22,29,Inactive,4,2025-06-10,Delayed,3035.35
C4396,Male,Senior,Peshawar,2024-05-26,O8396,2024-08-17,Pizza Hut,Sandwich,Fast Food,2,1213.92,Cash,3,2025-08-13,494,Inactive,5,2025-01-02,Delivered,2427.84
C2259,Male,Adult,Peshawar,2023-10-22,O6259,2024-08-17,Subway,Fries,Chinese,3,683.61,Card,22,2025-02-18,497,Inactive,3,2025-01-19,Delivered,2050.83
C3071,Female,Adult,Karachi,2025-02-15,O7071,2024-08-17,Burger King,Sandwich,Italian,5,323.75,Cash,35,2025-06-18,313,Inactive,2,2025-01-05,Delayed,1618.75
C5532,Female,Adult,Karachi,2025-02-07,O9532,2024-08-17,KFC,Sandwich,Chinese,5,183.92,Cash,34,2025-08-02,236,Active,1,2025-02-17,Delayed,919.6
C1594,Male,Senior,Peshawar,2025-04-03,O5594,2024-08-17,McDonald's,Pasta,Fast Food,4,920.78,Wallet,15,2025-07-13,399,Inactive,5,2024-08-25,Cancelled,3683.12
C1690,Male,Senior,Karachi,2024-03-10,O5690,2024-08-17,Pizza Hut,Pasta,Italian,1,514.15,Cash,32,2025-08-18,352,Inactive,5,2024-11-18,Delayed,514.15
C1260,Other,Adult,Peshawar,2023-09-27,O5260,2024-08-18,Pizza Hut,Pasta,Chinese,4,896.41,Card,14,2025-08-12,334,Active,3,2025-03-28,Delayed,3585.64
C4623,Other,Teenager,Islamabad,2024-10-27,O8623,2024-08-18,KFC,Fries,Fast Food,1,384.84,Wallet,2,2025-01-20,11,Inactive,3,2024-11-15,Cancelled,384.84
C3574,Other,Senior,Lahore,2023-08-23,O7574,2024-08-18,Subway,Fries,Chinese,2,455.88,Cash,30,2024-11-05,35,Inactive,2,2024-10-16,Cancelled,911.76
C6557,Male,Teenager,Multan,2024-01-12,O10557,2024-08-18,Subway,Sandwich,Continental,2,420.99,Wallet,25,2025-05-04,82,Active,1,2024-09-06,Delivered,841.98
C5101,Male,Adult,Multan,2024-10-19,O9101,2024-08-18,Burger King,Pizza,Continental,2,271.11,Wallet,8,2024-10-29,191,Inactive,4,2024-12-02,Cancelled,542.22
C1668,Other,Senior,Peshawar,2024-09-26,O5668,2024-08-18,KFC,Fries,Continental,1,1203.67,Cash,20,2024-11-12,251,Active,4,2024-11-13,Delayed,1203.67
C5238,Male,Adult,Peshawar,2024-11-27,O9238,2024-08-18,Pizza Hut,Sandwich,Fast Food,1,863.12,Cash,17,2025-06-04,206,Active,2,2024-08-24,Delivered,863.12
C3655,Male,Teenager,Lahore,2024-06-27,O7655,2024-08-18,KFC,Pasta,Dessert,4,1176.24,Wallet,37,2025-08-06,446,Active,3,2025-01-16,Cancelled,4704.96
C2915,Other,Adult,Islamabad,2025-07-27,O6915,2024-08-18,KFC,Pizza,Chinese,4,319.49,Wallet,30,2025-08-08,222,Inactive,4,2024-09-07,Cancelled,1277.96
C1599,Male,Senior,Lahore,2024-02-02,O5599,2024-08-19,Pizza Hut,Pasta,Italian,2,1330.48,Cash,47,2024-12-06,356,Active,2,2025-02-10,Delayed,2660.96
C4003,Other,Senior,Lahore,2024-11-09,O8003,2024-08-19,Burger King,Fries,Italian,2,1285.29,Wallet,32,2025-08-10,203,Active,4,2025-02-16,Delayed,2570.58
C5131,Male,Adult,Peshawar,2025-05-25,O9131,2024-08-19,Burger King,Pasta,Continental,3,305.94,Wallet,47,2025-07-11,353,Inactive,5,2024-10-21,Delayed,917.82
C5196,Other,Teenager,Peshawar,2024-09-07,O9196,2024-08-19,McDonald's,Fries,Italian,2,764.49,Card,25,2024-10-29,158,Inactive,3,2024-09-15,Cancelled,1528.98
C2313,Other,Senior,Lahore,2024-08-18,O6313,2024-08-19,KFC,Sandwich,Fast Food,4,431.44,Wallet,30,2025-01-03,484,Active,3,2025-05-29,Cancelled,1725.76
C2670,Male,Senior,Karachi,2024-12-20,O6670,2024-08-19,Pizza Hut,Pasta,Dessert,5,1146.09,Cash,50,2025-06-11,246,Active,2,2025-03-06,Delivered,5730.45
C1027,Female,Adult,Multan,2024-02-19,O5027,2024-08-19,McDonald's,Burger,Italian,1,1259.02,Card,24,2025-03-24,0,Inactive,2,2024-10-03,Delivered,1259.02
C3763,Female,Teenager,Islamabad,2023-11-19,O7763,2024-08-19,KFC,Fries,Italian,5,639.25,Wallet,14,2024-12-18,300,Inactive,4,2025-04-28,Delivered,3196.25
C5160,Female,Adult,Karachi,2024-01-20,O9160,2024-08-19,KFC,Pasta,Fast Food,5,374.34,Card,26,2025-03-01,254,Inactive,2,2025-06-05,Delayed,1871.7
C2310,Other,Adult,Islamabad,2024-06-09,O6310,2024-08-20,KFC,Fries,Italian,3,1216.02,Card,18,2025-01-24,269,Active,1,2024-12-16,Delayed,3648.06
C1874,Other,Teenager,Multan,2023-11-30,O5874,2024-08-20,Subway,Pasta,Chinese,3,1065.41,Card,24,2025-07-07,315,Inactive,4,2024-11-12,Delayed,3196.23
C1217,Other,Teenager,Multan,2024-05-21,O5217,2024-08-20,Subway,Pasta,Italian,5,990.62,Cash,29,2024-11-17,403,Inactive,3,2024-09-15,Delivered,4953.1
C5284,Male,Teenager,Islamabad,2024-01-10,O9284,2024-08-20,KFC,Pasta,Italian,4,486.06,Card,40,2025-01-07,259,Active,3,2025-07-06,Cancelled,1944.24
C6888,Other,Teenager,Lahore,2023-10-29,O10888,2024-08-20,Subway,Burger,Italian,3,306.82,Card,49,2025-04-08,258,Active,3,2025-01-24,Delivered,920.46
C1155,Female,Teenager,Multan,2024-06-05,O5155,2024-08-20,McDonald's,Burger,Continental,3,1269.85,Wallet,5,2025-05-11,480,Active,5,2025-03-26,Cancelled,3809.55
C6297,Female,Adult,Islamabad,2024-10-16,O10297,2024-08-20,Pizza Hut,Fries,Dessert,1,371.78,Card,50,2024-12-01,452,Inactive,5,2024-11-06,Cancelled,371.78
C6549,Female,Senior,Multan,2024-05-25,O10549,2024-08-20,Subway,Burger,Italian,1,1025.18,Wallet,45,2025-03-25,9,Inactive,3,2025-05-08,Cancelled,1025.18
C3718,Female,Senior,Karachi,2024-02-12,O7718,2024-08-20,Burger King,Pizza,Dessert,2,863.68,Card,19,2025-07-21,449,Inactive,3,2025-05-23,Cancelled,1727.36
C3086,Male,Senior,Multan,2024-09-10,O7086,2024-08-21,KFC,Pizza,Fast Food,4,276.45,Cash,41,2024-10-04,190,Active,2,2024-09-27,Cancelled,1105.8
C3428,Female,Teenager,Islamabad,2024-11-28,O7428,2024-08-21,McDonald's,Sandwich,Continental,1,417.52,Card,21,2025-07-19,6,Inactive,2,2024-11-24,Delivered,417.52
C4364,Male,Senior,Peshawar,2025-06-19,O8364,2024-08-21,Pizza Hut,Pasta,Chinese,1,291.22,Wallet,40,2025-07-19,182,Active,2,2024-11-11,Cancelled,291.22
C1642,Other,Teenager,Multan,2025-02-20,O5642,2024-08-21,Burger King,Burger,Dessert,1,162.13,Card,19,2025-08-12,161,Inactive,4,2025-02-17,Delayed,162.13
C5540,Other,Adult,Lahore,2024-08-11,O9540,2024-08-21,Burger King,Sandwich,Fast Food,1,479.68,Wallet,26,2025-03-03,69,Active,1,2024-09-07,Cancelled,479.68
C3035,Female,Adult,Islamabad,2024-03-29,O7035,2024-08-21,Pizza Hut,Burger,Fast Food,4,494.24,Cash,36,2025-06-22,377,Active,3,2024-11-08,Delayed,1976.96
C1335,Male,Adult,Peshawar,2024-05-11,O5335,2024-08-21,Pizza Hut,Fries,Dessert,2,1363.64,Cash,2,2025-06-10,385,Inactive,1,2025-04-13,Cancelled,2727.28
C2912,Other,Senior,Lahore,2024-05-22,O6912,2024-08-21,KFC,Fries,Italian,5,1487.71,Wallet,27,2024-12-11,445,Inactive,3,2025-02-01,Delivered,7438.55
C2916,Other,Adult,Multan,2025-05-31,O6916,2024-08-21,McDonald's,Fries,Continental,3,402.44,Cash,11,2025-07-07,164,Active,3,2024-08-28,Cancelled,1207.32
C1306,Other,Teenager,Multan,2023-09-28,O5306,2024-08-22,Subway,Sandwich,Continental,2,495.25,Wallet,30,2024-10-27,41,Inactive,5,2024-11-29,Delivered,990.5
C1428,Female,Senior,Karachi,2024-02-25,O5428,2024-08-22,Subway,Fries,Continental,3,893.54,Cash,38,2025-06-24,489,Inactive,2,2025-01-18,Cancelled,2680.62
C4520,Male,Teenager,Islamabad,2023-11-29,O8520,2024-08-22,Pizza Hut,Fries,Italian,2,604.42,Card,37,2025-06-05,423,Active,2,2024-08-27,Cancelled,1208.84
C3852,Female,Adult,Karachi,2023-09-20,O7852,2024-08-22,KFC,Pizza,Fast Food,1,1382.53,Wallet,20,2024-10-24,328,Active,3,2025-02-18,Cancelled,1382.53
C2934,Female,Senior,Karachi,2025-01-21,O6934,2024-08-22,KFC,Burger,Italian,2,1069.58,Cash,47,2025-05-28,51,Active,2,2024-11-17,Delivered,2139.16
C4644,Female,Senior,Lahore,2023-09-21,O8644,2024-08-22,Burger King,Burger,Fast Food,1,1122.32,Cash,37,2025-05-06,402,Active,4,2025-03-11,Delayed,1122.32
C5118,Female,Adult,Lahore,2023-10-30,O9118,2024-08-22,KFC,Pasta,Continental,3,431.52,Cash,14,2025-01-23,292,Inactive,5,2024-12-24,Cancelled,1294.56
C3731,Female,Teenager,Karachi,2023-12-17,O7731,2024-08-22,Subway,Pizza,Continental,3,896.42,Cash,25,2024-12-27,471,Active,3,2025-01-23,Cancelled,2689.26
C3612,Other,Senior,Karachi,2024-06-16,O7612,2024-08-22,Burger King,Burger,Italian,2,737.23,Wallet,39,2025-04-10,28,Inactive,3,2024-11-05,Delivered,1474.46
C5184,Male,Adult,Lahore,2023-11-16,O9184,2024-08-23,McDonald's,Pasta,Continental,5,1114.25,Wallet,26,2025-06-30,0,Active,4,2024-09-16,Delivered,5571.25
C5626,Female,Teenager,Peshawar,2024-09-17,O9626,2024-08-23,Burger King,Pizza,Continental,1,981.21,Wallet,8,2025-08-07,15,Active,4,2025-08-01,Delivered,981.21
C4024,Male,Teenager,Lahore,2024-12-10,O8024,2024-08-23,Subway,Pasta,Chinese,4,1382.56,Card,18,2025-03-02,452,Active,2,2025-03-26,Delivered,5530.24
C5875,Other,Senior,Islamabad,2024-02-29,O9875,2024-08-23,McDonald's,Fries,Italian,4,1064.56,Cash,7,2024-09-24,148,Active,3,2025-03-30,Cancelled,4258.24
C5586,Female,Adult,Multan,2025-04-15,O9586,2024-08-24,McDonald's,Pasta,Fast Food,3,607.6,Cash,9,2025-08-20,373,Active,1,2025-07-06,Delivered,1822.8
C6948,Male,Senior,Lahore,2025-01-09,O10948,2024-08-24,Burger King,Burger,Dessert,5,1220.05,Cash,48,2025-05-25,189,Inactive,3,2024-09-08,Cancelled,6100.25
C1235,Male,Adult,Multan,2024-09-03,O5235,2024-08-24,Burger King,Fries,Continental,2,940.78,Wallet,34,2025-05-19,75,Active,2,2025-06-27,Delayed,1881.56
C2879,Other,Teenager,Karachi,2025-03-29,O6879,2024-08-24,McDonald's,Sandwich,Fast Food,5,229.13,Wallet,39,2025-08-19,435,Inactive,4,2025-05-31,Delivered,1145.65
C1625,Other,Adult,Karachi,2024-12-16,O5625,2024-08-24,KFC,Pasta,Dessert,4,852.01,Wallet,8,2025-07-12,161,Inactive,4,2025-04-10,Delivered,3408.04
C4333,Male,Adult,Islamabad,2023-12-05,O8333,2024-08-24,Pizza Hut,Pasta,Continental,5,851.46,Wallet,3,2024-10-27,195,Inactive,4,2025-08-07,Delivered,4257.3
C1752,Male,Senior,Lahore,2024-02-28,O5752,2024-08-25,Subway,Pasta,Chinese,4,651.37,Card,24,2024-12-09,71,Inactive,1,2024-09-29,Cancelled,2605.48
C6020,Other,Teenager,Multan,2023-12-23,O10020,2024-08-25,Subway,Burger,Italian,3,919.21,Wallet,4,2025-07-31,131,Inactive,5,2025-07-22,Delivered,2757.63
C5969,Male,Adult,Lahore,2025-02-04,O9969,2024-08-25,Pizza Hut,Burger,Chinese,5,456.64,Card,41,2025-05-23,273,Active,2,2025-02-20,Delivered,2283.2
C1069,Male,Teenager,Karachi,2024-06-20,O5069,2024-08-25,Burger King,Pizza,Continental,4,778.31,Cash,32,2025-08-08,52,Active,2,2025-05-07,Delivered,3113.24
C5201,Other,Senior,Karachi,2025-05-10,O9201,2024-08-25,Subway,Burger,Fast Food,1,819.41,Cash,24,2025-06-12,417,Active,4,2024-11-13,Cancelled,819.41
C3873,Male,Teenager,Peshawar,2023-12-21,O7873,2024-08-25,KFC,Pizza,Dessert,5,862.35,Card,39,2025-03-22,131,Active,3,2025-04-27,Delayed,4311.75
C4918,Other,Teenager,Multan,2023-10-17,O8918,2024-08-25,Burger King,Burger,Fast Food,5,991.87,Cash,13,2024-11-19,303,Inactive,3,2024-10-28,Delayed,4959.35
C3566,Female,Senior,Islamabad,2025-01-03,O7566,2024-08-25,KFC,Burger,Italian,3,516.58,Cash,20,2025-03-22,209,Active,5,2024-12-03,Delivered,1549.74
C1873,Female,Teenager,Multan,2024-09-11,O5873,2024-08-25,Subway,Sandwich,Italian,5,111.39,Cash,11,2025-01-26,408,Inactive,4,2025-06-14,Cancelled,556.95
C2262,Female,Adult,Islamabad,2023-09-05,O6262,2024-08-25,Subway,Burger,Fast Food,1,119.72,Wallet,2,2024-09-25,302,Active,5,2024-11-07,Delayed,119.72
C6075,Male,Adult,Islamabad,2023-11-12,O10075,2024-08-25,McDonald's,Sandwich,Continental,3,1438.67,Wallet,25,2024-11-17,266,Inactive,1,2024-11-17,Delivered,4316.01
C2395,Male,Adult,Peshawar,2025-05-05,O6395,2024-08-25,Pizza Hut,Pasta,Dessert,1,1289.8,Cash,28,2025-07-06,459,Inactive,3,2025-08-08,Delayed,1289.8
C5236,Other,Adult,Karachi,2025-01-27,O9236,2024-08-25,Subway,Sandwich,Italian,1,1138.15,Cash,10,2025-02-10,101,Active,3,2024-08-29,Delivered,1138.15
C1663,Female,Adult,Karachi,2025-02-14,O5663,2024-08-25,KFC,Sandwich,Fast Food,1,121.23,Card,27,2025-04-16,481,Inactive,2,2025-02-01,Cancelled,121.23
C5920,Female,Adult,Karachi,2024-04-15,O9920,2024-08-25,Burger King,Burger,Fast Food,5,616.98,Card,26,2024-09-22,9,Inactive,2,2025-05-23,Cancelled,3084.9
C3659,Female,Senior,Peshawar,2024-03-19,O7659,2024-08-26,McDonald's,Pasta,Dessert,2,482.49,Wallet,18,2024-12-06,323,Inactive,3,2025-01-08,Delayed,964.98
C2278,Other,Adult,Lahore,2024-04-13,O6278,2024-08-26,KFC,Sandwich,Fast Food,4,1008.46,Wallet,10,2025-02-12,490,Inactive,2,2025-03-26,Delayed,4033.84
C6336,Female,Senior,Islamabad,2024-03-15,O10336,2024-08-26,KFC,Pizza,Fast Food,3,926.02,Wallet,45,2025-06-04,79,Active,1,2024-12-24,Cancelled,2778.06
C5880,Female,Senior,Peshawar,2023-10-12,O9880,2024-08-26,Subway,Burger,Continental,5,358.1,Wallet,22,2024-08-22,186,Inactive,1,2024-12-04,Delivered,1790.5
C4115,Female,Adult,Multan,2024-07-30,O8115,2024-08-26,Burger King,Sandwich,Chinese,3,495.84,Card,27,2024-11-07,41,Inactive,2,2025-07-25,Cancelled,1487.52
C5091,Other,Senior,Lahore,2024-11-04,O9091,2024-08-26,Burger King,Burger,Continental,5,1226.24,Wallet,39,2025-07-16,234,Inactive,3,2025-04-03,Delayed,6131.2
C6011,Male,Teenager,Peshawar,2024-09-28,O10011,2024-08-27,Burger King,Fries,Continental,4,1418.31,Wallet,7,2024-11-16,441,Inactive,5,2025-04-12,Delayed,5673.24
C1408,Male,Teenager,Islamabad,2025-04-03,O5408,2024-08-27,KFC,Fries,Chinese,4,1331.15,Cash,27,2025-06-12,28,Inactive,1,2024-09-20,Delivered,5324.6
C5796,Other,Adult,Islamabad,2024-01-16,O9796,2024-08-27,KFC,Pizza,Continental,3,244.37,Cash,38,2025-03-11,370,Inactive,5,2025-04-21,Cancelled,733.11
C4337,Male,Adult,Multan,2024-02-12,O8337,2024-08-27,McDonald's,Pizza,Fast Food,1,1415.56,Card,6,2024-08-27,23,Inactive,3,2025-03-22,Delayed,1415.56
C6539,Male,Senior,Islamabad,2024-02-25,O10539,2024-08-27,McDonald's,Burger,Chinese,3,454.92,Card,22,2024-12-07,253,Inactive,1,2025-06-14,Cancelled,1364.76
C1172,Other,Teenager,Karachi,2025-02-23,O5172,2024-08-27,McDonald's,Pasta,Continental,4,463.36,Cash,23,2025-06-09,99,Inactive,5,2025-04-19,Delayed,1853.44
C5493,Male,Adult,Peshawar,2024-06-29,O9493,2024-08-27,KFC,Sandwich,Italian,4,1244.28,Card,25,2025-04-16,240,Active,3,2025-03-18,Delayed,4977.12
C4575,Female,Senior,Karachi,2024-04-30,O8575,2024-08-27,Burger King,Sandwich,Fast Food,4,670.74,Card,6,2025-02-01,94,Active,4,2025-08-19,Delivered,2682.96
C1657,Male,Adult,Karachi,2024-03-27,O5657,2024-08-27,Pizza Hut,Sandwich,Dessert,3,954.71,Card,8,2025-08-01,249,Active,1,2024-12-30,Cancelled,2864.13
C4013,Other,Senior,Islamabad,2024-12-01,O8013,2024-08-28,Burger King,Pizza,Italian,5,1279.01,Cash,25,2025-05-05,132,Inactive,2,2025-06-05,Cancelled,6395.05
C5682,Other,Teenager,Peshawar,2024-03-06,O9682,2024-08-28,KFC,Fries,Continental,1,1392.6,Card,6,2025-03-08,182,Inactive,4,2025-06-24,Delayed,1392.6
C5754,Other,Senior,Peshawar,2024-03-31,O9754,2024-08-28,Subway,Fries,Continental,1,1229.1,Wallet,18,2025-04-17,100,Inactive,5,2024-10-24,Cancelled,1229.1
C2187,Female,Senior,Lahore,2024-12-22,O6187,2024-08-28,Burger King,Burger,Chinese,1,1061.75,Wallet,41,2025-07-04,365,Inactive,2,2025-03-13,Delayed,1061.75
C6499,Female,Teenager,Karachi,2024-08-04,O10499,2024-08-28,Burger King,Pasta,Continental,3,815.41,Wallet,18,2025-03-09,355,Active,4,2025-05-18,Delayed,2446.23
C1882,Male,Adult,Lahore,2024-10-25,O5882,2024-08-28,Subway,Fries,Fast Food,4,645.32,Wallet,26,2025-04-15,168,Inactive,3,2024-11-05,Cancelled,2581.28
C6736,Other,Senior,Islamabad,2024-01-05,O10736,2024-08-28,Subway,Pasta,Chinese,2,685.75,Wallet,6,2025-06-25,236,Active,3,2025-03-24,Delivered,1371.5
C4704,Male,Senior,Peshawar,2024-08-24,O8704,2024-08-28,McDonald's,Pizza,Fast Food,1,1388.82,Card,4,2025-04-29,192,Inactive,1,2025-07-29,Cancelled,1388.82
C1418,Male,Teenager,Lahore,2024-07-05,O5418,2024-08-28,Pizza Hut,Pasta,Continental,2,482.56,Cash,39,2024-09-09,455,Inactive,2,2025-02-14,Delayed,965.12
C2120,Male,Adult,Multan,2023-08-27,O6120,2024-08-29,KFC,Fries,Italian,1,467.23,Card,8,2024-11-12,70,Active,3,2025-08-10,Cancelled,467.23
C1723,Other,Adult,Islamabad,2024-07-21,O5723,2024-08-29,Subway,Pasta,Continental,2,1404.74,Wallet,21,2024-09-09,166,Inactive,3,2024-11-09,Delayed,2809.48
C4421,Other,Adult,Karachi,2023-12-07,O8421,2024-08-29,McDonald's,Fries,Chinese,1,734.61,Wallet,34,2025-02-13,70,Inactive,4,2024-11-08,Cancelled,734.61
C2000,Female,Senior,Islamabad,2024-10-03,O6000,2024-08-29,McDonald's,Sandwich,Chinese,3,233.22,Card,38,2024-11-18,113,Inactive,3,2025-05-08,Cancelled,699.66
C2980,Female,Teenager,Multan,2024-11-18,O6980,2024-08-29,Burger King,Pasta,Dessert,3,439.68,Wallet,18,2025-04-03,356,Active,1,2024-10-25,Delivered,1319.04
C2557,Female,Senior,Multan,2024-12-14,O6557,2024-08-29,Burger King,Fries,Fast Food,3,532.51,Cash,48,2025-06-03,9,Inactive,3,2024-11-10,Delayed,1597.53
C3528,Female,Adult,Islamabad,2024-12-28,O7528,2024-08-29,KFC,Fries,Dessert,2,162.61,Cash,10,2025-05-20,366,Inactive,1,2024-11-30,Cancelled,325.22
C2528,Other,Senior,Peshawar,2025-01-14,O6528,2024-08-30,McDonald's,Pizza,Fast Food,3,1140.72,Cash,32,2025-07-27,392,Inactive,1,2025-08-19,Cancelled,3422.16
C1794,Other,Senior,Karachi,2024-12-30,O5794,2024-08-30,KFC,Pasta,Fast Food,3,445.62,Cash,28,2025-06-20,38,Inactive,4,2025-06-13,Delayed,1336.86
C5111,Male,Adult,Islamabad,2023-11-27,O9111,2024-08-30,Burger King,Pizza,Continental,4,415.68,Card,13,2025-06-26,199,Inactive,2,2024-12-04,Cancelled,1662.72
C1178,Female,Adult,Lahore,2025-05-08,O5178,2024-08-30,Pizza Hut,Sandwich,Chinese,3,125.52,Wallet,22,2025-07-24,354,Active,2,2025-01-13,Delayed,376.56
C4121,Male,Teenager,Karachi,2024-08-31,O8121,2024-08-30,Subway,Fries,Italian,3,894.05,Cash,37,2025-05-09,272,Inactive,2,2025-03-28,Cancelled,2682.15
C1059,Male,Teenager,Karachi,2025-02-04,O5059,2024-08-30,Burger King,Burger,Dessert,2,408.57,Card,29,2025-08-02,226,Inactive,4,2024-08-29,Cancelled,817.14
C3404,Male,Senior,Lahore,2023-12-20,O7404,2024-08-30,KFC,Pasta,Italian,5,522.36,Cash,12,2024-10-04,384,Inactive,1,2025-01-07,Cancelled,2611.8
C2752,Other,Teenager,Peshawar,2023-10-01,O6752,2024-08-30,KFC,Sandwich,Dessert,5,775.73,Card,14,2025-07-31,312,Active,3,2025-03-25,Cancelled,3878.65
C3128,Male,Adult,Islamabad,2024-04-01,O7128,2024-08-30,Subway,Pizza,Chinese,1,213.48,Wallet,10,2025-07-26,277,Inactive,1,2025-08-09,Delivered,213.48
C6583,Male,Adult,Lahore,2025-06-05,O10583,2024-08-30,Burger King,Pasta,Chinese,5,530.44,Wallet,2,2025-07-06,454,Active,4,2025-05-16,Delivered,2652.2
C6384,Male,Adult,Karachi,2024-01-06,O10384,2024-08-30,Pizza Hut,Sandwich,Dessert,5,824.82,Cash,22,2025-07-31,114,Active,5,2024-10-06,Delivered,4124.1
C1030,Other,Adult,Lahore,2024-12-07,O5030,2024-08-31,Burger King,Sandwich,Continental,1,1269.19,Cash,36,2025-02-14,454,Active,1,2025-06-23,Cancelled,1269.19
C5938,Female,Teenager,Islamabad,2024-10-18,O9938,2024-08-31,Pizza Hut,Sandwich,Continental,3,691.35,Card,41,2025-08-04,108,Active,2,2024-09-11,Delivered,2074.05
C3002,Other,Adult,Lahore,2024-07-10,O7002,2024-08-31,McDonald's,Sandwich,Fast Food,1,1231.63,Cash,26,2024-10-26,251,Active,5,2025-01-01,Delivered,1231.63
C5757,Other,Teenager,Karachi,2024-07-30,O9757,2024-08-31,McDonald's,Sandwich,Continental,2,489.05,Card,6,2025-04-05,357,Active,5,2025-06-06,Delayed,978.1
C5759,Female,Teenager,Peshawar,2024-11-16,O9759,2024-09-01,KFC,Fries,Italian,3,1449.13,Wallet,44,2025-02-28,472,Active,2,2025-01-12,Delivered,4347.39
C6825,Male,Senior,Lahore,2023-10-04,O10825,2024-09-01,McDonald's,Pizza,Dessert,4,344.08,Cash,49,2025-03-20,310,Active,5,2025-03-27,Delayed,1376.32
C6616,Female,Adult,Islamabad,2023-09-04,O10616,2024-09-01,McDonald's,Pasta,Italian,5,547.45,Card,40,2025-01-20,392,Inactive,1,2024-11-23,Delayed,2737.25
C3295,Female,Senior,Lahore,2024-08-30,O7295,2024-09-01,Pizza Hut,Sandwich,Chinese,1,240.77,Card,14,2025-07-19,179,Inactive,1,2025-07-10,Delivered,240.77
C6504,Female,Senior,Islamabad,2025-03-19,O10504,2024-09-01,Subway,Pizza,Italian,1,114.73,Card,20,2025-07-11,386,Active,5,2024-10-07,Delivered,114.73
C6891,Male,Senior,Peshawar,2024-04-23,O10891,2024-09-01,McDonald's,Pizza,Dessert,4,831.01,Card,49,2024-11-09,112,Active,3,2024-12-19,Cancelled,3324.04
C5955,Male,Adult,Karachi,2024-06-26,O9955,2024-09-01,Pizza Hut,Burger,Fast Food,2,849.17,Card,15,2025-04-20,67,Active,1,2025-06-22,Cancelled,1698.34
C3280,Other,Senior,Islamabad,2024-08-07,O7280,2024-09-01,KFC,Burger,Fast Food,4,1292.12,Wallet,40,2025-05-18,214,Active,3,2024-12-18,Delivered,5168.48
C3253,Male,Adult,Karachi,2025-01-18,O7253,2024-09-01,Pizza Hut,Pasta,Italian,5,914.54,Cash,33,2025-07-09,181,Active,4,2025-08-08,Cancelled,4572.7
C2376,Female,Teenager,Peshawar,2023-08-26,O6376,2024-09-02,McDonald's,Burger,Dessert,3,983.95,Cash,45,2024-11-02,164,Active,4,2025-07-21,Delivered,2951.85
C3405,Male,Teenager,Islamabad,2025-03-17,O7405,2024-09-02,McDonald's,Sandwich,Dessert,2,733.38,Card,19,2025-08-07,85,Active,1,2025-07-14,Cancelled,1466.76
C4428,Other,Adult,Lahore,2024-11-05,O8428,2024-09-02,Pizza Hut,Pizza,Fast Food,3,280.69,Wallet,21,2024-12-05,95,Active,1,2025-03-13,Delivered,842.07
C6115,Female,Adult,Lahore,2025-01-04,O10115,2024-09-02,Subway,Burger,Chinese,3,1261.71,Wallet,2,2025-05-12,198,Active,1,2025-07-01,Delayed,3785.13
C5351,Other,Adult,Lahore,2024-01-07,O9351,2024-09-02,McDonald's,Sandwich,Continental,4,330.64,Cash,19,2024-11-15,73,Active,4,2025-03-31,Delivered,1322.56
C2550,Female,Teenager,Peshawar,2024-02-06,O6550,2024-09-02,Subway,Pizza,Chinese,3,1490.53,Wallet,38,2024-10-03,455,Inactive,4,2025-07-27,Delayed,4471.59
C2639,Male,Teenager,Lahore,2024-12-07,O6639,2024-09-02,Subway,Fries,Italian,5,929.29,Wallet,37,2025-03-05,265,Active,3,2025-04-27,Delayed,4646.45
C1787,Female,Senior,Peshawar,2024-11-05,O5787,2024-09-02,McDonald's,Burger,Chinese,1,278.92,Wallet,31,2024-11-21,476,Inactive,4,2024-11-30,Cancelled,278.92
C4557,Male,Senior,Islamabad,2024-09-18,O8557,2024-09-03,Subway,Fries,Fast Food,2,170.02,Wallet,27,2025-05-17,314,Inactive,2,2025-06-09,Delivered,340.04
C5830,Other,Senior,Multan,2024-11-08,O9830,2024-09-03,Pizza Hut,Pasta,Italian,2,686.84,Card,5,2025-05-23,224,Active,2,2024-12-24,Delivered,1373.68
C5007,Female,Senior,Multan,2024-07-08,O9007,2024-09-03,McDonald's,Pizza,Dessert,3,784.77,Card,31,2025-08-19,43,Inactive,4,2025-03-31,Delayed,2354.31
C6633,Female,Adult,Lahore,2024-04-14,O10633,2024-09-03,Burger King,Pasta,Dessert,5,121.22,Card,15,2024-10-17,257,Inactive,5,2024-12-09,Cancelled,606.1
C1569,Male,Teenager,Lahore,2024-12-13,O5569,2024-09-03,McDonald's,Pizza,Fast Food,4,1028.97,Wallet,12,2025-06-02,177,Inactive,1,2025-05-02,Delivered,4115.88
C2147,Other,Teenager,Islamabad,2023-11-10,O6147,2024-09-03,Burger King,Pizza,Dessert,1,179.46,Card,1,2024-12-29,258,Active,3,2024-11-19,Delayed,179.46
C2185,Female,Senior,Lahore,2024-10-01,O6185,2024-09-03,Pizza Hut,Pasta,Italian,2,1085.28,Cash,8,2024-12-18,46,Inactive,1,2025-06-12,Delayed,2170.56
C6205,Female,Adult,Lahore,2024-05-08,O10205,2024-09-03,McDonald's,Pasta,Continental,5,1349.28,Wallet,28,2025-08-16,297,Inactive,2,2024-09-17,Delayed,6746.4
C6878,Other,Teenager,Peshawar,2024-11-22,O10878,2024-09-03,KFC,Burger,Dessert,1,1161.95,Card,41,2025-07-04,263,Inactive,3,2025-07-28,Delivered,1161.95
C6651,Male,Senior,Multan,2024-03-29,O10651,2024-09-03,McDonald's,Burger,Chinese,2,138.03,Card,46,2024-09-21,472,Active,1,2025-07-15,Cancelled,276.06
C4893,Female,Adult,Karachi,2023-10-08,O8893,2024-09-04,Pizza Hut,Pasta,Dessert,2,1184.16,Wallet,10,2024-09-04,453,Inactive,1,2024-12-01,Delivered,2368.32
C2095,Other,Teenager,Lahore,2024-10-15,O6095,2024-09-04,KFC,Burger,Chinese,1,1030.3,Card,35,2025-02-19,381,Inactive,5,2024-12-27,Delivered,1030.3
C4895,Other,Senior,Lahore,2024-08-19,O8895,2024-09-04,KFC,Pizza,Italian,3,640.14,Card,38,2025-02-11,495,Active,1,2025-01-25,Delayed,1920.42
C1830,Other,Senior,Karachi,2024-07-27,O5830,2024-09-04,Pizza Hut,Fries,Fast Food,5,422.59,Card,11,2025-04-14,390,Inactive,4,2025-08-05,Delivered,2112.95
C4406,Male,Teenager,Peshawar,2023-10-11,O8406,2024-09-04,Subway,Burger,Dessert,5,633.97,Wallet,8,2025-07-27,382,Inactive,4,2025-06-16,Delivered,3169.85
C5851,Male,Senior,Karachi,2025-03-01,O9851,2024-09-04,Pizza Hut,Sandwich,Italian,5,1006.63,Wallet,36,2025-06-07,154,Inactive,3,2024-09-15,Delivered,5033.15
C1687,Male,Adult,Lahore,2024-07-11,O5687,2024-09-04,McDonald's,Pizza,Italian,3,719.71,Cash,29,2025-08-11,402,Active,2,2024-11-23,Delayed,2159.13
C2203,Other,Adult,Multan,2024-10-21,O6203,2024-09-05,Burger King,Fries,Italian,5,386.89,Card,38,2024-12-12,272,Active,2,2025-01-15,Cancelled,1934.45
C6730,Other,Teenager,Multan,2023-10-21,O10730,2024-09-05,Burger King,Fries,Chinese,2,915.08,Card,44,2024-09-22,459,Inactive,2,2024-12-17,Delayed,1830.16
C4322,Male,Teenager,Peshawar,2024-10-02,O8322,2024-09-05,Subway,Pizza,Dessert,4,720.99,Card,41,2025-05-13,62,Active,4,2025-04-18,Delivered,2883.96
C6068,Other,Senior,Multan,2025-04-09,O10068,2024-09-05,Subway,Burger,Dessert,3,1281.68,Card,31,2025-04-28,281,Active,3,2025-06-24,Delivered,3845.04
C4501,Male,Adult,Islamabad,2023-09-25,O8501,2024-09-05,Burger King,Pizza,Italian,3,798.92,Wallet,40,2024-12-17,147,Inactive,3,2025-02-12,Cancelled,2396.76
C3317,Other,Teenager,Karachi,2025-04-09,O7317,2024-09-05,Subway,Pasta,Fast Food,5,1410.26,Card,28,2025-04-29,477,Inactive,2,2024-09-28,Delayed,7051.3
C6739,Other,Adult,Peshawar,2024-01-12,O10739,2024-09-05,Subway,Pasta,Continental,2,1127.22,Cash,8,2025-01-14,311,Active,4,2025-08-20,Delayed,2254.44
C5543,Other,Teenager,Multan,2024-10-27,O9543,2024-09-05,Subway,Pasta,Continental,3,650.33,Cash,27,2025-07-01,32,Inactive,1,2025-01-27,Delivered,1950.99
C3133,Other,Senior,Lahore,2024-11-07,O7133,2024-09-05,Subway,Pasta,Continental,5,969.9,Cash,32,2024-12-07,376,Active,4,2025-06-26,Delayed,4849.5
C6036,Male,Adult,Multan,2025-02-10,O10036,2024-09-06,McDonald's,Pizza,Continental,4,521.34,Cash,42,2025-08-03,206,Active,2,2025-05-15,Delayed,2085.36
C6603,Other,Adult,Multan,2023-08-30,O10603,2024-09-06,KFC,Burger,Chinese,1,1327.48,Card,1,2024-11-05,165,Inactive,1,2025-06-22,Delivered,1327.48
C3557,Male,Teenager,Islamabad,2024-10-05,O7557,2024-09-06,Subway,Fries,Dessert,1,736.08,Card,26,2024-12-10,367,Active,2,2025-04-21,Delivered,736.08
C3584,Female,Teenager,Lahore,2025-02-09,O7584,2024-09-06,Burger King,Pasta,Chinese,5,846.33,Wallet,35,2025-07-09,35,Active,1,2025-06-29,Delivered,4231.65
C6770,Other,Teenager,Islamabad,2024-08-25,O10770,2024-09-06,Burger King,Sandwich,Chinese,5,283.86,Card,48,2024-12-16,459,Active,3,2025-02-24,Delayed,1419.3
C6993,Female,Adult,Peshawar,2024-02-11,O10993,2024-09-06,Burger King,Pasta,Continental,5,697.34,Wallet,34,2025-02-11,394,Inactive,1,2024-11-11,Delivered,3486.7
C1300,Male,Adult,Islamabad,2024-10-29,O5300,2024-09-06,Pizza Hut,Burger,Continental,4,1041.88,Wallet,3,2025-07-07,461,Inactive,2,2024-09-06,Delayed,4167.52
C1753,Male,Teenager,Multan,2024-05-09,O5753,2024-09-06,Subway,Pizza,Dessert,2,940.85,Wallet,37,2025-03-17,487,Active,2,2024-10-05,Delayed,1881.7
C6347,Male,Senior,Peshawar,2024-04-18,O10347,2024-09-07,KFC,Pizza,Continental,2,1042.68,Card,24,2024-11-27,354,Inactive,1,2024-12-23,Cancelled,2085.36
C3555,Female,Adult,Islamabad,2024-08-10,O7555,2024-09-07,Subway,Sandwich,Continental,1,900.46,Cash,1,2024-10-08,111,Active,4,2025-02-22,Cancelled,900.46
C6715,Other,Adult,Peshawar,2024-08-16,O10715,2024-09-07,McDonald's,Fries,Fast Food,1,1336.21,Cash,49,2024-10-12,44,Inactive,2,2024-10-04,Delivered,1336.21
C4963,Male,Teenager,Lahore,2023-10-24,O8963,2024-09-07,Subway,Sandwich,Fast Food,3,1457.58,Wallet,4,2025-01-12,496,Inactive,2,2024-10-10,Delivered,4372.74
C6447,Male,Senior,Peshawar,2023-10-05,O10447,2024-09-07,KFC,Pasta,Fast Food,3,397.04,Wallet,24,2025-01-23,491,Inactive,4,2024-12-23,Cancelled,1191.12
C1725,Other,Teenager,Multan,2024-01-14,O5725,2024-09-07,Subway,Sandwich,Chinese,2,1439.3,Cash,29,2024-12-13,286,Active,3,2024-12-14,Cancelled,2878.6
C4014,Male,Teenager,Karachi,2025-04-25,O8014,2024-09-07,McDonald's,Pasta,Continental,1,512.22,Cash,49,2025-04-29,20,Inactive,1,2024-11-05,Delivered,512.22
C3696,Male,Senior,Multan,2024-12-17,O7696,2024-09-07,Burger King,Burger,Fast Food,2,1247.51,Wallet,3,2025-07-24,305,Inactive,5,2024-10-31,Delivered,2495.02
C2197,Female,Senior,Multan,2025-01-27,O6197,2024-09-07,Burger King,Pizza,Italian,1,1085.57,Card,25,2025-04-22,238,Inactive,4,2024-12-02,Delivered,1085.57
C6785,Other,Teenager,Peshawar,2024-08-13,O10785,2024-09-08,Pizza Hut,Sandwich,Italian,1,1396.57,Cash,29,2024-12-10,236,Active,5,2025-02-22,Cancelled,1396.57
C4779,Female,Teenager,Multan,2023-09-06,O8779,2024-09-08,KFC,Pizza,Continental,2,463.41,Cash,34,2025-06-12,415,Inactive,4,2025-02-16,Delivered,926.82
C1616,Male,Adult,Peshawar,2023-12-11,O5616,2024-09-08,KFC,Fries,Fast Food,1,769.19,Cash,31,2024-11-08,67,Active,4,2024-09-12,Delivered,769.19
C5106,Male,Adult,Lahore,2024-06-29,O9106,2024-09-08,KFC,Pasta,Italian,4,151.13,Wallet,15,2025-06-19,397,Active,1,2025-03-04,Delivered,604.52
C1615,Male,Adult,Lahore,2024-04-30,O5615,2024-09-08,Pizza Hut,Fries,Italian,3,1340.32,Cash,48,2025-05-26,395,Inactive,2,2025-06-15,Delayed,4020.96
C5228,Male,Teenager,Peshawar,2025-03-06,O9228,2024-09-08,KFC,Burger,Fast Food,5,1068.79,Wallet,12,2025-04-22,324,Inactive,4,2025-02-18,Cancelled,5343.95
C6291,Male,Teenager,Lahore,2024-11-07,O10291,2024-09-08,Subway,Pizza,Fast Food,4,474.2,Card,10,2025-07-20,207,Inactive,4,2025-05-17,Cancelled,1896.8
C2554,Male,Teenager,Multan,2023-08-22,O6554,2024-09-08,Pizza Hut,Fries,Continental,4,1350.62,Cash,5,2025-05-28,69,Inactive,2,2025-02-03,Delivered,5402.48
C4791,Female,Senior,Peshawar,2025-04-22,O8791,2024-09-08,KFC,Fries,Fast Food,3,726.01,Wallet,12,2025-07-22,459,Active,2,2025-07-12,Cancelled,2178.03
C1140,Other,Senior,Multan,2025-01-26,O5140,2024-09-08,Subway,Burger,Chinese,3,407.46,Wallet,10,2025-08-19,471,Inactive,3,2024-12-11,Cancelled,1222.38
C4047,Other,Senior,Multan,2025-01-16,O8047,2024-09-08,Subway,Burger,Italian,2,647.68,Cash,29,2025-02-05,182,Inactive,4,2025-04-01,Cancelled,1295.36
C1678,Other,Adult,Multan,2024-09-19,O5678,2024-09-08,KFC,Sandwich,Continental,1,1227.07,Cash,46,2024-09-29,84,Active,3,2025-05-20,Delayed,1227.07
C6801,Male,Senior,Multan,2024-03-04,O10801,2024-09-08,Burger King,Pasta,Chinese,1,770.18,Cash,21,2025-02-11,254,Inactive,1,2025-08-19,Delayed,770.18
C1735,Other,Senior,Lahore,2023-09-27,O5735,2024-09-08,McDonald's,Fries,Fast Food,5,541.99,Card,27,2025-05-11,219,Inactive,1,2025-05-22,Cancelled,2709.95
C4408,Male,Senior,Peshawar,2024-04-22,O8408,2024-09-08,McDonald's,Burger,Dessert,5,595.83,Cash,8,2025-06-11,216,Inactive,2,2025-06-30,Delivered,2979.15
C2970,Male,Teenager,Lahore,2024-07-01,O6970,2024-09-08,Pizza Hut,Burger,Italian,3,1222.86,Cash,35,2025-01-13,9,Active,3,2025-04-03,Delivered,3668.58
C5953,Female,Teenager,Multan,2024-06-06,O9953,2024-09-08,Pizza Hut,Sandwich,Dessert,5,1101.14,Card,28,2024-10-30,413,Inactive,1,2025-04-02,Delayed,5505.7
C4954,Female,Teenager,Peshawar,2024-12-03,O8954,2024-09-08,Burger King,Sandwich,Fast Food,1,397.66,Card,21,2025-08-07,445,Active,5,2024-10-13,Delivered,397.66
C2198,Other,Adult,Peshawar,2024-11-24,O6198,2024-09-08,Pizza Hut,Fries,Continental,2,1288.07,Wallet,29,2025-04-12,479,Inactive,5,2025-07-15,Delayed,2576.14
C5307,Female,Senior,Karachi,2024-02-28,O9307,2024-09-08,Burger King,Burger,Italian,2,1337.62,Card,13,2025-05-04,141,Inactive,5,2025-02-15,Delayed,2675.24
C3629,Male,Teenager,Islamabad,2024-02-26,O7629,2024-09-09,Subway,Pasta,Chinese,4,623.88,Wallet,50,2025-03-30,288,Active,5,2024-10-06,Delivered,2495.52
C2050,Female,Senior,Peshawar,2024-02-24,O6050,2024-09-09,Pizza Hut,Pizza,Continental,2,670.42,Card,17,2025-04-15,466,Inactive,3,2025-06-19,Delivered,1340.84
C2757,Other,Adult,Islamabad,2023-10-01,O6757,2024-09-09,Pizza Hut,Sandwich,Dessert,1,504.1,Cash,4,2024-12-17,254,Inactive,2,2024-10-18,Cancelled,504.1
C5967,Male,Senior,Peshawar,2024-12-20,O9967,2024-09-09,KFC,Pizza,Chinese,2,279.72,Cash,39,2025-06-30,336,Active,2,2025-06-13,Cancelled,559.44
C5300,Other,Senior,Karachi,2025-05-20,O9300,2024-09-09,Subway,Sandwich,Continental,2,964.04,Wallet,2,2025-07-30,47,Inactive,1,2025-02-15,Delayed,1928.08
C6316,Other,Teenager,Lahore,2024-07-29,O10316,2024-09-09,McDonald's,Burger,Fast Food,1,500.88,Card,31,2025-08-13,126,Inactive,2,2024-12-23,Delivered,500.88
C2662,Other,Teenager,Islamabad,2024-09-27,O6662,2024-09-09,Subway,Fries,Italian,2,1121.61,Cash,12,2025-08-17,418,Active,3,2025-04-15,Delayed,2243.22
C3441,Female,Senior,Peshawar,2025-04-08,O7441,2024-09-10,Subway,Sandwich,Chinese,1,1393.55,Cash,28,2025-06-15,370,Active,5,2024-11-26,Delayed,1393.55
C6795,Male,Teenager,Peshawar,2024-11-16,O10795,2024-09-10,McDonald's,Pasta,Chinese,4,1029.42,Wallet,14,2025-01-20,252,Active,3,2024-11-24,Delivered,4117.68
C6039,Other,Adult,Peshawar,2025-07-01,O10039,2024-09-10,Pizza Hut,Sandwich,Continental,3,130.17,Card,5,2025-08-17,54,Inactive,3,2025-08-07,Delivered,390.51
C4837,Other,Adult,Lahore,2024-03-29,O8837,2024-09-10,Subway,Pizza,Fast Food,3,778.48,Card,49,2024-10-16,264,Inactive,4,2024-09-11,Delivered,2335.44
C6031,Male,Adult,Peshawar,2025-05-19,O10031,2024-09-10,KFC,Burger,Continental,1,929.01,Wallet,44,2025-07-28,206,Active,1,2025-07-09,Delivered,929.01
C5468,Female,Adult,Multan,2024-06-25,O9468,2024-09-10,Pizza Hut,Fries,Chinese,3,298.97,Wallet,19,2024-10-04,366,Active,2,2025-02-15,Delayed,896.91
C5815,Female,Teenager,Karachi,2024-12-01,O9815,2024-09-10,Subway,Pasta,Continental,5,996.23,Cash,22,2025-04-17,148,Inactive,1,2025-06-08,Delayed,4981.15
C2506,Male,Adult,Islamabad,2025-02-10,O6506,2024-09-11,McDonald's,Sandwich,Italian,1,929.38,Cash,6,2025-05-28,110,Active,4,2024-09-07,Delivered,929.38
C2220,Female,Senior,Lahore,2023-11-21,O6220,2024-09-11,KFC,Pizza,Fast Food,5,1333.37,Card,17,2024-12-21,58,Active,5,2024-11-29,Delivered,6666.85
C3079,Other,Teenager,Peshawar,2024-05-01,O7079,2024-09-11,Pizza Hut,Pasta,Fast Food,4,433.82,Wallet,6,2024-11-22,161,Active,5,2025-02-27,Cancelled,1735.28
C2442,Female,Adult,Lahore,2023-11-24,O6442,2024-09-11,Pizza Hut,Burger,Fast Food,3,443.87,Cash,20,2025-04-12,397,Active,3,2024-10-17,Delivered,1331.61
C2243,Other,Adult,Karachi,2024-01-27,O6243,2024-09-11,Pizza Hut,Fries,Continental,3,384.51,Cash,49,2024-12-09,328,Active,2,2025-01-05,Cancelled,1153.53
C5817,Other,Senior,Peshawar,2024-06-25,O9817,2024-09-11,Burger King,Pizza,Fast Food,4,1164.25,Cash,12,2024-08-26,203,Active,4,2025-07-06,Delayed,4657.0
C4424,Male,Teenager,Peshawar,2024-06-22,O8424,2024-09-11,McDonald's,Sandwich,Chinese,5,1135.94,Cash,7,2025-02-22,487,Inactive,2,2025-03-02,Delayed,5679.7
C3882,Male,Teenager,Islamabad,2024-06-25,O7882,2024-09-11,McDonald's,Fries,Dessert,2,1136.9,Cash,9,2024-11-08,132,Inactive,3,2025-02-26,Delivered,2273.8
C5669,Other,Adult,Peshawar,2024-07-09,O9669,2024-09-11,Subway,Burger,Chinese,4,905.71,Wallet,29,2024-09-13,350,Inactive,4,2024-12-20,Cancelled,3622.84
C6230,Other,Adult,Islamabad,2024-07-16,O10230,2024-09-11,KFC,Sandwich,Chinese,3,1007.43,Wallet,36,2025-04-17,45,Active,3,2025-04-16,Delivered,3022.29
C2908,Male,Adult,Lahore,2024-10-08,O6908,2024-09-11,McDonald's,Pasta,Dessert,3,998.75,Card,17,2025-01-11,432,Inactive,1,2025-01-22,Delivered,2996.25
C3377,Male,Senior,Karachi,2024-06-15,O7377,2024-09-11,Burger King,Fries,Dessert,4,127.46,Cash,20,2025-03-03,334,Active,4,2024-12-09,Cancelled,509.84
C6155,Other,Adult,Lahore,2024-04-10,O10155,2024-09-12,KFC,Pasta,Continental,5,1332.13,Card,40,2024-09-19,175,Inactive,1,2024-10-23,Delivered,6660.65
C6580,Female,Senior,Karachi,2025-03-21,O10580,2024-09-12,McDonald's,Pasta,Dessert,5,957.61,Wallet,35,2025-05-24,14,Inactive,4,2024-10-21,Delivered,4788.05
C2319,Other,Teenager,Islamabad,2024-04-20,O6319,2024-09-12,McDonald's,Pizza,Dessert,4,174.91,Card,22,2024-12-22,303,Active,5,2025-08-15,Delayed,699.64
C3397,Other,Adult,Karachi,2024-10-09,O7397,2024-09-12,KFC,Fries,Fast Food,5,168.98,Cash,21,2025-07-24,443,Active,5,2024-11-25,Delivered,844.9
C2720,Female,Senior,Peshawar,2023-12-16,O6720,2024-09-12,Burger King,Sandwich,Fast Food,3,1234.83,Cash,38,2025-03-24,293,Active,2,2025-05-15,Delayed,3704.49
C1177,Other,Adult,Karachi,2024-06-03,O5177,2024-09-12,Burger King,Sandwich,Fast Food,2,1204.02,Cash,25,2025-02-03,481,Inactive,1,2024-09-24,Delayed,2408.04
C2751,Female,Adult,Peshawar,2024-01-19,O6751,2024-09-12,Pizza Hut,Sandwich,Chinese,3,606.93,Wallet,13,2025-03-18,467,Active,4,2025-08-21,Delivered,1820.79
C6694,Female,Adult,Multan,2024-05-13,O10694,2024-09-12,McDonald's,Pizza,Chinese,2,424.91,Card,35,2024-09-29,217,Inactive,1,2025-04-19,Delivered,849.82
C5210,Other,Teenager,Multan,2024-10-11,O9210,2024-09-12,Subway,Sandwich,Continental,1,986.49,Wallet,17,2025-04-04,134,Inactive,1,2025-03-05,Delivered,986.49
C5099,Other,Senior,Islamabad,2024-10-30,O9099,2024-09-12,McDonald's,Burger,Fast Food,1,988.23,Card,27,2025-03-15,153,Inactive,4,2025-04-05,Delivered,988.23
C6536,Other,Senior,Karachi,2024-04-12,O10536,2024-09-12,McDonald's,Pizza,Continental,3,774.13,Card,39,2025-02-14,93,Active,2,2024-11-18,Delivered,2322.39
C2518,Female,Adult,Multan,2024-05-06,O6518,2024-09-12,Pizza Hut,Pizza,Italian,5,1281.96,Cash,5,2025-07-20,335,Inactive,2,2024-12-25,Delayed,6409.8
C1768,Other,Teenager,Lahore,2024-09-10,O5768,2024-09-12,McDonald's,Fries,Continental,4,360.55,Wallet,27,2024-12-06,367,Inactive,1,2024-10-21,Delayed,1442.2
C2539,Other,Teenager,Islamabad,2024-12-24,O6539,2024-09-12,Subway,Burger,Italian,3,800.27,Wallet,36,2025-08-06,97,Active,2,2025-07-13,Cancelled,2400.81
C2726,Male,Senior,Multan,2023-08-29,O6726,2024-09-12,McDonald's,Pasta,Italian,1,1076.78,Wallet,29,2024-08-30,500,Inactive,3,2025-05-11,Delivered,1076.78
C1931,Other,Adult,Peshawar,2024-12-27,O5931,2024-09-12,Pizza Hut,Fries,Italian,1,807.93,Cash,25,2025-02-15,78,Inactive,2,2025-05-02,Cancelled,807.93
C2295,Female,Teenager,Lahore,2023-10-31,O6295,2024-09-12,Burger King,Fries,Dessert,5,898.52,Cash,16,2025-04-22,321,Active,5,2024-11-20,Delivered,4492.6
C2569,Male,Adult,Karachi,2024-05-02,O6569,2024-09-13,McDonald's,Burger,Fast Food,4,495.56,Cash,17,2024-09-29,205,Active,4,2024-09-20,Cancelled,1982.24
C1234,Other,Teenager,Islamabad,2024-03-15,O5234,2024-09-13,Subway,Pizza,Chinese,3,947.92,Wallet,17,2025-05-04,270,Active,1,2025-04-19,Delayed,2843.76
C6331,Male,Adult,Karachi,2024-06-01,O10331,2024-09-13,Burger King,Pasta,Chinese,2,498.36,Cash,31,2024-10-19,219,Active,5,2025-03-22,Delivered,996.72
C4010,Male,Senior,Lahore,2024-03-15,O8010,2024-09-13,Pizza Hut,Pizza,Italian,2,1406.72,Wallet,50,2025-08-10,400,Active,2,2024-12-16,Cancelled,2813.44
C6522,Other,Senior,Multan,2024-01-14,O10522,2024-09-13,Pizza Hut,Pasta,Continental,3,973.67,Cash,8,2024-09-18,463,Inactive,3,2024-10-19,Delayed,2921.01
C3192,Female,Adult,Lahore,2024-12-10,O7192,2024-09-13,Pizza Hut,Fries,Dessert,2,323.84,Card,27,2025-08-15,305,Inactive,4,2024-09-24,Cancelled,647.68
C2281,Other,Teenager,Lahore,2023-11-25,O6281,2024-09-13,Subway,Fries,Chinese,5,245.89,Wallet,11,2024-12-24,291,Inactive,4,2025-08-11,Cancelled,1229.45
C3137,Male,Senior,Karachi,2024-08-06,O7137,2024-09-13,Subway,Burger,Continental,4,1263.6,Card,38,2024-12-24,299,Active,2,2024-09-26,Delivered,5054.4
C2318,Female,Teenager,Karachi,2024-10-15,O6318,2024-09-13,KFC,Burger,Fast Food,4,1183.63,Cash,20,2025-03-31,236,Active,5,2025-04-06,Delayed,4734.52
C3386,Male,Adult,Peshawar,2023-12-11,O7386,2024-09-13,KFC,Pizza,Italian,3,280.29,Wallet,28,2025-06-27,76,Active,1,2025-07-02,Delayed,840.87
C5225,Female,Adult,Peshawar,2024-02-16,O9225,2024-09-13,Pizza Hut,Pizza,Chinese,5,1246.37,Card,25,2025-01-04,265,Active,3,2025-04-08,Delivered,6231.85
C3531,Male,Teenager,Lahore,2023-12-01,O7531,2024-09-13,KFC,Sandwich,Fast Food,1,1061.36,Wallet,29,2024-09-30,140,Active,3,2025-03-31,Delayed,1061.36
C5844,Female,Senior,Peshawar,2024-12-20,O9844,2024-09-13,Burger King,Pasta,Continental,2,1309.17,Cash,9,2025-02-01,214,Active,5,2024-12-19,Delivered,2618.34
C2546,Female,Senior,Islamabad,2024-07-05,O6546,2024-09-13,Burger King,Burger,Italian,1,1119.25,Cash,34,2025-01-13,439,Inactive,4,2024-12-26,Delayed,1119.25
C6420,Male,Adult,Karachi,2023-09-19,O10420,2024-09-13,Pizza Hut,Sandwich,Dessert,4,312.95,Wallet,9,2024-08-22,66,Active,5,2025-06-18,Delayed,1251.8
C6427,Female,Teenager,Peshawar,2025-07-05,O10427,2024-09-14,McDonald's,Pizza,Fast Food,5,326.68,Card,3,2025-08-04,167,Inactive,3,2025-07-14,Delivered,1633.4
C4502,Other,Senior,Multan,2024-11-18,O8502,2024-09-14,KFC,Sandwich,Italian,2,782.07,Cash,1,2024-12-09,192,Active,3,2025-08-12,Cancelled,1564.14
C5073,Female,Adult,Islamabad,2024-02-09,O9073,2024-09-14,Subway,Fries,Chinese,1,856.06,Cash,19,2024-09-30,182,Active,2,2024-12-14,Cancelled,856.06
C4310,Other,Senior,Karachi,2023-12-25,O8310,2024-09-14,McDonald's,Pizza,Dessert,1,960.92,Card,26,2025-01-12,237,Active,1,2025-07-01,Cancelled,960.92
C2656,Male,Teenager,Karachi,2024-09-17,O6656,2024-09-14,KFC,Burger,Italian,3,1456.7,Card,46,2024-11-12,462,Active,3,2024-09-07,Delivered,4370.1
C3652,Female,Adult,Islamabad,2025-01-05,O7652,2024-09-14,KFC,Sandwich,Italian,1,1438.9,Cash,1,2025-06-18,470,Active,3,2025-01-18,Delayed,1438.9
C6899,Female,Senior,Multan,2023-09-23,O10899,2024-09-14,Burger King,Pizza,Fast Food,2,976.82,Cash,15,2024-12-29,119,Active,1,2025-06-17,Delivered,1953.64
C2549,Other,Senior,Islamabad,2024-11-08,O6549,2024-09-15,McDonald's,Pasta,Chinese,4,468.47,Cash,50,2025-06-05,256,Inactive,5,2025-03-10,Delivered,1873.88
C3803,Male,Adult,Islamabad,2025-01-06,O7803,2024-09-15,McDonald's,Burger,Italian,2,529.85,Cash,39,2025-06-27,109,Active,4,2025-04-27,Delivered,1059.7
C2950,Other,Adult,Karachi,2024-12-05,O6950,2024-09-15,KFC,Sandwich,Italian,1,1003.7,Wallet,48,2025-01-01,436,Inactive,3,2024-11-01,Delayed,1003.7
C4043,Male,Senior,Multan,2024-11-18,O8043,2024-09-15,McDonald's,Fries,Dessert,4,806.84,Wallet,45,2025-03-19,94,Active,5,2025-04-13,Cancelled,3227.36
C5147,Male,Senior,Lahore,2023-11-26,O9147,2024-09-15,Pizza Hut,Fries,Chinese,3,992.78,Cash,5,2024-10-25,336,Inactive,2,2025-02-14,Delayed,2978.34
C1344,Other,Senior,Multan,2024-03-23,O5344,2024-09-15,Subway,Sandwich,Continental,4,712.83,Cash,19,2024-09-29,310,Inactive,4,2024-08-23,Cancelled,2851.32
C2373,Male,Adult,Karachi,2023-09-08,O6373,2024-09-15,McDonald's,Burger,Dessert,2,143.74,Card,17,2025-06-02,231,Active,1,2025-08-16,Delayed,287.48
C5753,Female,Teenager,Islamabad,2024-09-17,O9753,2024-09-15,Subway,Fries,Chinese,4,461.63,Card,4,2025-05-05,371,Inactive,3,2025-04-29,Delivered,1846.52
C3450,Female,Teenager,Lahore,2023-08-28,O7450,2024-09-15,Pizza Hut,Pasta,Italian,4,1096.24,Card,37,2025-03-10,191,Inactive,3,2024-11-29,Cancelled,4384.96
C1986,Male,Teenager,Lahore,2024-07-25,O5986,2024-09-15,McDonald's,Fries,Continental,2,695.78,Card,13,2025-01-29,138,Inactive,1,2024-12-17,Delayed,1391.56
C5041,Other,Teenager,Lahore,2024-05-15,O9041,2024-09-15,McDonald's,Sandwich,Continental,2,744.73,Card,5,2024-11-22,459,Inactive,1,2025-01-10,Delivered,1489.46
C2105,Other,Senior,Islamabad,2024-12-19,O6105,2024-09-16,KFC,Fries,Fast Food,5,217.26,Card,9,2025-06-19,490,Active,5,2025-01-16,Delivered,1086.3
C2455,Male,Teenager,Islamabad,2024-03-03,O6455,2024-09-16,Pizza Hut,Sandwich,Continental,2,808.38,Card,36,2024-10-26,402,Inactive,4,2025-05-24,Delayed,1616.76
C2117,Other,Adult,Peshawar,2024-03-30,O6117,2024-09-16,Burger King,Pizza,Italian,3,580.71,Wallet,4,2024-10-27,41,Inactive,4,2025-07-02,Delivered,1742.13
C4573,Other,Teenager,Peshawar,2024-02-06,O8573,2024-09-16,Subway,Pizza,Continental,2,725.62,Cash,22,2024-12-21,385,Active,5,2025-08-08,Delivered,1451.24
C4674,Other,Senior,Karachi,2024-04-14,O8674,2024-09-16,Subway,Sandwich,Continental,2,251.4,Card,47,2025-02-03,349,Active,5,2024-10-20,Delayed,502.8
C2875,Other,Adult,Islamabad,2025-04-24,O6875,2024-09-16,Pizza Hut,Pasta,Chinese,3,508.78,Card,3,2025-08-21,394,Active,2,2025-05-09,Delayed,1526.34
C6893,Female,Adult,Peshawar,2024-07-20,O10893,2024-09-16,Subway,Pasta,Dessert,5,1129.1,Wallet,24,2025-06-02,38,Inactive,3,2024-09-25,Delivered,5645.5
C2844,Female,Teenager,Karachi,2025-01-20,O6844,2024-09-16,McDonald's,Pizza,Italian,1,304.61,Wallet,43,2025-03-28,374,Inactive,5,2024-10-07,Delivered,304.61
C6341,Other,Senior,Multan,2024-10-26,O10341,2024-09-16,McDonald's,Pizza,Italian,4,606.63,Wallet,26,2025-07-17,345,Active,2,2024-09-13,Delayed,2426.52
C4708,Male,Teenager,Multan,2023-12-21,O8708,2024-09-16,KFC,Pizza,Chinese,5,1461.19,Wallet,17,2024-11-02,353,Inactive,2,2024-12-21,Delayed,7305.95
C2896,Other,Teenager,Multan,2024-04-22,O6896,2024-09-17,KFC,Sandwich,Chinese,1,128.0,Wallet,37,2025-01-04,265,Active,4,2025-01-14,Delayed,128.0
C4802,Male,Senior,Multan,2025-03-12,O8802,2024-09-17,Subway,Fries,Continental,2,1423.89,Wallet,20,2025-07-11,122,Inactive,5,2025-06-16,Delayed,2847.78
C3952,Other,Teenager,Lahore,2024-12-20,O7952,2024-09-17,KFC,Pizza,Continental,5,245.62,Card,1,2025-07-21,236,Inactive,4,2025-01-23,Cancelled,1228.1
C5010,Male,Adult,Islamabad,2024-06-13,O9010,2024-09-17,McDonald's,Fries,Dessert,3,806.17,Wallet,20,2024-11-03,319,Inactive,5,2024-09-11,Delivered,2418.51
C3524,Other,Senior,Peshawar,2025-02-26,O7524,2024-09-17,McDonald's,Fries,Chinese,1,727.3,Wallet,15,2025-03-05,481,Inactive,5,2025-06-20,Delayed,727.3
C6102,Male,Teenager,Multan,2023-11-02,O10102,2024-09-17,Pizza Hut,Pizza,Italian,5,192.08,Cash,44,2024-08-23,184,Inactive,2,2024-11-05,Cancelled,960.4
C6307,Female,Senior,Peshawar,2025-01-13,O10307,2024-09-17,Subway,Burger,Dessert,5,978.59,Cash,37,2025-02-13,26,Active,2,2024-12-01,Cancelled,4892.95
C4675,Male,Senior,Islamabad,2023-12-08,O8675,2024-09-17,Burger King,Burger,Continental,1,342.81,Card,48,2025-08-19,156,Active,4,2025-05-19,Cancelled,342.81
C5451,Other,Teenager,Karachi,2024-09-04,O9451,2024-09-17,Pizza Hut,Sandwich,Continental,3,1437.31,Card,31,2024-12-01,325,Inactive,2,2025-05-13,Delayed,4311.93
C3284,Female,Adult,Islamabad,2024-11-24,O7284,2024-09-17,KFC,Pizza,Fast Food,5,367.14,Wallet,17,2025-07-06,94,Inactive,3,2024-10-17,Delayed,1835.7
C1157,Male,Senior,Multan,2023-09-02,O5157,2024-09-17,Subway,Pasta,Italian,5,939.16,Card,14,2024-11-23,101,Inactive,2,2025-08-13,Delayed,4695.8
C2658,Other,Adult,Islamabad,2024-11-29,O6658,2024-09-17,McDonald's,Fries,Italian,3,315.37,Wallet,30,2025-07-21,52,Active,4,2025-04-21,Delayed,946.11
C5878,Other,Adult,Karachi,2024-06-15,O9878,2024-09-17,Pizza Hut,Pizza,Dessert,2,554.35,Card,31,2024-12-06,377,Inactive,4,2025-03-14,Cancelled,1108.7
C5100,Male,Senior,Multan,2025-03-09,O9100,2024-09-17,KFC,Fries,Dessert,1,844.59,Cash,1,2025-04-29,68,Inactive,5,2025-08-15,Cancelled,844.59
C2036,Male,Teenager,Peshawar,2024-01-22,O6036,2024-09-17,Subway,Pizza,Continental,2,758.21,Card,45,2024-12-26,229,Inactive,2,2025-03-01,Delayed,1516.42
C2555,Female,Senior,Lahore,2024-10-26,O6555,2024-09-18,Pizza Hut,Burger,Continental,4,880.12,Wallet,5,2024-11-17,344,Active,5,2025-02-23,Cancelled,3520.48
C3266,Male,Teenager,Peshawar,2025-03-05,O7266,2024-09-18,Burger King,Pizza,Continental,1,1366.76,Card,16,2025-06-05,500,Inactive,4,2025-04-28,Cancelled,1366.76
C1673,Male,Senior,Multan,2024-08-18,O5673,2024-09-18,KFC,Pasta,Dessert,1,135.74,Cash,27,2024-10-22,8,Active,1,2025-01-06,Delivered,135.74
C4312,Other,Senior,Lahore,2024-05-27,O8312,2024-09-18,Subway,Sandwich,Italian,5,795.01,Card,9,2024-09-04,249,Active,5,2024-12-11,Delivered,3975.05
C1737,Other,Senior,Karachi,2024-08-11,O5737,2024-09-18,Subway,Pizza,Fast Food,2,1140.03,Cash,31,2025-04-05,336,Active,2,2025-07-17,Cancelled,2280.06
C6214,Male,Senior,Islamabad,2024-10-07,O10214,2024-09-18,Pizza Hut,Pizza,Italian,2,1443.97,Card,37,2025-02-04,481,Active,2,2024-09-17,Cancelled,2887.94
C3328,Female,Adult,Lahore,2024-02-17,O7328,2024-09-19,Subway,Pasta,Dessert,3,1358.47,Cash,17,2025-05-16,488,Inactive,3,2025-03-11,Delayed,4075.41
C2737,Female,Adult,Lahore,2024-07-06,O6737,2024-09-19,McDonald's,Sandwich,Dessert,1,709.28,Wallet,8,2025-06-20,444,Active,4,2024-09-13,Delivered,709.28
C1126,Male,Adult,Peshawar,2024-02-04,O5126,2024-09-19,Burger King,Pizza,Dessert,2,596.63,Wallet,8,2024-09-30,11,Inactive,2,2025-01-13,Delayed,1193.26
C4130,Female,Adult,Karachi,2024-09-21,O8130,2024-09-19,McDonald's,Pizza,Italian,4,328.31,Wallet,1,2025-05-19,179,Active,5,2025-06-24,Delayed,1313.24
C6828,Female,Adult,Peshawar,2024-10-17,O10828,2024-09-19,KFC,Pizza,Chinese,4,443.42,Card,38,2024-12-30,300,Active,2,2024-12-14,Delivered,1773.68
C4468,Male,Senior,Islamabad,2023-11-13,O8468,2024-09-19,KFC,Pasta,Italian,3,1489.33,Card,8,2025-07-11,137,Active,5,2025-07-06,Delivered,4467.99
C2267,Male,Adult,Karachi,2024-11-13,O6267,2024-09-19,McDonald's,Pasta,Fast Food,5,1267.05,Wallet,35,2024-11-13,97,Active,4,2025-01-14,Delayed,6335.25
C2981,Male,Teenager,Peshawar,2024-10-19,O6981,2024-09-19,McDonald's,Fries,Chinese,2,595.12,Cash,36,2025-08-08,454,Inactive,4,2025-07-13,Delayed,1190.24
C5339,Other,Senior,Lahore,2024-10-06,O9339,2024-09-19,Pizza Hut,Pasta,Dessert,2,1175.98,Cash,21,2025-07-05,365,Inactive,3,2024-09-23,Delivered,2351.96
C5224,Female,Teenager,Karachi,2025-02-05,O9224,2024-09-19,Pizza Hut,Fries,Chinese,2,802.62,Wallet,10,2025-06-02,369,Active,3,2025-08-06,Cancelled,1605.24
C4097,Other,Senior,Multan,2023-09-29,O8097,2024-09-20,McDonald's,Pizza,Dessert,2,904.28,Card,26,2025-01-15,92,Inactive,2,2024-09-16,Cancelled,1808.56
C4566,Male,Senior,Islamabad,2024-04-15,O8566,2024-09-20,Burger King,Pasta,Dessert,4,940.37,Card,46,2025-05-27,265,Inactive,3,2024-09-26,Delayed,3761.48
C5960,Other,Adult,Islamabad,2025-06-11,O9960,2024-09-20,KFC,Burger,Fast Food,1,148.3,Cash,14,2025-06-30,417,Active,2,2025-01-02,Cancelled,148.3
C3840,Male,Teenager,Islamabad,2023-08-26,O7840,2024-09-20,Subway,Fries,Italian,5,142.72,Card,17,2024-12-21,311,Inactive,4,2024-10-06,Cancelled,713.6
C3140,Male,Senior,Karachi,2024-03-12,O7140,2024-09-20,Burger King,Pizza,Italian,5,486.71,Wallet,15,2025-01-26,204,Active,1,2024-11-25,Cancelled,2433.55
C6882,Female,Adult,Lahore,2025-05-30,O10882,2024-09-20,KFC,Pasta,Chinese,4,1320.04,Card,48,2025-06-10,95,Inactive,5,2024-09-07,Delayed,5280.16
C5093,Male,Adult,Islamabad,2024-02-05,O9093,2024-09-20,Subway,Pasta,Chinese,4,307.43,Card,43,2025-06-05,382,Inactive,5,2025-04-04,Delayed,1229.72
C5892,Male,Adult,Multan,2023-10-17,O9892,2024-09-20,Pizza Hut,Sandwich,Fast Food,3,322.59,Cash,4,2024-10-20,473,Inactive,5,2025-07-28,Delivered,967.77
C5838,Male,Senior,Multan,2025-02-24,O9838,2024-09-21,Burger King,Pasta,Continental,4,387.56,Cash,46,2025-06-08,327,Inactive,5,2025-06-08,Cancelled,1550.24
C6671,Female,Senior,Islamabad,2023-10-17,O10671,2024-09-21,Burger King,Pasta,Fast Food,4,512.29,Card,30,2024-09-17,394,Inactive,1,2024-11-23,Delivered,2049.16
C4179,Other,Adult,Lahore,2024-11-05,O8179,2024-09-21,Pizza Hut,Pasta,Italian,3,1410.48,Wallet,34,2024-11-19,239,Inactive,4,2025-01-21,Cancelled,4231.44
C2817,Other,Adult,Peshawar,2024-09-23,O6817,2024-09-21,Burger King,Pizza,Dessert,3,388.7,Wallet,30,2024-11-18,33,Active,5,2024-12-15,Delivered,1166.1
C4068,Female,Teenager,Peshawar,2024-12-13,O8068,2024-09-22,Burger King,Fries,Italian,3,554.73,Wallet,46,2025-02-18,262,Active,2,2024-11-30,Cancelled,1664.19
C6524,Male,Adult,Lahore,2024-08-23,O10524,2024-09-22,McDonald's,Burger,Dessert,1,577.83,Card,38,2025-05-16,80,Inactive,3,2025-06-16,Delayed,577.83
C2212,Other,Adult,Islamabad,2024-08-06,O6212,2024-09-22,KFC,Fries,Dessert,5,1428.23,Wallet,30,2025-01-30,144,Active,5,2025-04-01,Cancelled,7141.15
C6940,Female,Teenager,Peshawar,2024-08-03,O10940,2024-09-22,KFC,Pasta,Fast Food,5,1037.93,Card,36,2025-02-17,249,Inactive,2,2025-05-27,Delivered,5189.65
C5874,Male,Senior,Multan,2025-07-01,O9874,2024-09-22,Subway,Sandwich,Italian,3,1279.13,Wallet,43,2025-07-23,107,Active,1,2025-02-21,Delivered,3837.39
C1870,Other,Teenager,Lahore,2025-02-18,O5870,2024-09-22,McDonald's,Pizza,Italian,2,855.95,Card,33,2025-07-24,160,Active,3,2025-04-21,Cancelled,1711.9
C2706,Female,Teenager,Karachi,2023-09-29,O6706,2024-09-23,Pizza Hut,Burger,Fast Food,2,699.57,Wallet,18,2025-04-28,380,Inactive,3,2024-11-21,Delayed,1399.14
C6743,Female,Teenager,Lahore,2025-01-08,O10743,2024-09-23,Burger King,Sandwich,Italian,1,570.44,Card,50,2025-08-15,173,Inactive,5,2024-09-09,Delivered,570.44
C4067,Female,Teenager,Peshawar,2024-04-04,O8067,2024-09-23,Subway,Sandwich,Fast Food,5,215.22,Cash,14,2024-09-02,441,Inactive,3,2025-03-01,Delivered,1076.1
C6455,Male,Teenager,Multan,2023-12-01,O10455,2024-09-23,Burger King,Pizza,Chinese,1,266.54,Cash,17,2024-12-10,319,Active,3,2024-10-04,Delayed,266.54
C1232,Male,Senior,Karachi,2025-06-29,O5232,2024-09-23,Pizza Hut,Sandwich,Continental,1,142.22,Wallet,6,2025-07-26,294,Active,1,2024-09-09,Cancelled,142.22
C5424,Other,Adult,Multan,2024-11-03,O9424,2024-09-23,Pizza Hut,Fries,Dessert,2,391.7,Cash,19,2025-01-12,383,Active,3,2025-02-10,Delayed,783.4
C4995,Other,Adult,Lahore,2024-11-19,O8995,2024-09-23,McDonald's,Pizza,Continental,1,424.18,Cash,39,2025-03-26,184,Active,3,2025-03-26,Delayed,424.18
C5630,Female,Adult,Multan,2024-05-09,O9630,2024-09-23,Pizza Hut,Sandwich,Dessert,5,389.02,Card,25,2025-01-27,155,Inactive,3,2025-01-14,Delayed,1945.1
C3957,Other,Teenager,Multan,2024-08-03,O7957,2024-09-23,Pizza Hut,Pizza,Fast Food,5,541.58,Card,27,2025-01-11,51,Inactive,5,2024-10-21,Delivered,2707.9
C3564,Other,Senior,Lahore,2024-06-06,O7564,2024-09-23,KFC,Pasta,Fast Food,1,266.41,Wallet,16,2024-10-08,139,Active,1,2025-01-20,Delayed,266.41
C1489,Female,Senior,Karachi,2025-02-01,O5489,2024-09-23,KFC,Burger,Fast Food,2,135.57,Wallet,17,2025-02-14,298,Active,4,2025-06-29,Cancelled,271.14
C2646,Male,Adult,Karachi,2025-01-16,O6646,2024-09-23,Pizza Hut,Sandwich,Chinese,1,364.45,Wallet,4,2025-04-09,43,Inactive,2,2024-10-12,Delayed,364.45
C1638,Other,Senior,Islamabad,2024-10-26,O5638,2024-09-24,Pizza Hut,Pizza,Italian,5,160.82,Cash,11,2025-02-20,366,Inactive,3,2025-06-29,Delayed,804.1
C3875,Male,Teenager,Karachi,2024-09-25,O7875,2024-09-24,McDonald's,Sandwich,Fast Food,2,1395.38,Wallet,47,2025-06-10,250,Active,2,2025-05-28,Delayed,2790.76
C4743,Male,Senior,Islamabad,2023-09-08,O8743,2024-09-24,McDonald's,Pizza,Dessert,3,172.51,Card,5,2024-12-21,353,Inactive,5,2025-04-07,Delayed,517.53
C4438,Male,Senior,Islamabad,2024-01-24,O8438,2024-09-24,Burger King,Pasta,Dessert,3,1001.28,Wallet,26,2025-01-21,458,Inactive,3,2024-10-25,Cancelled,3003.84
C4275,Other,Senior,Peshawar,2024-01-30,O8275,2024-09-24,Pizza Hut,Fries,Italian,1,532.5,Cash,1,2025-03-14,461,Inactive,4,2025-08-18,Delayed,532.5
C1960,Female,Senior,Peshawar,2024-06-18,O5960,2024-09-25,Burger King,Sandwich,Continental,3,273.15,Card,16,2025-05-25,195,Inactive,5,2024-11-13,Delivered,819.45
C2334,Female,Teenager,Peshawar,2023-11-15,O6334,2024-09-25,McDonald's,Pizza,Continental,2,1438.08,Wallet,13,2025-04-14,462,Inactive,2,2025-05-10,Delayed,2876.16
C1708,Male,Senior,Islamabad,2024-03-05,O5708,2024-09-25,KFC,Sandwich,Fast Food,2,1025.95,Cash,15,2025-05-06,194,Active,5,2025-01-07,Delivered,2051.9
C6161,Male,Adult,Peshawar,2024-01-27,O10161,2024-09-25,Burger King,Burger,Fast Food,5,995.33,Cash,46,2024-09-22,350,Active,3,2024-08-31,Delayed,4976.65
C3023,Other,Senior,Peshawar,2023-10-17,O7023,2024-09-25,Pizza Hut,Fries,Dessert,4,488.77,Card,7,2025-05-28,109,Inactive,1,2024-09-07,Cancelled,1955.08
C4113,Female,Teenager,Lahore,2024-01-05,O8113,2024-09-25,Subway,Fries,Continental,2,543.21,Cash,7,2025-06-29,64,Inactive,3,2025-01-03,Cancelled,1086.42
C2215,Male,Senior,Multan,2023-08-29,O6215,2024-09-25,Pizza Hut,Pizza,Dessert,1,365.49,Cash,44,2024-11-14,492,Active,4,2025-03-12,Cancelled,365.49
C1712,Other,Adult,Karachi,2025-01-04,O5712,2024-09-25,Subway,Pizza,Italian,5,928.65,Cash,39,2025-08-10,243,Active,1,2025-01-31,Delayed,4643.25
C3341,Other,Teenager,Islamabad,2024-01-08,O7341,2024-09-25,KFC,Burger,Dessert,2,925.75,Cash,10,2025-05-03,286,Active,2,2025-01-16,Delivered,1851.5
C3965,Female,Teenager,Multan,2025-07-05,O7965,2024-09-25,McDonald's,Sandwich,Chinese,3,1344.49,Card,22,2025-07-08,169,Inactive,3,2025-02-01,Delayed,4033.47
C2228,Female,Teenager,Karachi,2024-08-25,O6228,2024-09-25,Burger King,Sandwich,Dessert,1,307.68,Cash,34,2025-08-02,162,Active,4,2025-07-23,Delayed,307.68
C3384,Male,Teenager,Multan,2024-12-04,O7384,2024-09-25,Subway,Fries,Dessert,2,201.16,Card,31,2025-02-01,222,Active,4,2024-10-04,Delayed,402.32
C5700,Female,Teenager,Karachi,2025-03-20,O9700,2024-09-25,KFC,Sandwich,Continental,1,1215.41,Wallet,50,2025-07-22,498,Active,2,2024-09-12,Cancelled,1215.41
C2020,Female,Teenager,Karachi,2024-10-29,O6020,2024-09-26,McDonald's,Sandwich,Continental,4,807.78,Wallet,9,2025-03-10,196,Inactive,3,2025-06-16,Delayed,3231.12
C6628,Male,Teenager,Karachi,2024-10-31,O10628,2024-09-26,Burger King,Pasta,Dessert,2,416.68,Wallet,12,2025-04-07,128,Inactive,4,2025-03-22,Delivered,833.36
C3194,Other,Adult,Peshawar,2024-10-05,O7194,2024-09-26,KFC,Pasta,Continental,5,1330.22,Cash,37,2025-05-24,212,Inactive,5,2024-12-13,Cancelled,6651.1
C3262,Male,Senior,Islamabad,2024-04-14,O7262,2024-09-26,Burger King,Sandwich,Dessert,5,1159.86,Card,7,2025-05-04,262,Active,4,2025-02-02,Delivered,5799.3
C4506,Female,Senior,Lahore,2024-01-08,O8506,2024-09-26,Burger King,Burger,Dessert,1,1073.17,Card,29,2024-12-10,180,Inactive,5,2025-04-06,Delayed,1073.17
C5333,Female,Senior,Lahore,2023-11-26,O9333,2024-09-26,Subway,Pasta,Fast Food,4,163.95,Cash,36,2025-05-31,401,Inactive,4,2025-04-28,Delivered,655.8
C1263,Male,Teenager,Peshawar,2025-01-25,O5263,2024-09-27,KFC,Burger,Dessert,2,791.77,Card,34,2025-03-04,5,Active,4,2025-02-22,Cancelled,1583.54
C2790,Female,Senior,Lahore,2024-11-16,O6790,2024-09-27,KFC,Fries,Chinese,4,929.93,Wallet,39,2025-06-23,142,Active,1,2025-04-30,Cancelled,3719.72
C4908,Male,Adult,Islamabad,2023-09-07,O8908,2024-09-27,Burger King,Pizza,Fast Food,4,447.54,Wallet,28,2025-01-31,180,Inactive,2,2025-05-19,Delayed,1790.16
C3568,Male,Teenager,Peshawar,2025-02-19,O7568,2024-09-27,Pizza Hut,Pasta,Continental,2,829.9,Cash,33,2025-06-25,13,Inactive,3,2024-10-10,Delayed,1659.8
C6871,Female,Adult,Peshawar,2025-01-23,O10871,2024-09-27,Subway,Pizza,Italian,1,334.09,Card,22,2025-07-01,86,Inactive,3,2025-05-25,Delivered,334.09
C5280,Other,Teenager,Islamabad,2025-05-23,O9280,2024-09-27,McDonald's,Fries,Italian,1,1325.92,Card,27,2025-06-26,495,Inactive,4,2025-04-13,Delayed,1325.92
C1402,Female,Teenager,Islamabad,2024-11-19,O5402,2024-09-27,KFC,Sandwich,Continental,5,178.73,Wallet,49,2025-05-05,424,Inactive,5,2025-04-24,Delayed,893.65
C1770,Female,Teenager,Peshawar,2023-12-06,O5770,2024-09-28,KFC,Burger,Chinese,2,455.43,Card,7,2025-05-03,423,Active,2,2024-12-13,Delivered,910.86
C3217,Other,Teenager,Multan,2024-01-31,O7217,2024-09-28,Subway,Pizza,Dessert,1,321.4,Cash,28,2024-12-10,306,Inactive,5,2024-11-03,Delivered,321.4
C5919,Female,Teenager,Multan,2025-03-15,O9919,2024-09-28,McDonald's,Sandwich,Fast Food,2,924.94,Card,2,2025-04-08,325,Active,2,2024-08-22,Delivered,1849.88
C6874,Female,Teenager,Karachi,2024-09-14,O10874,2024-09-28,Subway,Pizza,Fast Food,5,393.64,Card,11,2024-10-25,177,Inactive,2,2024-09-19,Cancelled,1968.2
C3165,Female,Senior,Karachi,2024-01-21,O7165,2024-09-28,Pizza Hut,Pasta,Continental,4,532.67,Wallet,3,2025-07-11,190,Inactive,1,2024-09-29,Delivered,2130.68
C2804,Male,Teenager,Karachi,2024-10-01,O6804,2024-09-29,Pizza Hut,Sandwich,Dessert,4,163.88,Cash,48,2025-02-25,49,Inactive,4,2025-04-17,Delayed,655.52
C2010,Male,Teenager,Peshawar,2024-07-09,O6010,2024-09-29,McDonald's,Pasta,Chinese,1,1358.11,Wallet,16,2025-03-19,175,Inactive,2,2024-10-10,Cancelled,1358.11
C3245,Female,Adult,Lahore,2024-02-02,O7245,2024-09-29,McDonald's,Pizza,Chinese,5,100.3,Card,20,2025-06-25,149,Active,3,2025-01-12,Cancelled,501.5
C5857,Male,Teenager,Multan,2025-01-17,O9857,2024-09-29,Subway,Pizza,Chinese,4,415.43,Card,44,2025-04-26,411,Inactive,4,2024-09-30,Delivered,1661.72
C5326,Other,Teenager,Multan,2024-07-14,O9326,2024-09-30,McDonald's,Burger,Italian,4,117.18,Card,47,2025-05-03,142,Active,2,2025-05-24,Delayed,468.72
C5821,Other,Adult,Peshawar,2024-04-28,O9821,2024-09-30,Pizza Hut,Fries,Dessert,2,431.27,Wallet,11,2025-03-30,61,Active,5,2025-02-28,Cancelled,862.54
C5319,Female,Adult,Lahore,2024-11-21,O9319,2024-09-30,Pizza Hut,Pasta,Continental,2,1298.64,Cash,37,2025-02-07,35,Inactive,3,2024-10-29,Delivered,2597.28
C3665,Female,Adult,Islamabad,2025-03-26,O7665,2024-09-30,Pizza Hut,Pasta,Fast Food,2,1118.14,Card,27,2025-07-01,389,Active,3,2025-08-11,Delayed,2236.28
C6222,Other,Adult,Multan,2024-11-21,O10222,2024-09-30,Pizza Hut,Sandwich,Continental,2,1368.66,Cash,16,2025-05-25,324,Inactive,3,2025-08-04,Cancelled,2737.32
C5296,Other,Adult,Lahore,2023-10-15,O9296,2024-09-30,Pizza Hut,Fries,Fast Food,4,588.11,Cash,42,2025-02-03,127,Inactive,3,2025-05-22,Cancelled,2352.44
C2785,Male,Senior,Karachi,2024-08-25,O6785,2024-09-30,Pizza Hut,Sandwich,Dessert,3,186.46,Card,42,2025-01-25,298,Active,5,2025-03-26,Delayed,559.38
C5932,Other,Adult,Multan,2023-09-29,O9932,2024-10-01,Subway,Fries,Chinese,2,197.12,Card,28,2025-01-07,187,Active,1,2025-03-30,Delayed,394.24
C3007,Other,Adult,Multan,2023-09-19,O7007,2024-10-01,McDonald's,Sandwich,Continental,2,519.78,Cash,44,2024-12-06,373,Active,4,2024-09-12,Cancelled,1039.56
C4352,Other,Adult,Karachi,2025-05-07,O8352,2024-10-01,KFC,Fries,Chinese,2,627.38,Wallet,37,2025-07-09,183,Active,2,2025-04-17,Delivered,1254.76
C6835,Male,Adult,Lahore,2024-11-18,O10835,2024-10-01,McDonald's,Sandwich,Dessert,1,1028.15,Cash,39,2025-01-28,319,Active,3,2025-03-15,Delivered,1028.15
C1928,Other,Teenager,Multan,2024-05-20,O5928,2024-10-01,Subway,Burger,Continental,5,1489.28,Cash,33,2024-09-20,113,Inactive,4,2025-05-30,Cancelled,7446.4
C5804,Male,Senior,Islamabad,2024-08-31,O9804,2024-10-01,Subway,Burger,Fast Food,2,1204.62,Card,32,2024-12-01,179,Active,2,2025-01-07,Delivered,2409.24
C4654,Male,Teenager,Lahore,2024-07-21,O8654,2024-10-02,Burger King,Fries,Chinese,2,834.13,Wallet,3,2025-03-22,243,Inactive,1,2025-07-22,Delivered,1668.26
C3302,Female,Senior,Islamabad,2025-01-16,O7302,2024-10-02,KFC,Pasta,Dessert,5,1392.02,Card,3,2025-08-06,123,Inactive,4,2025-03-26,Delivered,6960.1
C1552,Other,Senior,Multan,2024-12-04,O5552,2024-10-02,KFC,Burger,Continental,2,1024.95,Wallet,11,2025-02-26,74,Inactive,4,2025-02-15,Delayed,2049.9
C5625,Other,Senior,Multan,2024-01-09,O9625,2024-10-02,McDonald's,Pizza,Continental,4,763.94,Wallet,23,2025-04-21,360,Inactive,3,2024-08-26,Cancelled,3055.76
C1660,Other,Senior,Multan,2024-08-25,O5660,2024-10-02,KFC,Sandwich,Chinese,1,242.89,Cash,26,2024-08-27,463,Inactive,5,2025-01-01,Delayed,242.89
C2710,Female,Senior,Lahore,2024-01-11,O6710,2024-10-02,Subway,Sandwich,Continental,3,804.47,Wallet,43,2024-08-22,129,Active,3,2025-01-08,Cancelled,2413.41
C6679,Male,Teenager,Peshawar,2024-04-29,O10679,2024-10-03,KFC,Pasta,Fast Food,2,642.43,Wallet,33,2024-11-06,351,Active,5,2025-07-08,Cancelled,1284.86
C3326,Male,Adult,Islamabad,2024-10-06,O7326,2024-10-03,KFC,Burger,Continental,4,919.56,Wallet,33,2025-03-04,412,Inactive,4,2025-04-03,Delivered,3678.24
C3447,Female,Teenager,Islamabad,2024-08-30,O7447,2024-10-03,Subway,Pasta,Fast Food,3,949.1,Card,21,2025-06-12,477,Active,4,2024-12-21,Cancelled,2847.3
C5825,Other,Adult,Peshawar,2023-12-31,O9825,2024-10-03,Burger King,Fries,Dessert,1,1499.68,Wallet,49,2024-12-25,460,Inactive,3,2025-05-04,Delivered,1499.68
C2531,Male,Senior,Peshawar,2024-05-13,O6531,2024-10-03,KFC,Fries,Continental,4,812.89,Wallet,37,2025-02-12,175,Active,4,2024-12-02,Delivered,3251.56
C6510,Female,Teenager,Islamabad,2024-08-24,O10510,2024-10-03,Burger King,Burger,Dessert,2,518.23,Card,22,2025-01-11,159,Inactive,4,2025-05-16,Delivered,1036.46
C3802,Male,Teenager,Multan,2024-12-09,O7802,2024-10-03,Burger King,Sandwich,Italian,4,423.6,Wallet,19,2025-01-04,42,Active,5,2025-04-12,Cancelled,1694.4
C5416,Female,Teenager,Peshawar,2024-10-17,O9416,2024-10-03,Burger King,Sandwich,Chinese,5,725.79,Cash,10,2025-08-17,19,Inactive,3,2025-02-15,Delayed,3628.95
C3432,Other,Senior,Lahore,2024-08-30,O7432,2024-10-04,Pizza Hut,Pasta,Continental,5,568.23,Card,31,2025-06-06,203,Inactive,1,2025-02-21,Cancelled,2841.15
C5971,Female,Adult,Peshawar,2025-01-19,O9971,2024-10-04,Pizza Hut,Pasta,Dessert,3,882.91,Cash,13,2025-02-28,323,Inactive,5,2025-04-07,Delayed,2648.73
C6233,Male,Teenager,Karachi,2024-08-17,O10233,2024-10-04,McDonald's,Burger,Fast Food,1,751.8,Card,4,2025-01-09,119,Active,2,2024-11-30,Delayed,751.8
C2002,Female,Adult,Lahore,2024-04-10,O6002,2024-10-04,Pizza Hut,Sandwich,Continental,4,1031.76,Wallet,26,2024-11-21,446,Active,2,2024-10-17,Delayed,4127.04
C6453,Female,Senior,Lahore,2024-07-06,O10453,2024-10-04,Burger King,Pizza,Fast Food,1,840.29,Wallet,17,2025-01-24,369,Active,1,2025-02-12,Cancelled,840.29
C4806,Female,Senior,Islamabad,2025-02-14,O8806,2024-10-04,KFC,Burger,Fast Food,4,483.03,Cash,14,2025-04-24,167,Active,1,2025-03-29,Delivered,1932.12
C5263,Other,Teenager,Multan,2024-06-27,O9263,2024-10-04,Subway,Fries,Chinese,4,486.01,Card,48,2025-06-25,296,Active,2,2025-04-24,Cancelled,1944.04
C1839,Female,Adult,Karachi,2024-12-30,O5839,2024-10-05,Pizza Hut,Sandwich,Fast Food,2,289.23,Wallet,15,2025-04-05,167,Active,3,2025-05-12,Cancelled,578.46
C6178,Female,Adult,Multan,2024-06-01,O10178,2024-10-05,McDonald's,Burger,Fast Food,3,672.43,Card,48,2024-11-02,224,Active,3,2025-07-06,Delayed,2017.29
C4581,Other,Senior,Lahore,2025-05-06,O8581,2024-10-05,Subway,Pasta,Fast Food,1,1456.44,Cash,9,2025-05-09,308,Inactive,1,2025-01-29,Delayed,1456.44
C1982,Female,Adult,Peshawar,2023-10-02,O5982,2024-10-05,Burger King,Burger,Fast Food,5,918.7,Cash,50,2024-10-03,205,Active,5,2025-06-16,Cancelled,4593.5
C4980,Male,Teenager,Lahore,2025-04-12,O8980,2024-10-05,Pizza Hut,Pizza,Continental,5,1235.07,Card,14,2025-05-07,278,Inactive,3,2025-02-11,Delivered,6175.35
C4629,Other,Senior,Peshawar,2024-03-19,O8629,2024-10-05,McDonald's,Burger,Fast Food,5,312.56,Cash,4,2025-04-19,148,Active,4,2025-07-18,Delayed,1562.8
C1311,Male,Senior,Karachi,2024-06-14,O5311,2024-10-05,Subway,Pasta,Dessert,5,250.75,Wallet,42,2025-03-28,114,Active,2,2024-11-09,Cancelled,1253.75
C1778,Male,Adult,Islamabad,2024-07-14,O5778,2024-10-05,Pizza Hut,Burger,Chinese,3,877.35,Card,50,2024-10-05,256,Inactive,2,2025-01-21,Delivered,2632.05
C2414,Other,Adult,Karachi,2024-10-27,O6414,2024-10-05,Burger King,Pasta,Fast Food,3,885.22,Wallet,38,2025-06-10,383,Inactive,2,2024-08-27,Cancelled,2655.66
C6326,Female,Adult,Karachi,2025-02-05,O10326,2024-10-05,Pizza Hut,Pizza,Dessert,3,1454.84,Wallet,13,2025-08-12,468,Active,1,2025-01-18,Delayed,4364.52
C6511,Male,Adult,Lahore,2023-12-09,O10511,2024-10-05,Burger King,Pasta,Dessert,2,478.2,Cash,49,2024-09-04,314,Active,3,2025-03-13,Delayed,956.4
C3633,Male,Senior,Karachi,2024-11-22,O7633,2024-10-05,Subway,Fries,Fast Food,2,756.12,Wallet,31,2025-01-22,139,Active,3,2024-11-04,Delivered,1512.24
C4646,Other,Teenager,Lahore,2024-07-30,O8646,2024-10-05,Pizza Hut,Fries,Fast Food,3,360.83,Cash,46,2024-09-07,219,Inactive,1,2024-11-23,Delivered,1082.49
C2936,Other,Adult,Karachi,2024-11-25,O6936,2024-10-05,McDonald's,Sandwich,Italian,1,984.33,Wallet,44,2025-04-15,153,Inactive,2,2025-04-20,Cancelled,984.33
C5051,Female,Senior,Multan,2024-04-23,O9051,2024-10-06,Subway,Sandwich,Continental,5,982.29,Cash,50,2025-06-24,378,Active,4,2025-04-05,Delayed,4911.45
C4897,Male,Senior,Karachi,2024-11-08,O8897,2024-10-06,KFC,Sandwich,Continental,5,385.19,Card,40,2025-04-15,286,Active,5,2025-08-02,Delivered,1925.95
C2512,Female,Teenager,Peshawar,2024-03-04,O6512,2024-10-06,Subway,Pizza,Dessert,3,778.7,Card,43,2025-01-31,55,Inactive,4,2025-07-31,Cancelled,2336.1
C3057,Male,Adult,Karachi,2024-05-03,O7057,2024-10-06,Pizza Hut,Pasta,Chinese,1,655.92,Cash,3,2025-04-04,93,Inactive,1,2024-12-01,Cancelled,655.92
C2605,Female,Teenager,Peshawar,2023-10-06,O6605,2024-10-06,Pizza Hut,Pizza,Dessert,1,828.74,Card,30,2024-09-15,64,Inactive,5,2025-08-13,Delivered,828.74
C3116,Male,Teenager,Islamabad,2025-02-12,O7116,2024-10-06,Pizza Hut,Pasta,Dessert,1,1362.74,Wallet,4,2025-08-07,447,Inactive,4,2024-12-13,Delayed,1362.74
C5907,Female,Teenager,Peshawar,2025-03-21,O9907,2024-10-06,McDonald's,Pasta,Italian,5,162.22,Wallet,46,2025-04-15,14,Inactive,4,2025-06-25,Delayed,811.1
C3310,Male,Teenager,Peshawar,2024-08-21,O7310,2024-10-06,Pizza Hut,Pizza,Chinese,3,726.34,Cash,9,2025-01-02,436,Inactive,1,2024-09-11,Delayed,2179.02
C6789,Female,Teenager,Lahore,2024-03-03,O10789,2024-10-06,KFC,Fries,Dessert,2,1143.46,Card,15,2025-06-12,19,Active,1,2024-11-14,Cancelled,2286.92
C1385,Female,Adult,Multan,2023-11-14,O5385,2024-10-06,Pizza Hut,Burger,Chinese,5,1184.49,Wallet,3,2024-12-24,394,Active,2,2025-06-08,Delayed,5922.45
C4891,Other,Senior,Lahore,2025-02-27,O8891,2024-10-06,McDonald's,Burger,Chinese,3,755.74,Cash,29,2025-05-13,279,Active,5,2025-07-21,Cancelled,2267.22
C2110,Female,Teenager,Islamabad,2024-03-04,O6110,2024-10-07,Subway,Sandwich,Fast Food,5,1056.48,Cash,19,2025-03-05,473,Inactive,4,2024-12-01,Delivered,5282.4
C6986,Female,Senior,Karachi,2024-10-13,O10986,2024-10-07,Pizza Hut,Fries,Italian,2,747.04,Cash,40,2025-03-19,484,Inactive,4,2024-08-26,Delivered,1494.08
C2449,Other,Adult,Lahore,2024-10-30,O6449,2024-10-07,Subway,Fries,Continental,3,847.54,Card,50,2025-06-12,407,Inactive,4,2025-02-18,Delayed,2542.62
C4078,Female,Teenager,Islamabad,2023-12-24,O8078,2024-10-07,Burger King,Pasta,Dessert,3,1450.44,Wallet,29,2025-02-03,281,Inactive,2,2025-05-31,Cancelled,4351.32
C4761,Male,Senior,Islamabad,2024-08-13,O8761,2024-10-07,Subway,Burger,Dessert,4,306.92,Card,16,2024-11-21,12,Inactive,1,2025-01-09,Cancelled,1227.68
C4866,Other,Adult,Multan,2024-10-07,O8866,2024-10-07,Pizza Hut,Sandwich,Fast Food,3,693.56,Cash,44,2024-10-28,461,Active,5,2025-05-07,Cancelled,2080.68
C3639,Female,Adult,Islamabad,2024-06-25,O7639,2024-10-07,KFC,Fries,Fast Food,1,259.31,Card,50,2024-11-23,490,Inactive,1,2024-09-26,Delivered,259.31
C4204,Male,Senior,Islamabad,2024-01-11,O8204,2024-10-07,Pizza Hut,Sandwich,Fast Food,5,794.01,Cash,24,2025-04-02,329,Inactive,1,2024-11-02,Delivered,3970.05
C3725,Male,Senior,Multan,2024-08-04,O7725,2024-10-07,KFC,Sandwich,Fast Food,5,1433.03,Card,38,2025-08-17,160,Inactive,2,2024-09-26,Delayed,7165.15
C3928,Female,Adult,Lahore,2024-05-24,O7928,2024-10-07,McDonald's,Burger,Continental,2,967.78,Wallet,46,2025-05-19,386,Active,5,2025-07-27,Delayed,1935.56
C1266,Male,Adult,Karachi,2025-05-01,O5266,2024-10-08,Subway,Pasta,Fast Food,1,756.35,Wallet,33,2025-05-23,210,Active,4,2024-08-28,Cancelled,756.35
C3679,Male,Teenager,Karachi,2024-11-19,O7679,2024-10-08,Pizza Hut,Burger,Continental,2,858.62,Card,49,2025-01-06,36,Active,2,2025-04-24,Cancelled,1717.24
C5856,Female,Adult,Islamabad,2024-08-18,O9856,2024-10-08,McDonald's,Sandwich,Fast Food,5,1247.36,Cash,16,2025-03-08,283,Active,4,2024-09-11,Cancelled,6236.8
C3664,Other,Teenager,Islamabad,2024-08-31,O7664,2024-10-08,Subway,Burger,Chinese,1,1078.2,Wallet,29,2024-11-20,176,Inactive,5,2024-11-07,Delayed,1078.2
C2620,Female,Senior,Karachi,2024-07-20,O6620,2024-10-08,Pizza Hut,Sandwich,Chinese,5,920.24,Cash,14,2025-07-09,62,Inactive,1,2025-04-04,Delayed,4601.2
C1309,Male,Senior,Islamabad,2024-02-29,O5309,2024-10-08,KFC,Sandwich,Dessert,4,460.45,Cash,47,2024-11-28,94,Active,3,2025-02-06,Cancelled,1841.8
C4285,Other,Adult,Peshawar,2024-07-29,O8285,2024-10-08,Subway,Fries,Italian,1,1373.26,Card,23,2025-02-01,86,Active,4,2024-10-24,Cancelled,1373.26
C1152,Female,Adult,Multan,2024-03-07,O5152,2024-10-08,Subway,Sandwich,Dessert,3,502.54,Card,37,2025-02-06,428,Inactive,5,2025-06-01,Delivered,1507.62
C3418,Female,Senior,Lahore,2024-06-29,O7418,2024-10-08,KFC,Fries,Continental,1,494.43,Card,44,2025-08-16,270,Inactive,1,2025-06-02,Delayed,494.43
C4639,Male,Adult,Islamabad,2025-01-28,O8639,2024-10-08,Subway,Pasta,Chinese,1,770.73,Cash,10,2025-03-13,308,Inactive,1,2024-11-16,Delayed,770.73
C2183,Male,Teenager,Lahore,2025-03-06,O6183,2024-10-08,McDonald's,Fries,Italian,3,1475.31,Card,5,2025-03-12,451,Active,1,2024-08-23,Cancelled,4425.93
C6946,Male,Adult,Lahore,2024-05-30,O10946,2024-10-08,McDonald's,Burger,Dessert,4,1130.25,Card,35,2024-10-12,137,Active,5,2025-03-11,Delayed,4521.0
C5108,Other,Teenager,Islamabad,2025-07-14,O9108,2024-10-08,McDonald's,Fries,Italian,4,262.47,Wallet,26,2025-07-27,103,Inactive,5,2024-11-04,Delivered,1049.88
C6902,Female,Teenager,Multan,2024-05-16,O10902,2024-10-09,Pizza Hut,Sandwich,Continental,5,599.76,Cash,8,2024-11-14,294,Active,3,2025-05-20,Delayed,2998.8
C6740,Other,Senior,Islamabad,2024-01-03,O10740,2024-10-09,KFC,Sandwich,Fast Food,1,1033.2,Wallet,5,2025-02-05,182,Active,3,2025-04-28,Cancelled,1033.2
C1639,Female,Senior,Islamabad,2024-10-28,O5639,2024-10-09,Burger King,Pasta,Chinese,4,1358.88,Wallet,47,2025-02-01,470,Inactive,2,2024-12-28,Delivered,5435.52
C3027,Male,Adult,Islamabad,2024-04-16,O7027,2024-10-09,Burger King,Sandwich,Chinese,5,261.92,Wallet,37,2025-04-29,207,Active,5,2025-05-30,Cancelled,1309.6
C2985,Other,Adult,Karachi,2024-10-30,O6985,2024-10-09,McDonald's,Burger,Italian,4,691.21,Wallet,26,2025-04-16,54,Active,3,2024-08-21,Delivered,2764.84
C6653,Male,Teenager,Islamabad,2024-06-04,O10653,2024-10-09,McDonald's,Sandwich,Italian,1,663.89,Wallet,30,2025-01-29,335,Active,4,2024-12-28,Delivered,663.89
C4930,Male,Teenager,Peshawar,2024-10-05,O8930,2024-10-09,Pizza Hut,Pasta,Italian,4,1201.56,Cash,4,2025-06-28,314,Inactive,1,2025-08-13,Cancelled,4806.24
C6184,Other,Senior,Peshawar,2024-10-07,O10184,2024-10-09,Pizza Hut,Sandwich,Continental,2,697.83,Cash,28,2025-06-23,235,Inactive,4,2025-07-26,Delayed,1395.66
C2906,Male,Adult,Multan,2024-11-08,O6906,2024-10-09,Subway,Pizza,Chinese,3,331.42,Card,9,2025-01-19,398,Active,4,2025-05-27,Delivered,994.26
C6841,Female,Teenager,Islamabad,2024-03-31,O10841,2024-10-09,McDonald's,Burger,Italian,2,1185.66,Card,48,2025-04-25,324,Inactive,1,2025-07-25,Delayed,2371.32
C2919,Male,Adult,Islamabad,2025-05-16,O6919,2024-10-10,Pizza Hut,Fries,Chinese,3,775.82,Cash,40,2025-07-14,281,Inactive,3,2024-10-14,Delayed,2327.46
C2641,Male,Senior,Karachi,2024-04-29,O6641,2024-10-10,KFC,Sandwich,Fast Food,5,466.24,Cash,40,2025-06-18,14,Inactive,2,2025-07-26,Delivered,2331.2
C1107,Male,Adult,Peshawar,2024-06-07,O5107,2024-10-10,Pizza Hut,Pizza,Italian,4,840.59,Cash,32,2025-07-02,19,Inactive,1,2024-11-13,Cancelled,3362.36
C6854,Male,Senior,Karachi,2024-11-16,O10854,2024-10-10,Subway,Pasta,Fast Food,4,266.46,Wallet,26,2025-01-24,408,Inactive,1,2025-06-10,Delivered,1065.84
C6932,Female,Senior,Islamabad,2024-12-23,O10932,2024-10-10,McDonald's,Fries,Italian,4,1490.59,Cash,38,2025-01-13,365,Inactive,1,2025-04-06,Cancelled,5962.36
C4145,Female,Teenager,Multan,2025-04-24,O8145,2024-10-10,KFC,Fries,Chinese,5,960.9,Card,14,2025-07-19,57,Active,4,2025-04-21,Cancelled,4804.5
C1485,Female,Adult,Lahore,2024-02-12,O5485,2024-10-10,Pizza Hut,Pizza,Dessert,3,359.03,Card,22,2024-09-25,351,Active,5,2025-07-24,Delivered,1077.09
C4006,Male,Teenager,Lahore,2025-02-22,O8006,2024-10-10,Subway,Burger,Fast Food,5,1490.77,Card,39,2025-08-20,78,Inactive,4,2025-06-13,Delivered,7453.85
C4984,Male,Teenager,Peshawar,2025-01-01,O8984,2024-10-10,KFC,Sandwich,Chinese,5,1160.56,Cash,41,2025-03-01,176,Active,2,2024-11-05,Cancelled,5802.8
C3668,Other,Teenager,Peshawar,2023-10-29,O7668,2024-10-11,Burger King,Sandwich,Italian,1,879.14,Card,38,2024-11-03,330,Active,4,2025-04-16,Delivered,879.14
C1257,Female,Teenager,Lahore,2023-12-02,O5257,2024-10-11,KFC,Sandwich,Italian,4,203.28,Card,23,2025-04-12,433,Inactive,3,2025-02-08,Delayed,813.12
C2064,Female,Teenager,Islamabad,2023-09-24,O6064,2024-10-11,McDonald's,Burger,Continental,3,213.57,Card,23,2024-09-12,472,Inactive,2,2025-08-02,Delivered,640.71
C2447,Male,Teenager,Islamabad,2024-03-12,O6447,2024-10-11,Burger King,Burger,Fast Food,1,928.58,Card,7,2025-03-26,45,Active,3,2025-01-16,Delivered,928.58
C3986,Other,Adult,Lahore,2025-05-28,O7986,2024-10-11,Pizza Hut,Burger,Dessert,3,792.89,Cash,8,2025-08-06,289,Inactive,2,2024-09-18,Delivered,2378.67
C2702,Other,Adult,Multan,2023-10-28,O6702,2024-10-11,Subway,Fries,Fast Food,2,1212.65,Wallet,14,2024-12-18,138,Inactive,5,2025-08-05,Delayed,2425.3
C5526,Male,Senior,Lahore,2023-09-25,O9526,2024-10-11,McDonald's,Sandwich,Dessert,5,869.77,Wallet,40,2024-09-26,97,Active,1,2025-05-24,Delivered,4348.85
C6590,Other,Adult,Karachi,2023-11-04,O10590,2024-10-11,Pizza Hut,Fries,Continental,2,336.89,Card,6,2024-10-30,408,Active,5,2025-08-09,Delayed,673.78
C6574,Other,Teenager,Multan,2023-09-05,O10574,2024-10-12,Subway,Sandwich,Italian,5,979.22,Card,4,2025-01-19,426,Active,4,2025-07-20,Delivered,4896.1
C5081,Other,Teenager,Karachi,2024-10-13,O9081,2024-10-12,Pizza Hut,Pasta,Fast Food,2,628.27,Cash,32,2025-06-10,43,Active,4,2025-02-10,Cancelled,1256.54
C5729,Female,Senior,Multan,2023-10-24,O9729,2024-10-12,Pizza Hut,Sandwich,Italian,5,862.66,Card,30,2025-04-24,211,Inactive,5,2024-08-23,Delivered,4313.3
C4391,Female,Teenager,Peshawar,2024-04-30,O8391,2024-10-12,KFC,Burger,Dessert,5,850.04,Card,34,2025-02-20,115,Inactive,4,2025-06-05,Cancelled,4250.2
C3034,Female,Senior,Islamabad,2025-02-08,O7034,2024-10-12,Subway,Pizza,Fast Food,5,1176.79,Card,30,2025-05-07,4,Inactive,3,2025-04-30,Cancelled,5883.95
C4685,Other,Teenager,Peshawar,2024-08-24,O8685,2024-10-12,Pizza Hut,Burger,Fast Food,2,280.34,Wallet,9,2024-11-25,231,Active,4,2024-09-20,Delayed,560.68
C4451,Other,Teenager,Multan,2024-06-30,O8451,2024-10-12,KFC,Burger,Continental,5,854.84,Wallet,11,2024-10-05,409,Inactive,1,2025-01-07,Delayed,4274.2
C3191,Female,Teenager,Lahore,2024-07-17,O7191,2024-10-12,Subway,Pasta,Continental,1,1456.34,Wallet,40,2025-06-12,414,Active,4,2025-02-18,Delayed,1456.34
C3313,Male,Adult,Karachi,2024-08-30,O7313,2024-10-13,Subway,Pasta,Chinese,5,162.74,Card,32,2025-06-19,155,Inactive,5,2024-12-27,Delivered,813.7
C1728,Female,Senior,Karachi,2024-03-16,O5728,2024-10-13,McDonald's,Sandwich,Continental,4,426.12,Cash,33,2025-01-03,71,Inactive,1,2025-07-29,Delivered,1704.48
C2845,Male,Senior,Lahore,2024-09-04,O6845,2024-10-13,KFC,Pizza,Fast Food,2,397.02,Wallet,28,2025-01-11,82,Inactive,5,2025-08-20,Delivered,794.04
C3066,Other,Adult,Islamabad,2024-11-04,O7066,2024-10-13,Pizza Hut,Pizza,Fast Food,1,361.75,Card,31,2025-02-23,417,Inactive,1,2024-09-27,Cancelled,361.75
C4329,Female,Teenager,Peshawar,2025-04-26,O8329,2024-10-13,Pizza Hut,Fries,Dessert,3,1052.23,Card,9,2025-06-23,293,Active,4,2024-09-07,Cancelled,3156.69
C4429,Female,Senior,Peshawar,2025-04-20,O8429,2024-10-14,Burger King,Sandwich,Fast Food,2,1135.92,Wallet,5,2025-08-14,442,Inactive,5,2024-09-07,Cancelled,2271.84
C3649,Female,Teenager,Peshawar,2023-12-13,O7649,2024-10-14,Burger King,Sandwich,Continental,4,515.59,Cash,25,2025-01-26,395,Active,2,2025-05-03,Cancelled,2062.36
C1145,Other,Teenager,Karachi,2024-09-29,O5145,2024-10-14,Subway,Fries,Dessert,1,1223.69,Wallet,4,2025-06-28,414,Active,4,2024-08-24,Delayed,1223.69
C2001,Female,Senior,Lahore,2024-01-31,O6001,2024-10-14,KFC,Pizza,Italian,5,1131.71,Cash,19,2025-06-04,28,Inactive,5,2024-09-18,Delayed,5658.55
C5585,Other,Teenager,Multan,2024-07-16,O9585,2024-10-14,Burger King,Sandwich,Italian,3,1135.29,Cash,14,2024-12-18,386,Active,1,2025-06-30,Cancelled,3405.87
C3947,Female,Senior,Lahore,2024-09-06,O7947,2024-10-14,McDonald's,Pizza,Italian,2,231.82,Wallet,38,2025-04-12,198,Active,3,2025-05-13,Cancelled,463.64
C2562,Male,Teenager,Multan,2025-01-14,O6562,2024-10-15,Burger King,Sandwich,Fast Food,2,740.4,Card,32,2025-01-30,32,Active,1,2025-04-18,Cancelled,1480.8
C1249,Male,Teenager,Multan,2025-08-01,O5249,2024-10-15,Burger King,Pasta,Chinese,3,1145.88,Cash,45,2025-08-12,487,Inactive,4,2024-09-18,Delivered,3437.64
C3316,Other,Senior,Karachi,2024-11-28,O7316,2024-10-15,Subway,Burger,Dessert,2,1451.73,Cash,37,2025-04-01,238,Active,5,2024-09-13,Delivered,2903.46
C2426,Female,Adult,Multan,2025-05-13,O6426,2024-10-15,Pizza Hut,Fries,Continental,2,1198.61,Cash,23,2025-06-08,136,Inactive,4,2024-12-20,Cancelled,2397.22
C5215,Female,Teenager,Karachi,2025-01-30,O9215,2024-10-16,Burger King,Sandwich,Fast Food,1,1490.03,Card,15,2025-05-10,202,Inactive,3,2025-04-05,Cancelled,1490.03
C2088,Other,Teenager,Karachi,2025-01-11,O6088,2024-10-16,McDonald's,Pizza,Dessert,4,1427.78,Wallet,16,2025-06-28,115,Active,1,2025-04-02,Delivered,5711.12
C1889,Female,Teenager,Multan,2024-01-19,O5889,2024-10-16,Subway,Sandwich,Dessert,1,144.29,Cash,22,2025-03-14,484,Inactive,4,2025-01-26,Cancelled,144.29
C3839,Female,Senior,Karachi,2024-08-21,O7839,2024-10-16,KFC,Pasta,Dessert,1,1340.7,Card,15,2024-09-10,203,Inactive,5,2025-01-07,Delivered,1340.7
C1896,Other,Teenager,Islamabad,2024-07-11,O5896,2024-10-17,Subway,Pasta,Continental,2,412.95,Card,23,2024-11-15,429,Inactive,3,2024-10-03,Delayed,825.9
C1066,Other,Teenager,Islamabad,2024-07-30,O5066,2024-10-17,KFC,Pizza,Fast Food,2,658.73,Cash,30,2024-12-25,275,Inactive,4,2025-02-27,Cancelled,1317.46
C4100,Female,Adult,Multan,2023-09-14,O8100,2024-10-17,Burger King,Sandwich,Chinese,1,742.38,Wallet,31,2024-12-25,14,Inactive,4,2024-08-31,Delayed,742.38
C6212,Female,Teenager,Lahore,2024-03-22,O10212,2024-10-17,KFC,Fries,Fast Food,1,235.42,Card,23,2025-01-28,149,Active,3,2025-07-22,Cancelled,235.42
C3089,Other,Senior,Multan,2024-08-15,O7089,2024-10-17,Pizza Hut,Sandwich,Dessert,5,1398.51,Cash,3,2025-06-26,212,Active,5,2024-12-23,Delayed,6992.55
C2331,Other,Teenager,Peshawar,2024-10-11,O6331,2024-10-18,McDonald's,Burger,Chinese,5,405.39,Card,46,2025-07-24,252,Inactive,2,2025-03-22,Cancelled,2026.95
C4666,Other,Adult,Lahore,2023-11-09,O8666,2024-10-18,McDonald's,Pasta,Italian,1,306.26,Wallet,6,2025-06-21,377,Active,1,2025-06-19,Delivered,306.26
C2169,Female,Senior,Islamabad,2024-02-03,O6169,2024-10-18,Burger King,Burger,Chinese,2,528.16,Wallet,49,2025-04-21,364,Active,3,2024-08-25,Cancelled,1056.32
C4689,Male,Senior,Lahore,2025-03-27,O8689,2024-10-18,McDonald's,Sandwich,Italian,3,979.35,Wallet,33,2025-08-09,133,Active,4,2024-10-24,Delayed,2938.05
C4747,Male,Teenager,Islamabad,2023-11-16,O8747,2024-10-18,McDonald's,Burger,Fast Food,2,1356.98,Cash,42,2024-11-03,380,Inactive,4,2025-06-05,Delivered,2713.96
C4331,Other,Teenager,Multan,2024-04-25,O8331,2024-10-18,KFC,Pizza,Continental,3,545.84,Cash,6,2024-12-10,245,Inactive,2,2025-01-06,Cancelled,1637.52
C2324,Male,Adult,Lahore,2025-01-18,O6324,2024-10-18,KFC,Fries,Italian,3,1376.28,Card,4,2025-05-14,470,Inactive,2,2025-01-28,Delayed,4128.84
C3757,Male,Senior,Lahore,2024-10-09,O7757,2024-10-18,Burger King,Pizza,Chinese,3,539.58,Wallet,4,2024-11-08,112,Active,1,2024-09-29,Cancelled,1618.74
C4731,Female,Adult,Multan,2024-05-05,O8731,2024-10-18,Burger King,Sandwich,Chinese,2,1078.05,Card,47,2025-02-22,428,Inactive,3,2024-11-11,Cancelled,2156.1
C1542,Other,Teenager,Multan,2023-10-16,O5542,2024-10-18,Burger King,Burger,Fast Food,4,989.58,Cash,4,2025-08-05,2,Active,1,2024-12-28,Delayed,3958.32
C5928,Male,Adult,Multan,2024-11-24,O9928,2024-10-19,Subway,Pasta,Dessert,2,293.54,Wallet,37,2025-08-01,133,Active,1,2025-01-10,Delivered,587.08
C2588,Male,Teenager,Karachi,2024-02-26,O6588,2024-10-19,Pizza Hut,Pasta,Chinese,1,952.34,Wallet,17,2025-03-13,8,Active,1,2025-05-12,Cancelled,952.34
C4478,Male,Adult,Karachi,2024-12-11,O8478,2024-10-19,McDonald's,Burger,Chinese,3,863.99,Card,14,2025-02-04,221,Active,1,2025-06-27,Delayed,2591.97
C6201,Other,Teenager,Islamabad,2024-04-03,O10201,2024-10-19,KFC,Fries,Continental,4,1062.13,Cash,1,2025-08-03,230,Inactive,2,2025-02-04,Delivered,4248.52
C1363,Female,Senior,Lahore,2023-10-08,O5363,2024-10-19,Pizza Hut,Sandwich,Dessert,4,620.97,Card,46,2025-02-19,257,Inactive,1,2025-05-21,Delivered,2483.88
C6950,Female,Senior,Islamabad,2024-07-24,O10950,2024-10-19,KFC,Sandwich,Continental,2,500.86,Cash,34,2025-04-07,453,Inactive,2,2024-09-04,Delivered,1001.72
C2072,Other,Teenager,Lahore,2024-12-17,O6072,2024-10-19,Pizza Hut,Burger,Chinese,5,349.23,Wallet,50,2025-07-25,452,Active,5,2025-08-09,Delivered,1746.15
C2653,Female,Adult,Karachi,2025-06-27,O6653,2024-10-19,Burger King,Fries,Fast Food,4,648.76,Card,6,2025-07-06,189,Active,4,2025-01-27,Delayed,2595.04
C3240,Male,Adult,Lahore,2025-01-30,O7240,2024-10-19,KFC,Pizza,Dessert,1,1283.62,Cash,45,2025-04-03,427,Inactive,1,2025-03-09,Delivered,1283.62
C4937,Male,Senior,Peshawar,2024-01-10,O8937,2024-10-19,McDonald's,Burger,Chinese,5,980.75,Card,13,2025-06-19,292,Active,5,2025-01-17,Delayed,4903.75
C4112,Male,Teenager,Peshawar,2024-05-11,O8112,2024-10-20,McDonald's,Sandwich,Fast Food,5,212.27,Cash,20,2025-02-15,246,Inactive,4,2024-12-11,Delayed,1061.35
C1299,Male,Adult,Islamabad,2025-02-17,O5299,2024-10-20,McDonald's,Fries,Continental,5,429.58,Card,13,2025-03-16,86,Active,5,2024-08-23,Cancelled,2147.9
C6681,Male,Teenager,Islamabad,2023-09-08,O10681,2024-10-20,Burger King,Pasta,Continental,5,827.98,Card,40,2024-08-26,433,Inactive,3,2024-12-15,Cancelled,4139.9
C3925,Male,Senior,Peshawar,2024-03-25,O7925,2024-10-20,Subway,Pasta,Fast Food,3,1292.17,Card,19,2025-08-20,390,Active,4,2024-09-05,Delayed,3876.51
C1949,Male,Senior,Islamabad,2025-02-22,O5949,2024-10-20,Pizza Hut,Fries,Chinese,3,1346.8,Cash,28,2025-06-13,297,Inactive,5,2025-05-12,Delayed,4040.4
C5270,Other,Adult,Lahore,2024-04-12,O9270,2024-10-20,Burger King,Fries,Italian,3,808.54,Wallet,1,2024-08-28,17,Inactive,2,2024-10-30,Delivered,2425.62
C4197,Other,Teenager,Karachi,2024-10-09,O8197,2024-10-20,KFC,Pizza,Fast Food,2,497.76,Wallet,17,2024-12-04,339,Inactive,5,2025-02-20,Delivered,995.52
C5161,Male,Senior,Peshawar,2023-09-30,O9161,2024-10-21,Burger King,Pizza,Chinese,1,469.42,Wallet,34,2024-08-31,413,Inactive,5,2024-11-29,Cancelled,469.42
C3997,Male,Senior,Multan,2024-01-15,O7997,2024-10-21,Pizza Hut,Burger,Italian,4,1394.7,Wallet,3,2025-01-01,450,Inactive,4,2024-09-08,Delayed,5578.8
C4711,Other,Teenager,Lahore,2024-02-08,O8711,2024-10-21,Pizza Hut,Burger,Italian,1,253.55,Wallet,23,2025-07-15,309,Active,3,2025-02-22,Cancelled,253.55
C4287,Female,Teenager,Lahore,2024-01-03,O8287,2024-10-21,McDonald's,Sandwich,Italian,1,914.01,Wallet,18,2024-12-24,86,Active,1,2025-08-19,Cancelled,914.01
C5840,Female,Senior,Lahore,2024-10-15,O9840,2024-10-21,Subway,Pasta,Continental,2,291.14,Wallet,44,2025-04-22,412,Inactive,3,2025-05-14,Delivered,582.28
C2825,Other,Teenager,Peshawar,2023-10-18,O6825,2024-10-21,Subway,Burger,Fast Food,3,254.39,Cash,22,2025-03-26,246,Inactive,4,2024-11-01,Delivered,763.17
C5226,Other,Teenager,Lahore,2024-10-26,O9226,2024-10-21,Pizza Hut,Pizza,Continental,3,768.21,Cash,4,2025-07-06,471,Inactive,5,2025-06-07,Delivered,2304.63
C1939,Female,Teenager,Lahore,2023-10-20,O5939,2024-10-21,Subway,Fries,Dessert,4,1347.61,Card,15,2024-12-18,55,Inactive,5,2025-06-20,Cancelled,5390.44
C6951,Female,Teenager,Peshawar,2024-08-08,O10951,2024-10-22,Subway,Pasta,Continental,1,381.25,Cash,2,2024-10-08,336,Inactive,5,2025-04-02,Delivered,381.25
C5202,Male,Teenager,Peshawar,2023-12-22,O9202,2024-10-22,KFC,Sandwich,Italian,3,1274.31,Cash,29,2024-12-29,356,Active,4,2024-11-17,Cancelled,3822.93
C5780,Female,Teenager,Islamabad,2024-10-18,O9780,2024-10-22,KFC,Burger,Fast Food,5,1285.81,Cash,25,2025-04-26,382,Active,3,2024-12-15,Delayed,6429.05
C4514,Other,Senior,Multan,2023-09-16,O8514,2024-10-22,Burger King,Pasta,Dessert,3,1384.65,Card,23,2024-12-17,274,Active,3,2025-03-07,Cancelled,4153.95
C6742,Female,Adult,Peshawar,2024-09-04,O10742,2024-10-22,Pizza Hut,Sandwich,Dessert,3,290.74,Wallet,40,2024-10-28,268,Inactive,1,2024-09-07,Delayed,872.22
C3319,Female,Teenager,Karachi,2024-09-03,O7319,2024-10-22,Subway,Pizza,Italian,5,1467.7,Card,17,2024-12-04,466,Inactive,4,2025-05-10,Cancelled,7338.5
C5367,Female,Senior,Lahore,2025-03-07,O9367,2024-10-22,Pizza Hut,Sandwich,Dessert,2,446.7,Card,44,2025-03-13,298,Inactive,5,2025-01-29,Delayed,893.4
C1325,Other,Teenager,Lahore,2024-11-09,O5325,2024-10-22,KFC,Pizza,Chinese,1,642.55,Card,17,2025-07-19,236,Active,1,2025-08-12,Delivered,642.55
C5829,Other,Teenager,Multan,2023-09-16,O9829,2024-10-22,Subway,Burger,Fast Food,3,806.61,Card,28,2024-12-16,347,Inactive,1,2025-03-02,Cancelled,2419.83
C6624,Other,Adult,Multan,2024-08-25,O10624,2024-10-22,Pizza Hut,Pasta,Continental,3,1311.14,Card,16,2025-06-07,24,Active,5,2025-05-11,Cancelled,3933.42
C3685,Male,Teenager,Peshawar,2023-12-09,O7685,2024-10-23,McDonald's,Burger,Italian,5,1180.53,Card,10,2024-10-27,138,Inactive,3,2025-03-04,Cancelled,5902.65
C6992,Female,Teenager,Multan,2024-02-25,O10992,2024-10-23,McDonald's,Fries,Dessert,2,767.87,Card,25,2025-04-12,188,Inactive,2,2024-08-22,Cancelled,1535.74
C4077,Female,Teenager,Lahore,2024-10-03,O8077,2024-10-23,Subway,Fries,Continental,1,392.44,Card,23,2025-05-24,152,Active,4,2025-08-15,Cancelled,392.44
C5107,Other,Teenager,Lahore,2024-10-20,O9107,2024-10-23,Subway,Burger,Italian,5,1458.1,Wallet,6,2024-10-30,320,Active,1,2025-05-11,Delayed,7290.5
C4149,Male,Teenager,Multan,2023-12-29,O8149,2024-10-23,KFC,Fries,Chinese,4,432.41,Cash,47,2025-03-14,346,Inactive,5,2024-09-29,Delayed,1729.64
C6598,Other,Adult,Islamabad,2024-09-01,O10598,2024-10-23,KFC,Pasta,Fast Food,4,665.37,Card,9,2025-05-17,63,Active,3,2024-09-02,Delayed,2661.48
C2805,Male,Senior,Karachi,2025-01-16,O6805,2024-10-23,McDonald's,Burger,Italian,5,688.89,Card,13,2025-03-28,207,Active,2,2025-03-01,Delivered,3444.45
C3485,Female,Teenager,Lahore,2023-09-29,O7485,2024-10-23,Subway,Pasta,Italian,4,636.2,Wallet,27,2024-12-18,205,Active,1,2025-03-08,Cancelled,2544.8
C1772,Female,Senior,Multan,2024-09-17,O5772,2024-10-24,McDonald's,Pizza,Continental,5,1164.68,Cash,35,2024-10-29,289,Inactive,4,2025-03-19,Cancelled,5823.4
C2347,Other,Senior,Karachi,2024-07-15,O6347,2024-10-24,McDonald's,Fries,Italian,3,1380.3,Card,17,2024-12-22,383,Active,5,2025-01-01,Cancelled,4140.9
C1899,Female,Senior,Islamabad,2024-10-19,O5899,2024-10-24,Burger King,Burger,Fast Food,2,849.27,Cash,26,2025-07-15,177,Inactive,5,2024-12-03,Cancelled,1698.54
C6441,Male,Senior,Peshawar,2024-07-27,O10441,2024-10-24,Subway,Burger,Chinese,4,1199.15,Cash,9,2025-08-06,305,Inactive,2,2024-10-18,Delayed,4796.6
C6521,Male,Teenager,Karachi,2024-09-18,O10521,2024-10-24,KFC,Pasta,Chinese,2,393.19,Cash,30,2025-02-18,16,Inactive,1,2025-05-25,Delivered,786.38
C6083,Female,Teenager,Peshawar,2025-05-08,O10083,2024-10-24,KFC,Sandwich,Italian,1,1252.53,Card,6,2025-05-12,268,Active,2,2025-05-13,Cancelled,1252.53
C1821,Female,Adult,Multan,2024-08-28,O5821,2024-10-25,Burger King,Fries,Italian,2,630.27,Wallet,5,2025-02-05,475,Inactive,1,2025-05-04,Cancelled,1260.54
C3736,Other,Teenager,Peshawar,2023-09-24,O7736,2024-10-25,KFC,Fries,Dessert,4,157.06,Cash,8,2024-10-04,157,Inactive,4,2024-09-26,Cancelled,628.24
C1539,Male,Adult,Peshawar,2025-06-10,O5539,2024-10-25,KFC,Pasta,Chinese,4,1206.95,Wallet,25,2025-07-19,166,Active,2,2024-10-24,Cancelled,4827.8
C4156,Other,Adult,Karachi,2024-10-01,O8156,2024-10-25,Burger King,Fries,Continental,1,698.92,Card,2,2025-04-28,465,Active,1,2024-12-14,Cancelled,698.92
C6431,Other,Adult,Lahore,2023-09-01,O10431,2024-10-25,KFC,Burger,Continental,2,329.77,Cash,26,2024-09-22,467,Active,2,2025-01-29,Delayed,659.54
C1457,Male,Teenager,Islamabad,2024-09-16,O5457,2024-10-26,Burger King,Burger,Continental,5,1442.01,Card,28,2025-02-15,173,Active,4,2025-01-19,Cancelled,7210.05
C5316,Other,Teenager,Multan,2024-08-17,O9316,2024-10-26,McDonald's,Fries,Chinese,4,992.76,Cash,23,2025-06-15,384,Inactive,4,2025-05-24,Delivered,3971.04
C5918,Female,Senior,Peshawar,2024-12-23,O9918,2024-10-26,McDonald's,Burger,Dessert,1,974.42,Card,40,2025-03-08,307,Inactive,5,2025-02-17,Delivered,974.42
C5028,Female,Teenager,Peshawar,2023-09-28,O9028,2024-10-26,Pizza Hut,Burger,Italian,1,275.53,Cash,31,2025-05-26,220,Active,4,2024-12-08,Delivered,275.53
C4089,Other,Adult,Karachi,2023-09-11,O8089,2024-10-26,Subway,Fries,Italian,4,993.03,Cash,23,2025-07-27,419,Active,1,2025-02-21,Delivered,3972.12
C4034,Male,Teenager,Peshawar,2024-06-30,O8034,2024-10-27,Pizza Hut,Fries,Italian,2,998.72,Cash,13,2024-11-16,229,Inactive,1,2025-05-09,Cancelled,1997.44
C5595,Other,Adult,Islamabad,2024-11-09,O9595,2024-10-27,Burger King,Pizza,Dessert,1,553.66,Card,8,2025-02-25,440,Active,2,2025-02-05,Cancelled,553.66
C5636,Male,Senior,Multan,2023-08-27,O9636,2024-10-27,Pizza Hut,Pizza,Fast Food,3,358.71,Card,12,2025-04-24,219,Active,3,2025-02-10,Cancelled,1076.13
C5686,Other,Teenager,Karachi,2024-09-19,O9686,2024-10-27,Burger King,Fries,Dessert,1,1108.41,Card,27,2024-11-29,128,Active,3,2024-10-23,Delivered,1108.41
C1619,Female,Senior,Lahore,2024-09-08,O5619,2024-10-27,McDonald's,Fries,Italian,2,1394.81,Cash,50,2024-11-07,158,Active,5,2024-11-02,Delayed,2789.62
C4214,Other,Teenager,Multan,2024-06-01,O8214,2024-10-27,Burger King,Fries,Chinese,2,715.37,Wallet,43,2025-07-11,435,Inactive,4,2024-09-22,Delayed,1430.74
C6561,Male,Teenager,Peshawar,2024-11-07,O10561,2024-10-27,McDonald's,Pizza,Fast Food,3,192.44,Wallet,33,2025-06-23,494,Inactive,5,2024-10-22,Delayed,577.32
C3938,Male,Teenager,Peshawar,2024-09-08,O7938,2024-10-27,Subway,Pizza,Continental,1,1016.54,Cash,23,2025-01-18,379,Inactive,2,2025-08-12,Delivered,1016.54
C4410,Female,Adult,Lahore,2024-06-01,O8410,2024-10-27,Burger King,Fries,Italian,5,848.09,Card,35,2025-05-20,75,Inactive,5,2024-10-09,Delayed,4240.45
C2661,Other,Teenager,Lahore,2024-12-12,O6661,2024-10-27,McDonald's,Sandwich,Continental,1,298.89,Card,20,2025-07-02,207,Active,3,2024-10-14,Delayed,298.89
C6641,Other,Senior,Multan,2023-10-01,O10641,2024-10-27,Subway,Pizza,Fast Food,2,1347.57,Card,26,2024-10-05,196,Active,1,2025-04-29,Cancelled,2695.14
C5826,Male,Adult,Peshawar,2024-06-02,O9826,2024-10-27,Burger King,Pasta,Fast Food,5,432.09,Card,7,2025-01-13,19,Active,4,2024-09-22,Delivered,2160.45
C3106,Female,Adult,Islamabad,2024-04-19,O7106,2024-10-28,McDonald's,Burger,Dessert,2,1248.85,Cash,2,2024-10-14,368,Inactive,4,2024-11-24,Cancelled,2497.7
C4433,Other,Senior,Peshawar,2024-07-15,O8433,2024-10-28,Pizza Hut,Fries,Chinese,1,588.08,Cash,16,2024-11-03,107,Active,4,2025-07-04,Delayed,588.08
C2124,Male,Teenager,Karachi,2025-03-20,O6124,2024-10-28,McDonald's,Fries,Continental,4,415.19,Wallet,16,2025-04-04,201,Active,3,2025-02-03,Delivered,1660.76
C2092,Female,Senior,Islamabad,2025-03-20,O6092,2024-10-28,Pizza Hut,Pasta,Dessert,5,178.65,Cash,14,2025-04-24,71,Active,2,2024-11-22,Delayed,893.25
C6451,Other,Adult,Peshawar,2025-01-04,O10451,2024-10-28,McDonald's,Pasta,Italian,5,182.57,Cash,50,2025-03-27,378,Active,2,2025-04-25,Delayed,912.85
C2444,Male,Teenager,Karachi,2025-04-17,O6444,2024-10-28,KFC,Pasta,Chinese,1,1206.5,Cash,37,2025-07-04,264,Inactive,3,2024-11-09,Delivered,1206.5
C1848,Other,Teenager,Peshawar,2025-03-07,O5848,2024-10-28,KFC,Fries,Dessert,3,988.33,Wallet,1,2025-05-04,4,Active,2,2024-08-29,Delivered,2964.99
C6794,Female,Teenager,Multan,2023-09-17,O10794,2024-10-28,Subway,Fries,Fast Food,1,1142.67,Cash,22,2025-06-25,341,Active,2,2024-10-23,Delivered,1142.67
C2271,Male,Adult,Multan,2025-06-01,O6271,2024-10-28,KFC,Pizza,Dessert,5,1061.11,Cash,39,2025-08-13,116,Inactive,3,2024-11-09,Cancelled,5305.55
C6051,Male,Teenager,Multan,2024-10-15,O10051,2024-10-28,McDonald's,Burger,Chinese,2,1347.57,Cash,18,2025-08-19,156,Inactive,3,2024-09-09,Delayed,2695.14
C2812,Other,Senior,Peshawar,2025-01-24,O6812,2024-10-29,Pizza Hut,Pizza,Dessert,3,707.65,Cash,38,2025-04-05,253,Active,3,2024-11-06,Delayed,2122.95
C1613,Female,Adult,Islamabad,2024-02-21,O5613,2024-10-29,Pizza Hut,Burger,Continental,2,331.23,Wallet,48,2025-04-14,204,Active,1,2025-04-13,Cancelled,662.46
C2810,Male,Adult,Karachi,2024-09-05,O6810,2024-10-29,McDonald's,Pizza,Chinese,2,614.13,Card,37,2024-11-03,357,Inactive,2,2025-01-07,Delivered,1228.26
C1417,Female,Teenager,Peshawar,2023-11-02,O5417,2024-10-29,Pizza Hut,Pizza,Continental,5,611.69,Card,29,2024-10-31,397,Inactive,3,2025-08-02,Delayed,3058.45
C2301,Male,Adult,Lahore,2023-10-19,O6301,2024-10-29,Subway,Sandwich,Fast Food,1,580.04,Wallet,25,2025-02-08,252,Active,1,2025-06-25,Cancelled,580.04
C3356,Female,Adult,Multan,2024-12-20,O7356,2024-10-29,Subway,Pasta,Italian,1,1122.77,Card,1,2025-06-30,112,Active,3,2024-11-02,Cancelled,1122.77
C3953,Male,Teenager,Peshawar,2025-05-29,O7953,2024-10-29,Burger King,Fries,Fast Food,5,908.26,Card,24,2025-07-31,339,Inactive,3,2025-03-20,Delayed,4541.3
C2474,Female,Senior,Multan,2024-10-07,O6474,2024-10-29,Pizza Hut,Pasta,Dessert,2,1048.0,Cash,13,2025-02-01,467,Inactive,2,2025-05-22,Cancelled,2096.0
C3826,Female,Teenager,Lahore,2023-10-15,O7826,2024-10-30,McDonald's,Burger,Dessert,1,1050.84,Card,1,2025-07-21,318,Active,2,2025-06-14,Cancelled,1050.84
C5425,Other,Teenager,Islamabad,2024-12-20,O9425,2024-10-30,Subway,Pizza,Chinese,2,1063.36,Cash,19,2025-03-03,411,Active,3,2025-03-21,Cancelled,2126.72
C6980,Female,Teenager,Islamabad,2024-03-11,O10980,2024-10-30,KFC,Burger,Fast Food,4,965.71,Card,25,2024-08-23,127,Inactive,5,2025-01-13,Cancelled,3862.84
C6669,Female,Senior,Peshawar,2024-02-22,O10669,2024-10-30,Burger King,Sandwich,Continental,3,920.65,Cash,44,2024-12-18,316,Active,4,2025-05-06,Cancelled,2761.95
C6143,Male,Senior,Multan,2025-01-18,O10143,2024-10-30,McDonald's,Pizza,Italian,3,1077.95,Wallet,15,2025-06-26,213,Inactive,2,2025-02-04,Cancelled,3233.85
C2612,Other,Adult,Peshawar,2024-01-24,O6612,2024-10-30,McDonald's,Sandwich,Dessert,3,951.67,Card,30,2024-08-27,63,Active,3,2025-05-02,Cancelled,2855.01
C1947,Male,Teenager,Lahore,2024-08-08,O5947,2024-10-31,KFC,Burger,Fast Food,2,356.22,Card,49,2025-04-11,184,Inactive,4,2025-07-17,Cancelled,712.44
C6915,Other,Senior,Karachi,2025-02-22,O10915,2024-10-31,McDonald's,Pasta,Italian,3,666.84,Card,12,2025-05-23,437,Inactive,1,2025-04-12,Cancelled,2000.52
C2581,Female,Adult,Peshawar,2024-05-20,O6581,2024-10-31,KFC,Burger,Italian,1,1363.66,Card,38,2024-08-29,352,Inactive,4,2024-09-02,Delivered,1363.66
C4116,Female,Teenager,Karachi,2024-11-20,O8116,2024-10-31,Subway,Pizza,Continental,1,445.88,Wallet,48,2025-06-19,496,Inactive,1,2025-07-23,Cancelled,445.88
C5222,Other,Adult,Islamabad,2024-09-22,O9222,2024-10-31,Pizza Hut,Pasta,Fast Food,4,287.89,Cash,29,2025-05-15,6,Active,4,2025-07-30,Delivered,1151.56
C5588,Male,Senior,Karachi,2024-05-08,O9588,2024-10-31,Burger King,Sandwich,Fast Food,3,1015.69,Card,37,2025-03-22,401,Active,3,2025-01-13,Delivered,3047.07
C1532,Other,Teenager,Peshawar,2024-12-17,O5532,2024-10-31,KFC,Pizza,Dessert,1,169.09,Cash,27,2025-04-15,23,Inactive,5,2025-08-10,Cancelled,169.09
C6484,Other,Teenager,Peshawar,2023-08-30,O10484,2024-11-01,Pizza Hut,Pasta,Dessert,1,806.58,Wallet,3,2024-11-25,262,Inactive,1,2025-05-18,Delayed,806.58
C3171,Other,Adult,Karachi,2024-12-01,O7171,2024-11-01,Subway,Burger,Continental,1,1245.61,Cash,41,2025-04-22,275,Inactive,2,2025-05-05,Cancelled,1245.61
C5981,Male,Adult,Karachi,2023-11-21,O9981,2024-11-01,McDonald's,Fries,Chinese,4,336.69,Cash,14,2024-09-03,13,Active,5,2024-08-25,Cancelled,1346.76
C2468,Female,Teenager,Karachi,2024-10-19,O6468,2024-11-01,McDonald's,Pizza,Dessert,1,522.19,Wallet,23,2025-01-02,396,Inactive,2,2025-08-04,Delivered,522.19
C2903,Other,Adult,Islamabad,2023-10-10,O6903,2024-11-01,McDonald's,Fries,Dessert,4,660.25,Wallet,15,2024-11-11,3,Inactive,5,2025-03-07,Delivered,2641.0
C2935,Male,Adult,Lahore,2024-12-31,O6935,2024-11-01,Subway,Sandwich,Italian,5,459.28,Wallet,36,2025-04-17,27,Active,3,2025-02-08,Cancelled,2296.4
C6965,Other,Adult,Peshawar,2024-05-29,O10965,2024-11-01,Pizza Hut,Burger,Italian,2,1148.83,Wallet,16,2025-01-22,470,Inactive,5,2025-01-26,Cancelled,2297.66
C4104,Other,Adult,Islamabad,2024-07-15,O8104,2024-11-01,Burger King,Burger,Chinese,5,1010.35,Card,25,2025-03-19,175,Active,1,2024-12-17,Delayed,5051.75
C1483,Other,Adult,Lahore,2023-11-03,O5483,2024-11-02,KFC,Pasta,Continental,1,859.38,Cash,20,2025-02-07,288,Inactive,1,2025-01-03,Delayed,859.38
C4589,Other,Teenager,Islamabad,2024-01-08,O8589,2024-11-02,Burger King,Pasta,Fast Food,4,401.6,Card,40,2025-02-03,220,Active,3,2024-12-31,Cancelled,1606.4
C4404,Other,Senior,Lahore,2024-10-16,O8404,2024-11-02,McDonald's,Pizza,Chinese,5,116.27,Cash,12,2025-08-04,481,Inactive,5,2025-04-28,Cancelled,581.35
C2509,Male,Teenager,Islamabad,2025-06-23,O6509,2024-11-02,McDonald's,Pasta,Italian,5,555.5,Card,5,2025-07-07,231,Inactive,3,2024-12-21,Delayed,2777.5
C5315,Other,Teenager,Karachi,2023-12-17,O9315,2024-11-02,Burger King,Pizza,Dessert,1,640.23,Card,37,2025-08-06,386,Inactive,1,2025-05-28,Delivered,640.23
C1679,Other,Senior,Karachi,2024-10-08,O5679,2024-11-02,Subway,Sandwich,Fast Food,4,524.45,Wallet,32,2025-07-05,105,Inactive,5,2024-10-13,Cancelled,2097.8
C4272,Female,Senior,Multan,2024-04-22,O8272,2024-11-02,Pizza Hut,Pizza,Chinese,3,248.1,Card,38,2025-05-05,84,Active,1,2024-10-14,Cancelled,744.3
C2709,Female,Senior,Peshawar,2024-10-27,O6709,2024-11-02,Pizza Hut,Pasta,Fast Food,1,634.62,Card,37,2024-10-30,282,Inactive,1,2024-10-10,Delayed,634.62
C2963,Other,Teenager,Karachi,2024-11-19,O6963,2024-11-02,Subway,Sandwich,Italian,3,1400.99,Card,12,2025-06-21,485,Active,4,2024-08-28,Delivered,4202.97
C2144,Male,Senior,Multan,2024-06-18,O6144,2024-11-03,Pizza Hut,Pasta,Chinese,1,450.96,Card,14,2024-11-27,345,Inactive,3,2024-12-31,Cancelled,450.96
C3658,Female,Adult,Islamabad,2025-07-04,O7658,2024-11-03,McDonald's,Sandwich,Dessert,5,1119.46,Card,49,2025-07-15,404,Inactive,3,2025-07-07,Cancelled,5597.3
C3590,Female,Senior,Lahore,2024-03-25,O7590,2024-11-03,McDonald's,Pasta,Continental,5,1170.5,Card,34,2024-10-02,138,Inactive,4,2024-11-10,Cancelled,5852.5
C3166,Male,Teenager,Islamabad,2024-02-23,O7166,2024-11-03,Burger King,Fries,Italian,2,360.93,Wallet,11,2025-02-03,410,Inactive,4,2024-10-10,Cancelled,721.86
C1618,Male,Adult,Peshawar,2024-08-19,O5618,2024-11-03,McDonald's,Pizza,Fast Food,5,811.35,Cash,20,2025-02-26,481,Active,3,2025-04-18,Delayed,4056.75
C1885,Male,Teenager,Lahore,2024-04-05,O5885,2024-11-03,KFC,Fries,Fast Food,2,670.59,Cash,50,2025-07-15,247,Inactive,5,2024-08-26,Delayed,1341.18
C2246,Other,Senior,Multan,2025-03-08,O6246,2024-11-03,Pizza Hut,Burger,Italian,4,814.44,Card,36,2025-05-01,317,Active,5,2025-07-18,Cancelled,3257.76
C2251,Male,Teenager,Lahore,2025-01-21,O6251,2024-11-03,Burger King,Fries,Continental,2,721.87,Wallet,31,2025-04-05,151,Active,5,2025-04-19,Cancelled,1443.74
C2680,Male,Senior,Peshawar,2024-04-25,O6680,2024-11-03,KFC,Fries,Continental,2,219.83,Card,20,2025-04-23,364,Active,2,2024-12-31,Delayed,439.66
C2969,Other,Teenager,Peshawar,2023-10-27,O6969,2024-11-04,Pizza Hut,Burger,Fast Food,3,956.69,Wallet,10,2024-12-25,281,Inactive,3,2024-12-22,Delivered,2870.07
C4439,Female,Senior,Karachi,2025-02-21,O8439,2024-11-04,KFC,Fries,Chinese,4,1071.31,Card,19,2025-05-01,129,Inactive,4,2024-08-23,Delivered,4285.24
C3003,Other,Teenager,Peshawar,2025-04-11,O7003,2024-11-04,Pizza Hut,Pizza,Continental,5,421.87,Card,18,2025-04-23,496,Inactive,1,2025-04-19,Cancelled,2109.35
C1732,Other,Senior,Peshawar,2024-11-24,O5732,2024-11-04,Burger King,Pasta,Dessert,3,672.88,Wallet,30,2024-12-19,199,Inactive,2,2025-07-11,Delivered,2018.64
C5551,Female,Senior,Islamabad,2024-03-31,O9551,2024-11-04,Burger King,Pasta,Continental,2,651.59,Wallet,49,2024-10-30,337,Inactive,1,2025-01-27,Delivered,1303.18
C5685,Male,Teenager,Peshawar,2024-08-15,O9685,2024-11-04,KFC,Pizza,Chinese,1,869.0,Card,28,2025-02-06,37,Active,3,2024-10-09,Cancelled,869.0
C4389,Other,Senior,Karachi,2024-09-30,O8389,2024-11-04,McDonald's,Pizza,Dessert,4,174.11,Card,31,2025-03-11,343,Inactive,5,2024-11-16,Delivered,696.44
C3817,Male,Adult,Islamabad,2024-08-12,O7817,2024-11-04,Subway,Fries,Fast Food,5,650.3,Cash,12,2024-12-14,440,Inactive,3,2025-08-21,Delivered,3251.5
C1036,Male,Adult,Multan,2024-12-13,O5036,2024-11-04,KFC,Pizza,Chinese,5,1167.94,Cash,14,2024-12-14,15,Active,4,2025-06-03,Delayed,5839.7
C3596,Other,Adult,Lahore,2025-01-30,O7596,2024-11-05,Subway,Pizza,Continental,1,400.11,Card,32,2025-07-27,53,Inactive,1,2025-06-15,Delivered,400.11
C2994,Female,Adult,Multan,2024-02-17,O6994,2024-11-05,KFC,Burger,Continental,1,952.31,Cash,23,2025-08-17,70,Inactive,5,2025-03-04,Cancelled,952.31
C6673,Male,Teenager,Peshawar,2024-10-01,O10673,2024-11-05,McDonald's,Burger,Italian,1,887.34,Cash,1,2025-06-09,89,Inactive,2,2024-09-13,Delivered,887.34
C2553,Other,Adult,Peshawar,2024-10-04,O6553,2024-11-05,Burger King,Pasta,Dessert,3,1012.99,Wallet,1,2024-11-23,37,Active,1,2025-01-14,Cancelled,3038.97
C1200,Female,Adult,Islamabad,2024-07-08,O5200,2024-11-05,Subway,Fries,Italian,2,1393.02,Card,6,2024-08-27,31,Inactive,4,2025-06-25,Delivered,2786.04
C1593,Female,Senior,Peshawar,2025-04-07,O5593,2024-11-05,McDonald's,Burger,Chinese,5,349.86,Card,32,2025-05-01,153,Inactive,1,2024-10-14,Delayed,1749.3
C3380,Other,Teenager,Karachi,2024-12-14,O7380,2024-11-05,Subway,Burger,Chinese,5,591.48,Cash,18,2025-05-06,218,Active,5,2024-12-30,Delivered,2957.4
C1825,Other,Senior,Peshawar,2025-04-11,O5825,2024-11-06,Subway,Pizza,Italian,3,1027.09,Cash,17,2025-06-07,135,Inactive,4,2024-11-22,Delivered,3081.27
C2025,Male,Adult,Multan,2025-05-05,O6025,2024-11-06,Pizza Hut,Pizza,Chinese,2,554.06,Card,35,2025-06-15,487,Active,4,2024-09-11,Cancelled,1108.12
C4997,Other,Teenager,Peshawar,2025-01-12,O8997,2024-11-06,Burger King,Pizza,Fast Food,5,995.43,Wallet,26,2025-04-23,490,Active,4,2025-01-09,Cancelled,4977.15
C1500,Female,Senior,Islamabad,2025-02-11,O5500,2024-11-06,KFC,Sandwich,Italian,2,1391.72,Cash,18,2025-03-03,299,Inactive,4,2025-02-06,Cancelled,2783.44
C6877,Other,Adult,Multan,2023-12-29,O10877,2024-11-06,Subway,Pizza,Italian,5,1364.43,Cash,36,2025-07-22,448,Inactive,4,2024-11-09,Delayed,6822.15
C3184,Male,Senior,Lahore,2025-01-28,O7184,2024-11-06,Pizza Hut,Pizza,Italian,2,921.66,Wallet,38,2025-03-20,101,Inactive,1,2025-07-08,Cancelled,1843.32
C2669,Female,Senior,Multan,2024-09-18,O6669,2024-11-06,Pizza Hut,Sandwich,Fast Food,4,1296.23,Card,16,2025-06-04,483,Active,3,2025-01-01,Delivered,5184.92
C2830,Female,Senior,Peshawar,2023-10-13,O6830,2024-11-06,KFC,Burger,Chinese,2,861.8,Cash,35,2025-06-20,197,Inactive,5,2024-09-30,Cancelled,1723.6
C4330,Male,Adult,Lahore,2024-05-25,O8330,2024-11-07,McDonald's,Fries,Continental,4,1309.59,Cash,11,2025-07-06,174,Inactive,4,2025-06-17,Delayed,5238.36
C6001,Other,Teenager,Peshawar,2024-07-31,O10001,2024-11-07,McDonald's,Pasta,Chinese,3,847.29,Cash,31,2024-11-20,171,Active,5,2025-05-13,Delivered,2541.87
C4608,Male,Adult,Multan,2024-09-27,O8608,2024-11-07,Subway,Fries,Continental,1,1161.06,Wallet,50,2025-08-11,355,Active,2,2025-05-24,Cancelled,1161.06
C5835,Female,Senior,Multan,2024-12-07,O9835,2024-11-07,Pizza Hut,Pizza,Chinese,2,334.5,Card,7,2025-02-27,151,Inactive,1,2024-11-10,Delivered,669.0
C6586,Female,Senior,Islamabad,2023-10-04,O10586,2024-11-07,Burger King,Sandwich,Italian,4,1466.81,Cash,7,2025-06-21,11,Inactive,1,2024-08-21,Delayed,5867.24
C2321,Male,Adult,Islamabad,2024-12-01,O6321,2024-11-07,Subway,Fries,Chinese,3,926.68,Wallet,43,2025-07-02,201,Inactive,3,2024-12-06,Cancelled,2780.04
C1522,Female,Senior,Karachi,2025-06-28,O5522,2024-11-07,KFC,Sandwich,Italian,1,352.75,Wallet,44,2025-08-14,487,Inactive,2,2024-10-12,Delivered,352.75
C2205,Other,Senior,Karachi,2024-11-23,O6205,2024-11-07,Pizza Hut,Burger,Chinese,3,1409.97,Card,42,2025-06-11,315,Active,1,2024-08-28,Cancelled,4229.91
C5665,Male,Teenager,Multan,2023-09-10,O9665,2024-11-07,Burger King,Fries,Chinese,5,1367.94,Card,23,2024-08-25,418,Inactive,2,2025-02-26,Delivered,6839.7
C2173,Other,Teenager,Karachi,2024-09-13,O6173,2024-11-07,KFC,Pizza,Italian,2,1005.3,Wallet,45,2025-02-20,291,Active,5,2024-08-31,Delivered,2010.6
C4079,Female,Teenager,Karachi,2023-09-10,O8079,2024-11-07,Pizza Hut,Pasta,Fast Food,4,1164.42,Wallet,3,2025-01-09,236,Inactive,5,2024-12-17,Delivered,4657.68
C3019,Female,Senior,Peshawar,2025-03-31,O7019,2024-11-08,Pizza Hut,Pasta,Continental,1,935.89,Wallet,18,2025-05-19,350,Inactive,3,2024-10-21,Cancelled,935.89
C3223,Female,Adult,Islamabad,2024-04-19,O7223,2024-11-08,Pizza Hut,Burger,Italian,4,1409.75,Cash,9,2024-11-29,136,Inactive,4,2024-12-31,Delivered,5639.0
C5426,Other,Adult,Multan,2024-08-25,O9426,2024-11-08,KFC,Pizza,Continental,1,784.4,Wallet,36,2025-07-17,172,Inactive,1,2025-07-05,Cancelled,784.4
C2666,Female,Teenager,Karachi,2024-08-22,O6666,2024-11-08,Subway,Fries,Dessert,5,383.11,Card,39,2025-08-02,369,Active,3,2025-02-24,Delivered,1915.55
C1000,Female,Teenager,Peshawar,2024-06-14,O5000,2024-11-08,Pizza Hut,Pasta,Italian,1,1210.1,Wallet,26,2025-04-17,89,Inactive,5,2024-09-30,Cancelled,1210.1
C5799,Other,Adult,Islamabad,2025-02-13,O9799,2024-11-08,Pizza Hut,Burger,Dessert,3,1343.28,Cash,48,2025-05-26,157,Inactive,5,2024-12-24,Delivered,4029.84
C3092,Male,Adult,Peshawar,2024-12-25,O7092,2024-11-08,Burger King,Pasta,Dessert,5,915.2,Wallet,39,2025-06-16,217,Active,2,2024-09-28,Delivered,4576.0
C4136,Female,Senior,Lahore,2024-02-21,O8136,2024-11-08,McDonald's,Pasta,Italian,2,190.18,Cash,25,2025-04-26,316,Inactive,4,2025-05-24,Delivered,380.36
C1859,Male,Senior,Islamabad,2023-10-17,O5859,2024-11-08,Burger King,Fries,Dessert,2,1458.01,Cash,40,2024-09-16,375,Inactive,5,2025-02-02,Delayed,2916.02
C6542,Other,Senior,Islamabad,2023-10-14,O10542,2024-11-08,Burger King,Pizza,Chinese,3,995.93,Wallet,17,2024-08-30,244,Inactive,3,2024-09-20,Cancelled,2987.79
C1357,Male,Adult,Multan,2025-02-06,O5357,2024-11-09,Burger King,Pizza,Fast Food,1,438.87,Card,29,2025-08-17,450,Inactive,1,2024-12-16,Delayed,438.87
C5560,Other,Senior,Multan,2024-12-26,O9560,2024-11-09,KFC,Burger,Italian,4,1046.88,Cash,35,2025-05-27,38,Inactive,1,2024-09-24,Delivered,4187.52
C3518,Other,Adult,Multan,2025-05-19,O7518,2024-11-09,Subway,Sandwich,Italian,5,321.03,Card,19,2025-07-28,485,Active,1,2024-12-21,Delayed,1605.15
C1292,Female,Senior,Lahore,2023-09-07,O5292,2024-11-10,McDonald's,Pasta,Italian,5,276.19,Card,28,2024-09-28,45,Inactive,5,2025-01-30,Delivered,1380.95
C6109,Female,Adult,Lahore,2024-09-17,O10109,2024-11-10,Burger King,Pizza,Dessert,4,978.28,Cash,24,2025-06-02,317,Inactive,2,2025-04-08,Delivered,3913.12
C4762,Female,Senior,Lahore,2024-12-30,O8762,2024-11-10,McDonald's,Sandwich,Chinese,1,270.97,Cash,41,2025-01-06,358,Inactive,3,2025-03-09,Delayed,270.97
C3572,Male,Teenager,Peshawar,2024-10-16,O7572,2024-11-10,KFC,Fries,Continental,3,1109.72,Cash,50,2025-08-07,414,Inactive,1,2025-05-21,Delivered,3329.16
C5129,Other,Teenager,Peshawar,2025-03-05,O9129,2024-11-10,Subway,Sandwich,Dessert,2,861.59,Cash,23,2025-08-13,440,Inactive,1,2025-01-03,Delayed,1723.18
C6095,Other,Teenager,Islamabad,2025-02-25,O10095,2024-11-10,McDonald's,Fries,Continental,3,487.15,Wallet,35,2025-04-19,286,Active,5,2025-06-10,Cancelled,1461.45
C3456,Female,Adult,Lahore,2023-08-25,O7456,2024-11-10,McDonald's,Burger,Chinese,2,1013.78,Cash,20,2025-05-23,433,Inactive,5,2025-04-16,Delivered,2027.56
C6774,Male,Adult,Peshawar,2024-03-14,O10774,2024-11-11,Pizza Hut,Pasta,Chinese,3,1048.82,Wallet,16,2025-03-11,118,Active,4,2024-12-23,Cancelled,3146.46
C6016,Female,Senior,Multan,2024-12-18,O10016,2024-11-11,McDonald's,Sandwich,Italian,4,863.48,Card,37,2025-04-17,426,Inactive,3,2025-06-27,Delivered,3453.92
C6505,Other,Senior,Multan,2024-09-18,O10505,2024-11-11,Burger King,Burger,Italian,5,1334.61,Card,50,2025-04-13,245,Active,4,2024-12-20,Delivered,6673.05
C3340,Other,Adult,Lahore,2024-11-09,O7340,2024-11-11,Pizza Hut,Sandwich,Chinese,5,886.08,Cash,49,2025-05-03,246,Inactive,3,2025-06-26,Delivered,4430.4
C3158,Male,Adult,Islamabad,2024-10-07,O7158,2024-11-11,McDonald's,Pasta,Dessert,2,449.86,Wallet,28,2025-04-22,269,Inactive,4,2025-07-09,Delayed,899.72
C5738,Other,Senior,Karachi,2025-05-14,O9738,2024-11-11,Subway,Pasta,Continental,3,1204.37,Cash,3,2025-07-08,214,Inactive,3,2025-01-17,Delayed,3613.11
C3809,Male,Adult,Karachi,2024-01-02,O7809,2024-11-11,Pizza Hut,Burger,Chinese,3,600.5,Wallet,42,2025-04-03,187,Active,2,2025-05-13,Cancelled,1801.5
C5624,Female,Teenager,Multan,2024-08-28,O9624,2024-11-11,Subway,Pizza,Dessert,4,1411.33,Cash,46,2025-06-06,302,Active,5,2025-05-13,Delivered,5645.32
C4533,Female,Senior,Lahore,2023-10-26,O8533,2024-11-12,Burger King,Pasta,Italian,4,740.26,Wallet,37,2025-01-14,46,Inactive,1,2024-12-23,Cancelled,2961.04
C6956,Female,Adult,Lahore,2024-08-26,O10956,2024-11-12,Burger King,Sandwich,Dessert,3,467.05,Cash,46,2024-12-10,99,Inactive,5,2024-10-07,Delayed,1401.15
C5934,Other,Adult,Lahore,2024-10-21,O9934,2024-11-12,Burger King,Fries,Italian,4,1435.91,Cash,29,2025-04-09,436,Active,1,2025-08-09,Delayed,5743.64
C2406,Female,Teenager,Peshawar,2023-08-29,O6406,2024-11-12,Burger King,Fries,Italian,3,1251.92,Card,36,2025-07-20,128,Inactive,1,2025-04-25,Cancelled,3755.76
C2335,Other,Adult,Karachi,2024-02-10,O6335,2024-11-12,Pizza Hut,Sandwich,Chinese,4,1074.15,Card,16,2025-07-25,411,Inactive,3,2025-06-21,Cancelled,4296.6
C5968,Other,Teenager,Peshawar,2023-12-22,O9968,2024-11-12,McDonald's,Sandwich,Fast Food,1,268.12,Wallet,46,2025-05-22,58,Active,4,2024-12-04,Cancelled,268.12
C3058,Female,Teenager,Lahore,2024-07-21,O7058,2024-11-12,McDonald's,Pasta,Dessert,5,1244.15,Cash,28,2025-04-28,323,Inactive,2,2024-09-23,Delivered,6220.75
C2059,Male,Adult,Islamabad,2024-02-20,O6059,2024-11-12,Subway,Pizza,Fast Food,2,1163.14,Wallet,41,2025-04-03,366,Active,4,2025-02-04,Delayed,2326.28
C5794,Male,Teenager,Peshawar,2025-08-02,O9794,2024-11-12,KFC,Pizza,Dessert,3,760.32,Wallet,18,2025-08-06,334,Active,1,2024-09-13,Delivered,2280.96
C1265,Female,Adult,Multan,2025-05-27,O5265,2024-11-13,Burger King,Pasta,Chinese,4,1064.83,Cash,27,2025-08-14,250,Inactive,5,2025-02-02,Cancelled,4259.32
C4652,Female,Teenager,Karachi,2024-12-13,O8652,2024-11-13,KFC,Pasta,Continental,1,783.85,Wallet,11,2025-08-07,333,Inactive,5,2024-11-01,Delivered,783.85
C5728,Other,Adult,Lahore,2025-01-11,O9728,2024-11-13,McDonald's,Sandwich,Chinese,4,1085.58,Wallet,1,2025-06-27,170,Inactive,5,2025-03-08,Cancelled,4342.32
C6371,Female,Senior,Multan,2025-03-09,O10371,2024-11-13,Subway,Pasta,Italian,1,136.79,Cash,16,2025-05-12,267,Inactive,4,2025-08-09,Delayed,136.79
C2579,Female,Senior,Islamabad,2024-12-18,O6579,2024-11-13,KFC,Sandwich,Italian,1,333.02,Cash,28,2025-07-01,310,Active,5,2025-04-20,Cancelled,333.02
C4805,Male,Adult,Islamabad,2023-10-21,O8805,2024-11-13,Subway,Fries,Fast Food,4,1273.26,Cash,50,2024-11-17,278,Active,5,2024-11-22,Delayed,5093.04
C3923,Male,Senior,Lahore,2025-03-25,O7923,2024-11-13,Subway,Sandwich,Dessert,5,849.62,Card,39,2025-04-02,220,Active,3,2025-08-21,Delayed,4248.1
C4111,Female,Teenager,Peshawar,2025-01-03,O8111,2024-11-13,Subway,Pasta,Fast Food,3,724.69,Wallet,46,2025-03-31,112,Inactive,1,2025-01-24,Cancelled,2174.07
C1132,Male,Senior,Karachi,2024-02-03,O5132,2024-11-14,Burger King,Fries,Italian,4,1350.06,Cash,5,2025-01-01,350,Active,3,2025-07-26,Delayed,5400.24
C6503,Female,Adult,Lahore,2024-10-01,O10503,2024-11-14,Burger King,Pizza,Fast Food,3,803.18,Card,41,2025-02-21,302,Inactive,1,2024-10-22,Delayed,2409.54
C1290,Male,Teenager,Islamabad,2024-11-25,O5290,2024-11-14,McDonald's,Pizza,Fast Food,5,1183.7,Card,2,2025-06-27,97,Inactive,2,2025-08-02,Delivered,5918.5
C1788,Male,Adult,Karachi,2025-01-06,O5788,2024-11-14,Subway,Pasta,Fast Food,3,718.93,Cash,9,2025-08-08,465,Inactive,2,2024-09-25,Delayed,2156.79
C6886,Other,Teenager,Multan,2023-08-25,O10886,2024-11-14,KFC,Burger,Continental,3,1048.74,Card,9,2024-11-26,388,Inactive,3,2024-12-20,Delivered,3146.22
C3783,Other,Adult,Multan,2024-08-23,O7783,2024-11-14,Burger King,Pasta,Italian,4,349.62,Cash,6,2025-08-03,278,Active,1,2024-11-04,Delayed,1398.48
C2695,Female,Teenager,Multan,2024-08-13,O6695,2024-11-14,Pizza Hut,Fries,Dessert,5,1161.99,Card,35,2025-03-03,311,Inactive,1,2025-03-16,Delivered,5809.95
C4663,Male,Senior,Peshawar,2023-12-12,O8663,2024-11-14,Burger King,Pasta,Fast Food,4,1492.65,Wallet,40,2025-01-05,421,Active,4,2025-08-02,Delivered,5970.6
C1283,Other,Teenager,Peshawar,2024-05-24,O5283,2024-11-14,KFC,Pizza,Fast Food,3,472.78,Wallet,31,2025-06-12,389,Active,4,2024-10-17,Cancelled,1418.34
C1786,Other,Senior,Multan,2025-04-11,O5786,2024-11-14,Pizza Hut,Pasta,Continental,5,1363.7,Wallet,24,2025-06-04,295,Inactive,4,2025-02-13,Delivered,6818.5
C5171,Other,Teenager,Multan,2024-01-03,O9171,2024-11-14,Subway,Burger,Fast Food,1,857.54,Card,28,2024-09-23,8,Active,2,2024-09-15,Delayed,857.54
C6745,Female,Teenager,Islamabad,2025-04-04,O10745,2024-11-14,KFC,Pizza,Italian,3,1121.35,Cash,5,2025-06-08,133,Inactive,5,2025-07-19,Cancelled,3364.05
C3222,Female,Teenager,Islamabad,2024-04-30,O7222,2024-11-14,Pizza Hut,Sandwich,Chinese,2,591.55,Card,11,2025-03-06,355,Inactive,2,2025-05-27,Delayed,1183.1
C1139,Other,Senior,Karachi,2025-02-05,O5139,2024-11-15,KFC,Pizza,Dessert,4,1473.63,Cash,13,2025-06-25,391,Active,3,2024-12-29,Cancelled,5894.52
C4241,Other,Senior,Multan,2023-09-19,O8241,2024-11-15,McDonald's,Pasta,Dessert,3,819.64,Card,48,2025-04-05,160,Active,4,2025-01-21,Delivered,2458.92
C4469,Other,Senior,Multan,2024-07-23,O8469,2024-11-15,Subway,Fries,Fast Food,4,405.53,Cash,17,2025-07-09,398,Active,3,2024-10-15,Delayed,1622.12
C6977,Male,Adult,Islamabad,2025-02-18,O10977,2024-11-15,Pizza Hut,Sandwich,Chinese,4,1241.42,Wallet,45,2025-05-14,28,Active,2,2025-06-17,Cancelled,4965.68
C4490,Male,Adult,Islamabad,2024-07-31,O8490,2024-11-15,McDonald's,Burger,Continental,2,549.02,Wallet,37,2025-05-15,453,Inactive,4,2024-09-28,Cancelled,1098.04
C5017,Female,Adult,Peshawar,2024-05-27,O9017,2024-11-15,KFC,Pasta,Fast Food,1,812.25,Wallet,3,2025-03-31,41,Active,5,2025-02-12,Delivered,812.25
C6204,Male,Adult,Islamabad,2024-11-18,O10204,2024-11-15,Subway,Pizza,Dessert,2,277.03,Cash,14,2025-01-31,443,Inactive,1,2024-11-13,Delayed,554.06
C4083,Female,Teenager,Lahore,2024-03-23,O8083,2024-11-15,Burger King,Sandwich,Fast Food,5,1438.22,Wallet,19,2025-02-06,472,Inactive,1,2025-06-04,Delayed,7191.1
C5533,Male,Senior,Karachi,2023-10-02,O9533,2024-11-16,Pizza Hut,Burger,Dessert,3,1038.27,Card,20,2024-12-09,435,Inactive,2,2024-12-15,Delivered,3114.81
C5573,Male,Teenager,Islamabad,2024-09-19,O9573,2024-11-16,KFC,Pizza,Chinese,4,203.09,Wallet,44,2025-03-04,104,Active,4,2025-07-11,Delayed,812.36
C6100,Male,Adult,Peshawar,2023-11-13,O10100,2024-11-16,Subway,Pizza,Continental,3,1286.63,Cash,46,2024-08-21,413,Inactive,1,2025-06-24,Delivered,3859.89
C5791,Male,Senior,Karachi,2024-03-05,O9791,2024-11-16,Burger King,Pizza,Dessert,5,348.1,Cash,4,2025-01-08,233,Inactive,2,2025-05-17,Cancelled,1740.5
C5342,Other,Adult,Peshawar,2023-08-27,O9342,2024-11-16,Burger King,Sandwich,Chinese,4,291.85,Wallet,22,2025-06-08,167,Active,1,2025-07-12,Delivered,1167.4
C5864,Other,Senior,Karachi,2025-06-14,O9864,2024-11-16,McDonald's,Pizza,Fast Food,4,1366.26,Cash,15,2025-07-13,426,Active,1,2025-01-31,Delayed,5465.04
C2160,Other,Adult,Islamabad,2024-10-07,O6160,2024-11-16,Subway,Pasta,Chinese,1,1296.47,Cash,37,2025-08-05,381,Inactive,1,2025-08-06,Delivered,1296.47
C2938,Other,Adult,Lahore,2024-11-19,O6938,2024-11-16,Subway,Pasta,Continental,4,389.67,Cash,39,2025-06-04,137,Inactive,5,2025-03-27,Delivered,1558.68
C5882,Male,Teenager,Multan,2024-09-07,O9882,2024-11-16,Pizza Hut,Pizza,Fast Food,5,180.74,Cash,7,2025-07-05,86,Inactive,3,2024-08-22,Cancelled,903.7
C4745,Male,Adult,Lahore,2024-04-21,O8745,2024-11-16,McDonald's,Pasta,Fast Food,1,1477.18,Card,30,2025-01-10,63,Active,1,2024-12-17,Delayed,1477.18
C6379,Other,Adult,Islamabad,2024-12-05,O10379,2024-11-16,Subway,Fries,Dessert,4,299.61,Cash,48,2025-05-10,436,Inactive,2,2025-03-21,Delivered,1198.44
C6978,Female,Senior,Peshawar,2024-08-19,O10978,2024-11-17,Burger King,Pizza,Italian,2,1040.99,Card,7,2025-07-13,266,Active,1,2025-08-03,Cancelled,2081.98
C1273,Male,Teenager,Lahore,2025-02-19,O5273,2024-11-17,Pizza Hut,Fries,Chinese,1,1064.22,Card,38,2025-03-28,214,Inactive,3,2025-06-27,Cancelled,1064.22
C1636,Male,Teenager,Islamabad,2023-11-18,O5636,2024-11-17,KFC,Sandwich,Chinese,4,1279.27,Cash,36,2024-12-18,415,Inactive,1,2025-06-26,Delayed,5117.08
C5258,Male,Senior,Karachi,2024-01-08,O9258,2024-11-17,Burger King,Pizza,Italian,5,1001.84,Card,8,2025-06-29,450,Active,1,2024-10-11,Delivered,5009.2
C4484,Male,Teenager,Islamabad,2024-01-19,O8484,2024-11-17,McDonald's,Sandwich,Dessert,3,205.69,Wallet,47,2024-12-04,234,Inactive,1,2025-05-21,Delayed,617.07
C1089,Other,Senior,Multan,2024-04-16,O5089,2024-11-17,KFC,Pizza,Dessert,3,140.33,Cash,5,2024-11-30,141,Inactive,5,2025-02-12,Delayed,420.99
C4990,Male,Adult,Karachi,2025-06-29,O8990,2024-11-17,KFC,Fries,Italian,1,814.93,Card,45,2025-07-18,73,Active,4,2025-04-29,Delayed,814.93
C1893,Female,Teenager,Multan,2023-09-14,O5893,2024-11-17,Subway,Pasta,Continental,3,1254.43,Card,8,2025-02-06,174,Inactive,5,2024-10-02,Delayed,3763.29
C4599,Female,Adult,Multan,2025-06-23,O8599,2024-11-18,KFC,Sandwich,Fast Food,4,894.49,Cash,43,2025-07-12,392,Active,4,2024-10-03,Delayed,3577.96
C6988,Other,Teenager,Multan,2024-08-26,O10988,2024-11-18,Burger King,Pizza,Chinese,5,147.72,Wallet,30,2024-12-12,157,Inactive,1,2024-11-02,Delayed,738.6
C1346,Other,Senior,Lahore,2024-11-05,O5346,2024-11-18,Pizza Hut,Pizza,Chinese,2,351.31,Card,7,2024-12-27,439,Active,2,2024-12-04,Delayed,702.62
C4595,Male,Teenager,Peshawar,2024-04-14,O8595,2024-11-18,Burger King,Pizza,Chinese,1,990.53,Cash,45,2025-05-11,215,Inactive,4,2024-11-22,Cancelled,990.53
C4956,Male,Adult,Islamabad,2025-02-07,O8956,2024-11-18,Subway,Fries,Fast Food,2,1432.71,Wallet,23,2025-06-23,137,Active,4,2024-12-13,Delayed,2865.42
C3945,Male,Adult,Peshawar,2023-11-12,O7945,2024-11-18,McDonald's,Sandwich,Fast Food,2,1117.63,Wallet,49,2025-02-24,13,Inactive,3,2024-10-05,Cancelled,2235.26
C3279,Female,Teenager,Peshawar,2024-10-13,O7279,2024-11-18,McDonald's,Fries,Chinese,1,1037.69,Card,11,2025-01-14,1,Active,5,2025-01-09,Delayed,1037.69
C6243,Female,Adult,Karachi,2024-09-16,O10243,2024-11-18,Pizza Hut,Burger,Fast Food,1,512.75,Card,50,2024-11-12,443,Inactive,4,2025-04-13,Delayed,512.75
C4847,Male,Teenager,Islamabad,2024-05-12,O8847,2024-11-18,Subway,Pasta,Dessert,5,169.76,Card,26,2025-06-24,115,Inactive,5,2025-03-13,Cancelled,848.8
C4811,Female,Adult,Multan,2024-07-22,O8811,2024-11-19,Pizza Hut,Pasta,Fast Food,3,126.22,Wallet,34,2025-06-16,433,Active,4,2024-09-20,Cancelled,378.66
C6113,Male,Adult,Multan,2024-07-06,O10113,2024-11-19,KFC,Pizza,Italian,1,1370.11,Wallet,3,2025-05-16,490,Active,3,2024-09-02,Delayed,1370.11
C5299,Other,Teenager,Islamabad,2024-01-12,O9299,2024-11-19,Pizza Hut,Pizza,Chinese,1,684.82,Cash,7,2025-06-19,439,Inactive,4,2024-11-26,Delivered,684.82
C4531,Other,Senior,Islamabad,2024-09-13,O8531,2024-11-19,McDonald's,Pasta,Italian,4,723.37,Card,42,2024-12-11,283,Active,4,2025-01-16,Cancelled,2893.48
C2610,Female,Teenager,Lahore,2023-09-20,O6610,2024-11-19,Burger King,Pasta,Italian,2,1200.02,Wallet,10,2024-12-26,163,Active,3,2024-12-31,Delayed,2400.04
C5384,Male,Adult,Islamabad,2023-12-28,O9384,2024-11-19,Pizza Hut,Fries,Chinese,3,896.38,Cash,28,2024-10-19,392,Inactive,1,2025-02-11,Delayed,2689.14
C2073,Male,Adult,Karachi,2024-06-19,O6073,2024-11-19,Subway,Pizza,Dessert,5,735.35,Wallet,49,2025-01-18,103,Inactive,5,2025-08-17,Cancelled,3676.75
C5474,Male,Senior,Islamabad,2024-07-18,O9474,2024-11-20,McDonald's,Burger,Chinese,2,1194.42,Cash,12,2025-06-19,387,Active,3,2025-07-10,Delivered,2388.84
C4154,Other,Senior,Peshawar,2024-10-29,O8154,2024-11-20,KFC,Fries,Fast Food,1,1445.68,Card,25,2024-11-22,260,Inactive,1,2025-06-13,Delivered,1445.68
C5631,Other,Senior,Karachi,2024-11-30,O9631,2024-11-20,Burger King,Burger,Dessert,2,982.19,Cash,23,2025-03-01,400,Inactive,5,2025-06-14,Cancelled,1964.38
C1790,Male,Senior,Lahore,2025-07-01,O5790,2024-11-20,McDonald's,Pasta,Dessert,1,181.84,Card,6,2025-08-15,63,Active,2,2025-08-11,Delayed,181.84
C5482,Other,Adult,Islamabad,2025-04-06,O9482,2024-11-20,Burger King,Fries,Dessert,4,1264.74,Wallet,6,2025-05-21,341,Inactive,4,2025-05-07,Delivered,5058.96
C2526,Other,Senior,Multan,2024-08-30,O6526,2024-11-20,Burger King,Burger,Dessert,5,445.2,Wallet,26,2025-07-05,250,Inactive,5,2024-12-06,Delivered,2226.0
C4978,Male,Senior,Multan,2024-10-11,O8978,2024-11-20,Subway,Sandwich,Italian,2,329.48,Wallet,26,2025-05-01,417,Inactive,5,2025-03-28,Delayed,658.96
C3353,Male,Teenager,Peshawar,2024-11-28,O7353,2024-11-20,Burger King,Pizza,Italian,3,957.18,Cash,17,2025-08-07,400,Inactive,2,2025-04-10,Delivered,2871.54
C5903,Female,Senior,Lahore,2024-07-06,O9903,2024-11-20,Subway,Pizza,Italian,1,932.04,Cash,23,2025-03-26,299,Inactive,2,2024-08-23,Delivered,932.04
C2022,Other,Adult,Peshawar,2024-09-12,O6022,2024-11-20,Subway,Fries,Dessert,1,958.15,Card,28,2025-02-03,195,Active,1,2025-02-04,Cancelled,958.15
C4686,Female,Teenager,Islamabad,2024-10-16,O8686,2024-11-21,Pizza Hut,Pasta,Fast Food,4,293.94,Card,50,2025-06-27,368,Active,1,2025-07-13,Delayed,1175.76
C4304,Male,Adult,Multan,2024-06-22,O8304,2024-11-21,Burger King,Sandwich,Dessert,2,289.45,Wallet,48,2025-03-23,290,Inactive,5,2025-04-09,Cancelled,578.9
C4692,Female,Adult,Multan,2024-02-27,O8692,2024-11-21,KFC,Burger,Italian,5,492.96,Wallet,16,2025-01-27,243,Active,2,2025-06-04,Cancelled,2464.8
C2734,Female,Senior,Multan,2024-08-23,O6734,2024-11-21,KFC,Burger,Chinese,5,1041.32,Card,24,2025-03-20,468,Inactive,5,2024-09-01,Delayed,5206.6
C6334,Female,Senior,Multan,2024-01-24,O10334,2024-11-21,Burger King,Sandwich,Fast Food,5,1097.32,Cash,28,2025-07-12,14,Active,1,2025-08-05,Cancelled,5486.6
C1061,Other,Senior,Multan,2024-05-03,O5061,2024-11-21,Subway,Burger,Fast Food,2,524.22,Cash,44,2025-03-11,351,Active,1,2024-10-22,Cancelled,1048.44
C5380,Male,Teenager,Lahore,2025-02-10,O9380,2024-11-21,Pizza Hut,Pasta,Italian,4,1330.56,Cash,26,2025-03-16,84,Inactive,1,2024-09-21,Cancelled,5322.24
C5550,Female,Adult,Lahore,2024-10-18,O9550,2024-11-21,KFC,Pasta,Dessert,5,122.48,Wallet,48,2024-12-30,343,Inactive,2,2025-03-16,Cancelled,612.4
C2250,Male,Adult,Peshawar,2024-06-04,O6250,2024-11-22,Pizza Hut,Burger,Continental,3,1243.86,Card,7,2024-09-14,42,Inactive,5,2025-05-14,Cancelled,3731.58
C1086,Female,Teenager,Peshawar,2024-08-28,O5086,2024-11-22,KFC,Pasta,Chinese,2,1213.45,Card,42,2025-07-13,220,Active,3,2024-11-24,Delayed,2426.9
C2328,Female,Senior,Lahore,2025-04-24,O6328,2024-11-22,McDonald's,Pizza,Continental,4,227.75,Cash,41,2025-04-30,270,Active,4,2025-03-08,Cancelled,911.0
C4727,Male,Senior,Islamabad,2024-09-06,O8727,2024-11-22,Pizza Hut,Fries,Italian,5,1033.02,Wallet,39,2025-08-17,194,Active,1,2025-02-03,Delayed,5165.1
C2615,Other,Senior,Islamabad,2024-08-14,O6615,2024-11-22,McDonald's,Sandwich,Fast Food,1,1339.7,Card,2,2025-01-08,254,Active,4,2025-02-04,Cancelled,1339.7
C1662,Male,Senior,Karachi,2024-11-09,O5662,2024-11-22,Burger King,Burger,Chinese,1,1282.69,Card,32,2025-06-25,98,Inactive,3,2025-02-24,Delayed,1282.69
C5440,Other,Senior,Multan,2024-07-24,O9440,2024-11-23,KFC,Pasta,Italian,3,498.08,Cash,49,2024-10-26,7,Inactive,5,2024-09-02,Delivered,1494.24
C5469,Other,Adult,Karachi,2024-09-11,O9469,2024-11-23,McDonald's,Sandwich,Fast Food,2,951.13,Card,2,2025-05-31,372,Active,3,2025-06-01,Delivered,1902.26
C3789,Female,Adult,Peshawar,2024-10-01,O7789,2024-11-23,Burger King,Sandwich,Chinese,4,475.64,Card,40,2025-05-05,102,Active,4,2025-01-24,Delivered,1902.56
C4110,Male,Senior,Karachi,2025-04-20,O8110,2024-11-23,KFC,Burger,Continental,1,973.73,Card,25,2025-05-13,147,Active,1,2025-05-16,Delayed,973.73
C6905,Other,Teenager,Lahore,2024-08-16,O10905,2024-11-23,Subway,Pasta,Dessert,3,228.07,Cash,2,2025-01-06,423,Active,2,2024-12-30,Cancelled,684.21
C5272,Male,Teenager,Peshawar,2024-10-21,O9272,2024-11-23,KFC,Sandwich,Italian,3,848.61,Card,37,2025-03-18,169,Inactive,2,2025-07-22,Delivered,2545.83
C2430,Male,Teenager,Islamabad,2024-09-22,O6430,2024-11-23,McDonald's,Pasta,Dessert,3,244.57,Cash,14,2025-04-18,463,Active,1,2025-06-22,Delayed,733.71
C1915,Female,Senior,Islamabad,2024-11-30,O5915,2024-11-23,Pizza Hut,Pizza,Italian,2,1258.48,Card,5,2025-05-15,3,Inactive,2,2025-04-23,Delivered,2516.96
C6552,Male,Teenager,Lahore,2025-01-19,O10552,2024-11-24,Subway,Burger,Chinese,3,1316.11,Card,41,2025-08-05,104,Active,5,2025-06-15,Delivered,3948.33
C1990,Other,Adult,Multan,2024-12-04,O5990,2024-11-24,Pizza Hut,Pasta,Fast Food,5,1450.74,Wallet,41,2025-05-09,448,Inactive,4,2024-12-06,Delayed,7253.7
C3283,Male,Senior,Lahore,2024-11-22,O7283,2024-11-24,Pizza Hut,Pasta,Dessert,4,899.68,Wallet,25,2024-12-20,227,Active,4,2024-12-31,Delivered,3598.72
C6517,Male,Senior,Peshawar,2024-09-11,O10517,2024-11-24,Pizza Hut,Pizza,Chinese,1,649.02,Card,37,2025-02-02,179,Active,5,2024-11-24,Cancelled,649.02
C2774,Male,Senior,Peshawar,2023-11-04,O6774,2024-11-24,KFC,Pizza,Italian,3,579.57,Card,13,2024-12-30,451,Inactive,3,2025-07-19,Delayed,1738.71
C5619,Other,Teenager,Karachi,2024-11-08,O9619,2024-11-24,Subway,Fries,Fast Food,1,525.89,Cash,35,2025-05-14,224,Inactive,4,2024-09-09,Delayed,525.89
C3922,Female,Teenager,Multan,2024-05-17,O7922,2024-11-24,KFC,Sandwich,Chinese,2,1050.98,Card,32,2025-05-30,175,Active,3,2025-02-27,Delivered,2101.96
C5885,Male,Adult,Karachi,2024-02-07,O9885,2024-11-24,Burger King,Pizza,Chinese,5,522.31,Card,17,2025-08-11,188,Inactive,5,2025-08-20,Delivered,2611.55
C3534,Female,Adult,Karachi,2023-08-27,O7534,2024-11-24,Subway,Fries,Continental,2,726.74,Wallet,3,2025-04-04,385,Inactive,4,2024-11-06,Delayed,1453.48
C1444,Male,Adult,Multan,2024-05-26,O5444,2024-11-24,Pizza Hut,Burger,Fast Food,1,868.17,Card,5,2025-02-06,169,Inactive,4,2025-05-14,Delivered,868.17
C5308,Other,Teenager,Karachi,2024-08-12,O9308,2024-11-24,KFC,Pasta,Dessert,2,179.09,Cash,16,2024-09-06,291,Active,2,2024-11-13,Delivered,358.18
C5075,Male,Teenager,Karachi,2023-08-25,O9075,2024-11-25,Subway,Pasta,Chinese,2,838.32,Cash,44,2024-11-24,170,Inactive,2,2025-08-14,Delayed,1676.64
C2567,Other,Teenager,Karachi,2024-10-14,O6567,2024-11-25,McDonald's,Pizza,Dessert,2,220.91,Cash,10,2025-06-25,5,Inactive,4,2024-12-31,Cancelled,441.82
C6788,Female,Senior,Karachi,2024-08-25,O10788,2024-11-25,Burger King,Pizza,Dessert,4,968.41,Wallet,18,2025-06-27,263,Inactive,3,2025-08-04,Cancelled,3873.64
C6059,Male,Adult,Islamabad,2024-05-29,O10059,2024-11-25,KFC,Pizza,Chinese,2,1412.68,Wallet,48,2025-07-24,220,Active,5,2025-07-10,Delayed,2825.36
C5057,Male,Teenager,Lahore,2024-11-25,O9057,2024-11-25,McDonald's,Burger,Italian,1,490.73,Wallet,18,2024-12-15,485,Inactive,5,2025-07-22,Cancelled,490.73
C1815,Other,Teenager,Peshawar,2024-11-20,O5815,2024-11-25,Pizza Hut,Sandwich,Dessert,5,889.38,Card,36,2025-01-11,85,Inactive,4,2025-04-22,Cancelled,4446.9
C1384,Female,Teenager,Karachi,2025-08-14,O5384,2024-11-25,KFC,Pasta,Italian,5,777.72,Card,38,2025-08-18,150,Active,2,2025-07-06,Delayed,3888.6
C4759,Female,Teenager,Islamabad,2023-11-08,O8759,2024-11-25,KFC,Fries,Dessert,4,1010.52,Wallet,10,2024-09-11,135,Active,2,2025-04-17,Cancelled,4042.08
C5479,Male,Teenager,Peshawar,2024-06-25,O9479,2024-11-26,Subway,Pizza,Italian,3,440.85,Wallet,28,2025-07-13,278,Active,1,2024-12-25,Delivered,1322.55
C2800,Female,Teenager,Karachi,2023-10-13,O6800,2024-11-26,KFC,Fries,Chinese,4,1078.46,Card,6,2025-05-06,475,Inactive,5,2025-02-03,Cancelled,4313.84
C5772,Male,Teenager,Karachi,2023-09-11,O9772,2024-11-26,Subway,Pizza,Chinese,1,406.4,Card,36,2024-09-20,202,Inactive,3,2025-04-09,Delayed,406.4
C3829,Male,Adult,Peshawar,2025-04-24,O7829,2024-11-26,McDonald's,Sandwich,Chinese,4,530.11,Wallet,50,2025-05-25,220,Active,2,2025-05-21,Cancelled,2120.44
C2462,Male,Adult,Lahore,2025-01-07,O6462,2024-11-26,KFC,Pizza,Continental,3,590.16,Cash,43,2025-06-16,135,Active,3,2024-11-07,Delivered,1770.48
C1038,Other,Adult,Karachi,2024-06-13,O5038,2024-11-26,Burger King,Pizza,Continental,1,415.59,Card,35,2025-03-11,363,Inactive,3,2025-05-04,Cancelled,415.59
C6875,Other,Senior,Multan,2024-12-01,O10875,2024-11-26,McDonald's,Fries,Italian,2,302.13,Card,23,2025-05-25,122,Active,2,2025-03-23,Delivered,604.26
C6067,Female,Teenager,Karachi,2024-01-25,O10067,2024-11-27,Subway,Fries,Continental,2,802.35,Card,50,2024-11-05,430,Inactive,5,2024-10-16,Delivered,1604.7
C5831,Male,Senior,Peshawar,2024-05-18,O9831,2024-11-27,Subway,Sandwich,Continental,1,179.6,Wallet,19,2024-09-20,416,Active,2,2025-07-15,Cancelled,179.6
C4106,Other,Senior,Lahore,2024-09-14,O8106,2024-11-27,Pizza Hut,Pasta,Continental,2,440.33,Cash,44,2025-06-14,107,Active,3,2025-07-01,Delayed,880.66
C5687,Other,Teenager,Islamabad,2023-12-06,O9687,2024-11-27,Burger King,Pasta,Fast Food,5,942.59,Card,42,2025-03-01,457,Inactive,3,2025-03-09,Delayed,4712.95
C1927,Female,Adult,Karachi,2024-03-12,O5927,2024-11-27,Pizza Hut,Fries,Dessert,5,1080.45,Wallet,47,2024-09-27,132,Active,2,2024-11-16,Cancelled,5402.25
C2265,Male,Adult,Islamabad,2024-03-19,O6265,2024-11-27,Burger King,Pizza,Dessert,4,186.49,Wallet,24,2024-12-15,293,Inactive,2,2024-08-25,Delayed,745.96
C4816,Female,Teenager,Lahore,2024-09-22,O8816,2024-11-28,Pizza Hut,Pizza,Chinese,3,1276.64,Cash,34,2025-03-19,421,Active,3,2025-01-10,Delivered,3829.92
C6769,Other,Teenager,Karachi,2024-02-04,O10769,2024-11-28,KFC,Sandwich,Chinese,2,730.95,Wallet,39,2025-02-19,180,Active,1,2025-06-01,Delayed,1461.9
C6187,Other,Adult,Karachi,2025-01-04,O10187,2024-11-28,McDonald's,Pasta,Fast Food,1,1179.22,Cash,38,2025-06-29,116,Active,4,2024-09-25,Delivered,1179.22
C5001,Female,Adult,Peshawar,2023-11-24,O9001,2024-11-28,McDonald's,Pizza,Chinese,4,1006.48,Wallet,9,2025-07-07,486,Active,5,2024-09-22,Delayed,4025.92
C2163,Male,Adult,Peshawar,2023-09-15,O6163,2024-11-28,KFC,Sandwich,Dessert,1,1298.99,Cash,41,2025-01-01,121,Inactive,3,2025-03-31,Cancelled,1298.99
C3631,Other,Teenager,Multan,2025-02-18,O7631,2024-11-28,McDonald's,Fries,Chinese,3,1176.35,Wallet,16,2025-03-01,107,Active,2,2025-07-04,Cancelled,3529.05
C4568,Male,Teenager,Karachi,2024-11-28,O8568,2024-11-28,Pizza Hut,Sandwich,Continental,3,555.44,Cash,29,2025-05-20,13,Inactive,4,2024-12-18,Cancelled,1666.32
C1253,Female,Teenager,Islamabad,2023-08-23,O5253,2024-11-28,Burger King,Burger,Continental,1,230.9,Cash,26,2025-06-21,456,Inactive,2,2025-04-22,Delivered,230.9
C6985,Male,Adult,Karachi,2023-09-10,O10985,2024-11-28,Pizza Hut,Fries,Italian,5,967.5,Card,1,2024-09-30,469,Active,1,2024-08-21,Delayed,4837.5
C1277,Male,Adult,Peshawar,2024-11-12,O5277,2024-11-28,McDonald's,Sandwich,Fast Food,2,1408.57,Wallet,11,2025-01-11,442,Inactive,5,2025-02-15,Delivered,2817.14
C3190,Other,Adult,Karachi,2023-09-30,O7190,2024-11-29,KFC,Pizza,Dessert,4,110.77,Card,18,2025-08-11,370,Active,1,2024-10-20,Delayed,443.08
C6118,Male,Teenager,Multan,2025-02-18,O10118,2024-11-29,McDonald's,Burger,Dessert,5,847.57,Cash,48,2025-06-26,71,Inactive,2,2025-03-18,Cancelled,4237.85
C4698,Female,Teenager,Multan,2023-09-15,O8698,2024-11-29,Pizza Hut,Pasta,Dessert,2,398.9,Card,46,2025-07-07,181,Inactive,5,2025-05-15,Cancelled,797.8
C4672,Male,Senior,Multan,2025-05-23,O8672,2024-11-29,Burger King,Fries,Italian,4,1324.72,Cash,32,2025-08-10,298,Active,5,2025-06-25,Cancelled,5298.88
C3299,Other,Adult,Multan,2024-08-25,O7299,2024-11-29,McDonald's,Pasta,Italian,5,310.1,Cash,45,2025-05-03,352,Inactive,3,2025-07-14,Delivered,1550.5
C1461,Other,Teenager,Karachi,2025-01-01,O5461,2024-11-29,McDonald's,Pasta,Chinese,3,330.17,Cash,37,2025-03-14,121,Active,2,2024-10-18,Delivered,990.51
C6845,Male,Adult,Islamabad,2024-08-29,O10845,2024-11-29,Pizza Hut,Pasta,Chinese,3,200.9,Cash,22,2025-07-07,116,Active,3,2024-09-19,Delivered,602.7
C1565,Male,Adult,Peshawar,2024-04-01,O5565,2024-11-30,Pizza Hut,Pizza,Dessert,4,1362.98,Cash,25,2025-08-13,65,Active,3,2025-01-16,Delayed,5451.92
C1330,Female,Senior,Islamabad,2024-11-08,O5330,2024-11-30,Burger King,Fries,Continental,5,116.33,Wallet,25,2025-08-06,383,Inactive,2,2025-08-14,Cancelled,581.65
C6311,Female,Adult,Islamabad,2024-08-29,O10311,2024-11-30,McDonald's,Sandwich,Italian,5,1438.65,Card,29,2025-05-04,255,Active,4,2024-09-12,Delivered,7193.25
C1185,Other,Senior,Peshawar,2025-02-03,O5185,2024-11-30,Burger King,Pasta,Fast Food,5,186.09,Wallet,15,2025-06-12,308,Inactive,4,2024-12-02,Delayed,930.45
C3750,Female,Teenager,Islamabad,2025-05-08,O7750,2024-11-30,Subway,Fries,Chinese,2,417.65,Wallet,43,2025-07-09,286,Inactive,1,2025-02-09,Cancelled,835.3
C6284,Female,Teenager,Karachi,2024-09-18,O10284,2024-11-30,KFC,Sandwich,Dessert,5,1231.59,Cash,27,2025-04-21,130,Inactive,5,2025-07-16,Delivered,6157.95
C3372,Female,Adult,Peshawar,2024-08-08,O7372,2024-11-30,Burger King,Pizza,Continental,3,824.45,Wallet,1,2025-04-21,252,Active,5,2025-01-18,Cancelled,2473.35
C6289,Other,Adult,Lahore,2025-02-09,O10289,2024-11-30,Subway,Fries,Dessert,2,794.81,Card,44,2025-06-27,122,Active,4,2025-03-25,Cancelled,1589.62
C3931,Male,Senior,Karachi,2024-09-02,O7931,2024-11-30,KFC,Pizza,Chinese,5,241.62,Card,35,2024-11-01,111,Inactive,2,2025-04-01,Delivered,1208.1
C2079,Female,Teenager,Islamabad,2024-02-14,O6079,2024-11-30,KFC,Sandwich,Dessert,2,428.87,Card,31,2025-06-24,58,Inactive,1,2024-11-16,Cancelled,857.74
C3582,Other,Senior,Islamabad,2024-11-14,O7582,2024-11-30,McDonald's,Fries,Fast Food,5,105.49,Wallet,25,2025-08-01,162,Active,1,2024-10-11,Delivered,527.45
C5417,Male,Senior,Lahore,2023-09-02,O9417,2024-11-30,McDonald's,Sandwich,Fast Food,3,155.05,Card,39,2024-08-24,465,Inactive,5,2024-12-20,Delayed,465.15
C2312,Female,Senior,Lahore,2024-03-04,O6312,2024-12-01,Pizza Hut,Pasta,Chinese,3,636.54,Wallet,34,2025-01-07,350,Active,4,2025-05-10,Delivered,1909.62
C4031,Other,Senior,Islamabad,2024-04-19,O8031,2024-12-01,KFC,Pasta,Dessert,2,925.66,Cash,12,2024-10-10,139,Inactive,3,2024-10-19,Delayed,1851.32
C6443,Female,Adult,Lahore,2024-11-19,O10443,2024-12-01,McDonald's,Burger,Continental,3,1302.66,Cash,8,2025-01-18,252,Active,4,2025-01-20,Delayed,3907.98
C5247,Female,Senior,Peshawar,2024-03-16,O9247,2024-12-01,Subway,Burger,Continental,4,278.33,Wallet,34,2025-05-11,94,Active,1,2024-11-05,Delivered,1113.32
C6516,Male,Teenager,Karachi,2024-01-31,O10516,2024-12-01,Burger King,Pizza,Continental,1,1355.24,Card,39,2025-06-19,377,Active,5,2024-10-31,Delivered,1355.24
C4288,Female,Senior,Lahore,2024-12-10,O8288,2024-12-02,Pizza Hut,Pizza,Chinese,1,809.79,Cash,1,2025-05-15,273,Inactive,3,2024-12-24,Cancelled,809.79
C5974,Male,Teenager,Peshawar,2024-11-25,O9974,2024-12-02,Pizza Hut,Pasta,Continental,1,303.5,Cash,17,2025-06-23,226,Active,1,2024-09-17,Delivered,303.5
C4318,Male,Senior,Multan,2024-08-21,O8318,2024-12-02,Subway,Fries,Italian,2,268.89,Card,12,2025-03-29,247,Active,2,2024-10-31,Delivered,537.78
C6903,Male,Adult,Islamabad,2024-07-12,O10903,2024-12-02,Burger King,Fries,Italian,3,1292.29,Cash,42,2025-05-30,226,Inactive,5,2025-01-17,Delivered,3876.87
C4271,Other,Adult,Multan,2024-07-30,O8271,2024-12-02,Pizza Hut,Sandwich,Italian,1,596.37,Cash,14,2024-11-24,485,Inactive,2,2024-12-07,Delayed,596.37
C4152,Other,Senior,Peshawar,2024-04-27,O8152,2024-12-02,McDonald's,Burger,Dessert,1,1160.73,Card,21,2025-08-18,494,Inactive,4,2024-12-01,Delayed,1160.73
C1649,Female,Adult,Multan,2024-07-21,O5649,2024-12-02,KFC,Burger,Dessert,2,997.28,Card,26,2024-12-16,176,Active,1,2025-05-11,Delivered,1994.56
C3911,Male,Teenager,Multan,2024-03-24,O7911,2024-12-02,Pizza Hut,Pizza,Chinese,1,1232.45,Wallet,12,2025-07-19,285,Inactive,5,2024-12-16,Cancelled,1232.45
C2386,Female,Adult,Islamabad,2025-06-07,O6386,2024-12-02,Burger King,Pizza,Chinese,4,1472.53,Card,1,2025-08-02,266,Active,3,2024-10-29,Delayed,5890.12
C3337,Other,Senior,Peshawar,2023-09-07,O7337,2024-12-03,Subway,Burger,Fast Food,4,1498.99,Card,17,2025-07-20,307,Active,5,2025-05-08,Delayed,5995.96
C4967,Male,Teenager,Multan,2025-03-30,O8967,2024-12-03,McDonald's,Burger,Italian,2,1156.48,Cash,15,2025-04-06,374,Inactive,4,2024-12-18,Delayed,2312.96
C2909,Male,Teenager,Lahore,2024-04-11,O6909,2024-12-03,Subway,Burger,Continental,4,966.96,Card,11,2024-09-21,360,Inactive,4,2025-07-21,Cancelled,3867.84
C2839,Male,Teenager,Karachi,2023-09-14,O6839,2024-12-03,KFC,Pizza,Continental,5,1463.8,Card,35,2025-05-12,290,Inactive,3,2024-10-20,Delayed,7319.0
C4855,Female,Senior,Karachi,2024-03-02,O8855,2024-12-03,KFC,Pizza,Continental,4,410.46,Wallet,10,2025-04-24,131,Inactive,5,2025-07-24,Cancelled,1641.84
C6535,Male,Adult,Lahore,2025-01-22,O10535,2024-12-03,McDonald's,Pasta,Chinese,1,399.13,Cash,12,2025-07-06,150,Inactive,2,2024-11-28,Delivered,399.13
C6959,Female,Teenager,Karachi,2024-05-13,O10959,2024-12-03,Subway,Sandwich,Italian,3,1213.06,Card,25,2025-08-20,140,Inactive,3,2024-12-15,Delayed,3639.18
C6415,Male,Senior,Karachi,2024-02-28,O10415,2024-12-04,KFC,Pizza,Dessert,1,496.14,Card,8,2025-04-14,59,Active,1,2025-07-22,Delayed,496.14
C6248,Male,Teenager,Islamabad,2024-12-04,O10248,2024-12-04,Subway,Pizza,Italian,4,667.42,Cash,36,2025-06-29,351,Active,1,2024-12-17,Delivered,2669.68
C6404,Other,Senior,Lahore,2024-03-02,O10404,2024-12-04,KFC,Burger,Chinese,5,1261.11,Wallet,45,2024-10-28,324,Active,1,2025-02-25,Delayed,6305.55
C3124,Male,Adult,Karachi,2024-12-14,O7124,2024-12-04,Subway,Pizza,Italian,4,532.24,Card,32,2025-03-04,264,Active,3,2025-06-12,Delivered,2128.96
C1647,Other,Adult,Islamabad,2023-10-08,O5647,2024-12-04,Subway,Burger,Fast Food,2,1073.14,Cash,21,2025-03-14,497,Active,3,2024-11-09,Delayed,2146.28
C6413,Male,Adult,Peshawar,2025-04-08,O10413,2024-12-04,Subway,Fries,Chinese,5,1210.42,Card,30,2025-05-13,206,Inactive,5,2024-10-21,Delayed,6052.1
C2807,Male,Senior,Multan,2023-12-01,O6807,2024-12-04,Burger King,Pasta,Italian,3,213.01,Cash,7,2025-07-16,384,Inactive,5,2024-12-26,Delivered,639.03
C1835,Other,Adult,Karachi,2024-10-24,O5835,2024-12-05,KFC,Sandwich,Italian,1,1156.35,Wallet,8,2025-03-05,380,Inactive,5,2024-10-26,Delayed,1156.35
C6058,Female,Teenager,Lahore,2023-09-11,O10058,2024-12-05,Subway,Burger,Fast Food,5,273.97,Card,31,2025-06-11,43,Active,3,2025-05-31,Delayed,1369.85
C2308,Female,Senior,Peshawar,2024-08-24,O6308,2024-12-05,KFC,Fries,Dessert,3,897.8,Cash,46,2024-09-02,478,Active,5,2024-10-02,Delayed,2693.4
C6693,Female,Adult,Karachi,2025-03-22,O10693,2024-12-05,KFC,Pasta,Continental,1,1305.69,Wallet,46,2025-04-28,389,Inactive,1,2024-08-30,Delivered,1305.69
C6812,Male,Senior,Karachi,2024-11-12,O10812,2024-12-05,Subway,Burger,Dessert,4,776.97,Wallet,50,2025-02-26,498,Active,4,2024-08-22,Delivered,3107.88
C5992,Female,Teenager,Karachi,2024-08-21,O9992,2024-12-06,Burger King,Fries,Dessert,4,1394.75,Card,45,2025-04-29,444,Active,3,2025-06-26,Delayed,5579.0
C4235,Other,Adult,Islamabad,2024-10-03,O8235,2024-12-06,Pizza Hut,Pizza,Chinese,1,1228.93,Wallet,47,2025-05-25,285,Active,4,2024-11-19,Cancelled,1228.93
C2252,Other,Senior,Lahore,2024-09-29,O6252,2024-12-06,Subway,Sandwich,Chinese,4,750.19,Wallet,46,2024-12-19,314,Inactive,4,2024-11-04,Delayed,3000.76
C2634,Other,Teenager,Islamabad,2024-04-29,O6634,2024-12-06,KFC,Sandwich,Italian,3,1351.9,Cash,47,2024-09-30,320,Active,4,2025-07-04,Delivered,4055.7
C6199,Other,Adult,Peshawar,2024-02-24,O10199,2024-12-06,Pizza Hut,Sandwich,Continental,4,325.51,Card,32,2025-08-15,395,Active,5,2024-10-28,Delivered,1302.04
C6688,Male,Adult,Multan,2024-10-28,O10688,2024-12-06,KFC,Pizza,Fast Food,1,861.48,Wallet,12,2024-12-26,84,Inactive,2,2025-04-03,Delivered,861.48
C4526,Male,Teenager,Multan,2025-04-14,O8526,2024-12-06,Pizza Hut,Burger,Fast Food,5,514.24,Cash,5,2025-07-17,272,Active,1,2025-01-06,Delivered,2571.2
C6570,Other,Teenager,Lahore,2025-02-21,O10570,2024-12-07,Subway,Pizza,Italian,5,916.03,Cash,50,2025-08-04,58,Inactive,5,2025-05-27,Delivered,4580.15
C4920,Male,Adult,Lahore,2023-11-19,O8920,2024-12-07,Pizza Hut,Burger,Chinese,4,1102.32,Cash,27,2024-10-17,112,Active,3,2025-05-02,Cancelled,4409.28
C5052,Other,Teenager,Lahore,2023-12-27,O9052,2024-12-07,Burger King,Fries,Continental,4,1467.33,Card,22,2025-02-06,483,Inactive,4,2025-03-31,Cancelled,5869.32
C5652,Female,Teenager,Multan,2024-04-16,O9652,2024-12-07,Burger King,Fries,Fast Food,2,554.07,Cash,4,2025-07-25,242,Active,3,2024-10-12,Cancelled,1108.14
C6134,Female,Senior,Islamabad,2024-09-28,O10134,2024-12-07,McDonald's,Pizza,Chinese,2,288.54,Card,17,2025-03-15,183,Inactive,2,2025-05-20,Cancelled,577.08
C6276,Male,Senior,Islamabad,2025-02-19,O10276,2024-12-07,McDonald's,Fries,Fast Food,5,754.32,Card,25,2025-03-19,273,Active,2,2025-01-13,Cancelled,3771.6
C2691,Female,Teenager,Lahore,2025-06-01,O6691,2024-12-07,KFC,Pasta,Continental,5,387.26,Card,48,2025-07-07,415,Active,3,2025-02-18,Delayed,1936.3
C1093,Female,Senior,Lahore,2024-02-17,O5093,2024-12-08,McDonald's,Pizza,Italian,3,252.33,Wallet,42,2025-01-28,50,Inactive,3,2025-08-13,Delivered,756.99
C1400,Male,Senior,Karachi,2024-05-25,O5400,2024-12-08,Pizza Hut,Pizza,Fast Food,3,1309.52,Card,40,2025-02-08,61,Active,1,2024-11-15,Cancelled,3928.56
C2434,Other,Adult,Lahore,2025-01-01,O6434,2024-12-08,Pizza Hut,Pasta,Continental,4,344.17,Wallet,24,2025-06-17,5,Inactive,3,2025-08-04,Delayed,1376.68
C2119,Other,Adult,Multan,2024-09-16,O6119,2024-12-09,Subway,Pasta,Chinese,1,464.51,Card,49,2024-10-19,32,Inactive,5,2025-05-15,Delivered,464.51
C1024,Male,Adult,Multan,2024-04-02,O5024,2024-12-09,Burger King,Sandwich,Italian,5,458.21,Wallet,14,2024-10-06,325,Active,3,2025-02-13,Delivered,2291.05
C4907,Male,Teenager,Multan,2024-08-21,O8907,2024-12-09,Subway,Fries,Continental,4,1252.65,Cash,18,2025-01-17,109,Active,5,2025-04-16,Delayed,5010.6
C2052,Male,Teenager,Lahore,2025-03-29,O6052,2024-12-09,Pizza Hut,Pizza,Fast Food,3,1425.05,Cash,29,2025-07-06,302,Active,1,2024-10-17,Delivered,4275.15
C2758,Female,Senior,Lahore,2023-11-10,O6758,2024-12-09,Pizza Hut,Pasta,Fast Food,1,374.06,Wallet,38,2024-09-07,269,Active,2,2025-03-22,Cancelled,374.06
C5471,Female,Adult,Peshawar,2024-03-16,O9471,2024-12-09,Burger King,Pizza,Chinese,4,915.05,Cash,41,2024-11-30,43,Inactive,5,2025-04-01,Cancelled,3660.2
C5460,Male,Senior,Islamabad,2023-09-20,O9460,2024-12-09,KFC,Pasta,Continental,2,399.48,Cash,34,2024-12-09,8,Active,1,2024-12-04,Delivered,798.96
C1729,Male,Adult,Karachi,2024-10-18,O5729,2024-12-09,Subway,Pasta,Chinese,2,340.71,Card,32,2025-01-09,203,Active,3,2025-05-09,Cancelled,681.42
C6097,Male,Teenager,Islamabad,2024-02-05,O10097,2024-12-09,Pizza Hut,Pizza,Continental,4,771.85,Card,47,2025-07-28,4,Active,2,2025-03-07,Cancelled,3087.4
C1707,Male,Senior,Peshawar,2023-11-02,O5707,2024-12-09,McDonald's,Pizza,Italian,5,368.79,Cash,48,2024-12-05,416,Active,1,2025-02-24,Delivered,1843.95
C4392,Other,Adult,Lahore,2025-04-03,O8392,2024-12-09,McDonald's,Pizza,Chinese,3,845.0,Wallet,42,2025-07-26,381,Active,5,2024-09-30,Cancelled,2535.0
C1621,Female,Adult,Islamabad,2024-02-26,O5621,2024-12-09,Subway,Sandwich,Italian,5,584.62,Card,49,2024-10-13,95,Active,2,2025-06-10,Delayed,2923.1
C6596,Male,Adult,Lahore,2024-07-14,O10596,2024-12-10,KFC,Pasta,Chinese,3,118.44,Wallet,6,2024-09-14,461,Inactive,1,2025-04-24,Delivered,355.32
C3410,Male,Senior,Peshawar,2025-02-14,O7410,2024-12-10,McDonald's,Pizza,Continental,3,755.84,Card,48,2025-06-02,305,Active,3,2024-09-03,Cancelled,2267.52
C1782,Male,Senior,Multan,2024-01-04,O5782,2024-12-10,Burger King,Sandwich,Chinese,5,802.75,Cash,21,2025-01-23,429,Active,1,2024-10-24,Delivered,4013.75
C6775,Male,Teenager,Islamabad,2025-03-14,O10775,2024-12-10,KFC,Fries,Italian,2,609.76,Card,39,2025-05-21,34,Inactive,4,2024-08-21,Cancelled,1219.52
C2006,Male,Senior,Multan,2024-06-02,O6006,2024-12-10,Subway,Pasta,Dessert,2,108.36,Cash,11,2025-03-28,141,Active,3,2024-09-20,Delivered,216.72
C4399,Female,Adult,Multan,2024-08-31,O8399,2024-12-10,Pizza Hut,Sandwich,Chinese,5,1371.51,Card,43,2024-09-08,194,Active,1,2025-01-28,Delayed,6857.55
C1867,Other,Senior,Peshawar,2024-08-29,O5867,2024-12-10,Burger King,Burger,Italian,1,350.03,Cash,13,2025-02-23,398,Active,2,2025-03-25,Delivered,350.03
C3209,Male,Senior,Multan,2023-12-07,O7209,2024-12-10,McDonald's,Sandwich,Italian,1,1358.81,Cash,34,2025-03-19,113,Inactive,4,2024-10-29,Delayed,1358.81
C6211,Female,Teenager,Karachi,2024-09-12,O10211,2024-12-10,McDonald's,Fries,Chinese,3,1164.62,Wallet,2,2024-10-18,425,Inactive,1,2025-07-29,Cancelled,3493.86
C4567,Female,Senior,Peshawar,2024-10-13,O8567,2024-12-10,McDonald's,Sandwich,Continental,4,1194.79,Card,21,2025-01-14,313,Active,5,2024-12-29,Delivered,4779.16
C5936,Other,Teenager,Islamabad,2024-09-22,O9936,2024-12-10,Burger King,Pasta,Italian,5,305.79,Card,6,2025-03-05,414,Active,4,2024-12-21,Delivered,1528.95
C3812,Male,Teenager,Multan,2024-04-08,O7812,2024-12-11,Subway,Pasta,Fast Food,2,1280.51,Cash,30,2025-06-19,373,Active,5,2024-10-03,Cancelled,2561.02
C2149,Male,Adult,Karachi,2024-08-10,O6149,2024-12-11,McDonald's,Fries,Italian,5,117.4,Card,32,2024-09-21,278,Active,5,2025-06-16,Delivered,587.0
C6469,Female,Senior,Islamabad,2023-11-20,O10469,2024-12-11,Subway,Fries,Chinese,1,628.78,Cash,3,2025-05-04,404,Inactive,4,2025-08-09,Delayed,628.78
C3051,Other,Senior,Islamabad,2024-08-15,O7051,2024-12-12,McDonald's,Fries,Chinese,3,177.31,Wallet,26,2024-08-22,120,Inactive,4,2025-02-20,Delivered,531.93
C5711,Male,Adult,Islamabad,2025-02-05,O9711,2024-12-12,Burger King,Fries,Chinese,5,1402.21,Card,46,2025-02-19,172,Active,3,2025-04-13,Cancelled,7011.05
C2260,Other,Senior,Multan,2023-11-30,O6260,2024-12-12,Subway,Pizza,Italian,2,463.5,Cash,4,2025-01-09,377,Inactive,1,2025-04-16,Cancelled,927.0
C2833,Other,Senior,Lahore,2023-11-14,O6833,2024-12-12,KFC,Fries,Fast Food,3,1351.4,Card,23,2024-12-25,62,Inactive,3,2025-03-23,Delivered,4054.2
C6203,Male,Teenager,Peshawar,2024-04-01,O10203,2024-12-12,McDonald's,Pasta,Chinese,3,1110.2,Wallet,9,2025-01-27,165,Active,1,2024-10-30,Delayed,3330.6
C2090,Female,Teenager,Lahore,2024-08-21,O6090,2024-12-12,Burger King,Pizza,Italian,3,1363.45,Card,39,2024-12-19,427,Inactive,5,2025-08-08,Delayed,4090.35
C3978,Other,Teenager,Lahore,2024-02-21,O7978,2024-12-12,McDonald's,Sandwich,Fast Food,2,265.32,Card,26,2024-11-11,489,Inactive,5,2025-03-02,Delayed,530.64
C4829,Male,Senior,Karachi,2023-10-18,O8829,2024-12-13,Burger King,Pasta,Fast Food,3,831.01,Card,5,2025-03-14,204,Inactive,5,2024-08-22,Cancelled,2493.03
C1751,Female,Senior,Peshawar,2024-12-03,O5751,2024-12-13,KFC,Pizza,Dessert,2,286.63,Cash,45,2025-05-01,239,Inactive,4,2025-07-24,Delayed,573.26
C4345,Female,Adult,Peshawar,2025-02-12,O8345,2024-12-13,KFC,Pasta,Fast Food,3,312.05,Cash,37,2025-08-15,99,Inactive,4,2025-06-04,Delivered,936.15
C6773,Male,Teenager,Peshawar,2024-01-24,O10773,2024-12-13,Subway,Pizza,Italian,4,1251.89,Wallet,34,2025-01-24,37,Active,5,2024-08-25,Cancelled,5007.56
C1736,Other,Teenager,Lahore,2025-02-28,O5736,2024-12-13,Burger King,Pizza,Italian,1,628.89,Card,2,2025-06-16,29,Inactive,3,2025-07-13,Delayed,628.89
C4724,Female,Teenager,Multan,2024-10-22,O8724,2024-12-13,McDonald's,Pizza,Chinese,3,125.64,Cash,6,2024-10-29,216,Active,1,2025-01-16,Delayed,376.92
C4173,Other,Senior,Peshawar,2025-05-30,O8173,2024-12-13,KFC,Pasta,Continental,5,515.36,Wallet,7,2025-07-29,351,Active,2,2025-03-04,Cancelled,2576.8
C3357,Female,Adult,Islamabad,2024-02-18,O7357,2024-12-13,Burger King,Pizza,Fast Food,1,411.33,Cash,40,2025-02-27,397,Inactive,2,2024-11-18,Cancelled,411.33
C5948,Female,Senior,Multan,2025-06-09,O9948,2024-12-13,Subway,Pizza,Fast Food,5,801.8,Wallet,42,2025-07-18,27,Active,1,2025-06-13,Delivered,4009.0
C2378,Female,Teenager,Lahore,2024-08-29,O6378,2024-12-14,Subway,Sandwich,Chinese,4,735.36,Cash,33,2024-12-21,463,Inactive,4,2024-09-29,Delivered,2941.44
C2693,Other,Teenager,Islamabad,2024-03-09,O6693,2024-12-14,Burger King,Fries,Chinese,5,613.37,Wallet,22,2025-05-17,234,Active,3,2024-09-20,Cancelled,3066.85
C2637,Other,Teenager,Karachi,2024-10-07,O6637,2024-12-14,KFC,Pasta,Fast Food,2,1393.42,Cash,33,2025-06-17,311,Inactive,1,2024-09-15,Delayed,2786.84
C6617,Female,Adult,Islamabad,2024-12-12,O10617,2024-12-14,McDonald's,Pasta,Italian,4,1251.02,Card,28,2025-07-21,227,Active,1,2025-03-24,Cancelled,5004.08
C2997,Female,Teenager,Islamabad,2024-01-21,O6997,2024-12-14,KFC,Pizza,Italian,1,1427.28,Card,50,2025-06-29,112,Active,1,2025-04-22,Delivered,1427.28
C6142,Female,Adult,Karachi,2023-10-21,O10142,2024-12-14,Burger King,Fries,Continental,2,544.11,Cash,24,2024-12-14,353,Inactive,4,2024-12-12,Delayed,1088.22
C2019,Female,Senior,Karachi,2023-10-22,O6019,2024-12-15,KFC,Pizza,Italian,5,221.48,Card,18,2024-10-30,354,Active,4,2024-10-09,Delivered,1107.4
C2808,Other,Adult,Islamabad,2024-03-03,O6808,2024-12-15,Subway,Sandwich,Chinese,2,480.81,Wallet,3,2025-05-13,43,Active,3,2025-02-08,Cancelled,961.62
C6765,Male,Senior,Multan,2023-11-08,O10765,2024-12-15,Pizza Hut,Sandwich,Italian,5,461.78,Wallet,31,2025-05-26,333,Inactive,2,2025-06-09,Delayed,2308.9
C1568,Female,Teenager,Peshawar,2024-08-20,O5568,2024-12-15,McDonald's,Pasta,Fast Food,4,773.36,Cash,4,2024-09-15,499,Active,4,2025-01-28,Cancelled,3093.44
C1693,Male,Teenager,Karachi,2023-12-17,O5693,2024-12-15,KFC,Sandwich,Chinese,4,946.6,Cash,28,2025-03-16,301,Inactive,4,2025-03-03,Delivered,3786.4
C5181,Male,Adult,Peshawar,2025-07-13,O9181,2024-12-15,Subway,Pizza,Italian,2,1326.49,Card,32,2025-08-09,476,Inactive,3,2025-04-13,Cancelled,2652.98
C4225,Female,Adult,Multan,2025-02-24,O8225,2024-12-15,McDonald's,Fries,Fast Food,2,443.87,Card,3,2025-05-29,302,Active,3,2025-08-11,Cancelled,887.74
C5634,Other,Teenager,Peshawar,2023-10-18,O9634,2024-12-15,McDonald's,Pizza,Fast Food,3,616.99,Card,13,2024-10-25,236,Active,4,2025-07-20,Cancelled,1850.97
C4432,Male,Teenager,Multan,2023-09-06,O8432,2024-12-16,McDonald's,Burger,Italian,4,837.89,Cash,34,2024-09-13,275,Inactive,3,2025-02-21,Delayed,3351.56
C6069,Male,Adult,Multan,2024-05-19,O10069,2024-12-16,Subway,Burger,Fast Food,4,861.44,Cash,5,2024-09-13,245,Active,1,2024-10-28,Delivered,3445.76
C2478,Other,Adult,Lahore,2024-11-08,O6478,2024-12-16,Pizza Hut,Pasta,Fast Food,5,1237.16,Wallet,7,2025-02-09,79,Inactive,2,2024-09-25,Cancelled,6185.8
C6378,Male,Teenager,Lahore,2024-12-15,O10378,2024-12-16,Subway,Pizza,Chinese,1,571.64,Cash,37,2025-05-05,304,Active,4,2025-01-12,Cancelled,571.64
C4281,Female,Teenager,Multan,2025-03-07,O8281,2024-12-16,Pizza Hut,Pasta,Dessert,3,632.18,Cash,31,2025-07-09,497,Inactive,4,2025-01-15,Delayed,1896.54
C6400,Other,Teenager,Lahore,2024-10-15,O10400,2024-12-16,Burger King,Pasta,Chinese,4,1488.93,Cash,45,2024-10-20,461,Active,3,2025-05-14,Cancelled,5955.72
C5921,Other,Teenager,Multan,2024-07-31,O9921,2024-12-16,Burger King,Burger,Fast Food,2,228.4,Wallet,39,2025-08-11,196,Inactive,3,2025-07-17,Delayed,456.8
C2703,Female,Senior,Peshawar,2025-01-17,O6703,2024-12-17,Subway,Sandwich,Continental,5,964.53,Card,38,2025-06-10,280,Inactive,4,2024-11-07,Delayed,4822.65
C1534,Female,Adult,Peshawar,2025-04-11,O5534,2024-12-17,Pizza Hut,Pasta,Continental,1,1310.78,Card,50,2025-07-10,148,Inactive,5,2025-08-11,Cancelled,1310.78
C5785,Male,Senior,Peshawar,2023-10-25,O9785,2024-12-17,Pizza Hut,Sandwich,Chinese,3,212.07,Cash,14,2025-08-13,237,Inactive,2,2025-02-12,Delayed,636.21
C6052,Male,Teenager,Islamabad,2024-01-25,O10052,2024-12-17,Pizza Hut,Fries,Chinese,2,154.04,Card,49,2024-11-07,58,Active,4,2024-11-26,Delayed,308.08
C5997,Female,Teenager,Peshawar,2025-01-30,O9997,2024-12-18,Pizza Hut,Sandwich,Fast Food,3,923.52,Wallet,9,2025-05-22,95,Active,2,2025-08-02,Delivered,2770.56
C1440,Female,Adult,Lahore,2023-11-10,O5440,2024-12-18,Pizza Hut,Pasta,Chinese,5,1101.28,Wallet,24,2025-07-27,355,Inactive,3,2024-08-25,Delivered,5506.4
C1938,Male,Adult,Multan,2024-05-22,O5938,2024-12-18,Subway,Burger,Italian,4,568.33,Wallet,18,2024-12-10,21,Active,3,2024-09-24,Cancelled,2273.32
C6471,Other,Senior,Islamabad,2023-10-09,O10471,2024-12-18,KFC,Fries,Fast Food,1,1323.48,Card,41,2025-04-08,65,Active,4,2024-10-07,Cancelled,1323.48
C2127,Female,Senior,Lahore,2024-09-30,O6127,2024-12-18,McDonald's,Sandwich,Italian,5,270.04,Card,17,2024-12-20,352,Active,1,2025-05-11,Delivered,1350.2
C1507,Female,Adult,Lahore,2025-04-28,O5507,2024-12-18,KFC,Fries,Continental,2,964.05,Wallet,45,2025-07-08,213,Inactive,5,2025-08-12,Cancelled,1928.1
C2208,Female,Adult,Lahore,2024-04-12,O6208,2024-12-18,KFC,Pasta,Chinese,1,1093.13,Wallet,36,2024-08-28,16,Inactive,1,2024-12-14,Delivered,1093.13
C3176,Other,Adult,Lahore,2025-01-11,O7176,2024-12-18,Burger King,Sandwich,Chinese,1,1486.2,Wallet,8,2025-08-03,96,Active,5,2025-01-09,Delayed,1486.2
C6327,Female,Teenager,Peshawar,2025-01-11,O10327,2024-12-19,Burger King,Pizza,Chinese,4,1060.01,Wallet,6,2025-03-12,73,Active,5,2025-01-22,Cancelled,4240.04
C3344,Male,Adult,Lahore,2023-09-03,O7344,2024-12-19,Pizza Hut,Pasta,Chinese,5,1096.76,Wallet,20,2025-08-09,192,Inactive,5,2024-08-24,Cancelled,5483.8
C1572,Female,Teenager,Karachi,2023-09-16,O5572,2024-12-19,Pizza Hut,Pasta,Dessert,2,1011.91,Wallet,40,2024-11-24,45,Active,2,2025-05-03,Cancelled,2023.82
C4120,Female,Senior,Islamabad,2024-01-02,O8120,2024-12-19,Pizza Hut,Pasta,Fast Food,4,1368.99,Wallet,24,2025-08-19,182,Inactive,2,2024-10-24,Delivered,5475.96
C2900,Female,Adult,Islamabad,2024-04-10,O6900,2024-12-19,KFC,Pizza,Italian,2,993.55,Wallet,24,2025-06-18,302,Inactive,1,2024-08-25,Cancelled,1987.1
C2929,Female,Adult,Multan,2024-01-05,O6929,2024-12-19,KFC,Burger,Continental,2,1401.99,Cash,29,2025-08-06,110,Active,3,2025-03-13,Delayed,2803.98
C2218,Female,Teenager,Peshawar,2025-02-27,O6218,2024-12-19,Subway,Pasta,Italian,5,1209.66,Wallet,25,2025-03-24,445,Active,5,2024-11-30,Delayed,6048.3
C1288,Other,Senior,Peshawar,2024-02-18,O5288,2024-12-20,KFC,Burger,Italian,4,541.53,Cash,9,2024-09-15,19,Inactive,2,2025-08-10,Delayed,2166.12
C1721,Female,Senior,Lahore,2025-06-17,O5721,2024-12-20,Pizza Hut,Sandwich,Dessert,4,479.83,Wallet,8,2025-06-21,286,Active,2,2024-09-25,Cancelled,1919.32
C1049,Female,Senior,Karachi,2023-11-20,O5049,2024-12-20,KFC,Pasta,Italian,5,1153.27,Cash,39,2025-05-14,346,Inactive,3,2024-09-01,Delivered,5766.35
C4900,Female,Senior,Multan,2025-01-02,O8900,2024-12-20,Burger King,Burger,Italian,4,978.12,Wallet,5,2025-07-24,274,Inactive,5,2025-04-12,Delayed,3912.48
C3293,Male,Senior,Lahore,2023-11-26,O7293,2024-12-20,McDonald's,Fries,Chinese,1,495.45,Card,49,2025-07-28,491,Active,1,2024-10-14,Delayed,495.45
C6463,Other,Teenager,Peshawar,2024-12-19,O10463,2024-12-20,Pizza Hut,Sandwich,Chinese,5,1435.95,Cash,8,2025-05-04,180,Inactive,2,2025-02-12,Cancelled,7179.75
C4332,Female,Senior,Lahore,2024-04-21,O8332,2024-12-20,Pizza Hut,Pasta,Fast Food,1,726.23,Cash,34,2024-10-01,350,Inactive,4,2025-01-15,Cancelled,726.23
C6099,Female,Adult,Lahore,2024-07-25,O10099,2024-12-20,Subway,Sandwich,Continental,3,945.09,Card,49,2025-06-28,101,Active,4,2025-03-29,Delayed,2835.27
C1953,Female,Senior,Multan,2025-01-06,O5953,2024-12-20,KFC,Sandwich,Italian,2,584.19,Wallet,46,2025-06-22,199,Active,4,2025-04-02,Cancelled,1168.38
C4584,Male,Senior,Lahore,2024-10-01,O8584,2024-12-20,Pizza Hut,Pasta,Italian,3,1246.23,Card,17,2025-04-02,473,Active,4,2024-10-11,Cancelled,3738.69
C2486,Female,Teenager,Lahore,2024-12-28,O6486,2024-12-21,McDonald's,Pizza,Fast Food,1,212.99,Card,27,2025-03-12,116,Active,2,2025-04-30,Delivered,212.99
C1448,Male,Teenager,Peshawar,2024-09-27,O5448,2024-12-21,Burger King,Fries,Italian,5,1381.65,Wallet,18,2025-01-23,63,Inactive,5,2025-04-06,Delivered,6908.25
C4341,Male,Adult,Karachi,2024-11-18,O8341,2024-12-21,Subway,Pizza,Dessert,1,1187.27,Card,46,2025-05-01,453,Active,4,2025-07-18,Cancelled,1187.27
C6606,Other,Adult,Multan,2023-09-01,O10606,2024-12-21,McDonald's,Burger,Continental,1,238.71,Card,37,2025-04-29,385,Inactive,2,2025-07-29,Delivered,238.71
C1445,Female,Adult,Karachi,2023-12-27,O5445,2024-12-21,McDonald's,Pasta,Italian,2,1289.39,Wallet,31,2025-08-21,236,Inactive,2,2025-01-04,Delivered,2578.78
C1271,Other,Teenager,Islamabad,2023-11-07,O5271,2024-12-21,KFC,Fries,Continental,5,385.95,Cash,50,2025-07-07,214,Active,5,2024-10-16,Delivered,1929.75
C6979,Male,Adult,Islamabad,2023-11-18,O10979,2024-12-22,KFC,Fries,Dessert,3,868.86,Card,9,2025-04-01,55,Inactive,3,2024-11-25,Delivered,2606.58
C1630,Female,Adult,Karachi,2025-05-17,O5630,2024-12-22,McDonald's,Fries,Fast Food,3,1203.69,Wallet,24,2025-07-01,430,Active,5,2024-10-19,Delayed,3611.07
C6578,Other,Teenager,Peshawar,2024-04-12,O10578,2024-12-22,Subway,Pasta,Italian,4,834.37,Cash,41,2025-08-16,291,Inactive,4,2025-08-04,Cancelled,3337.48
C6135,Male,Teenager,Peshawar,2024-10-14,O10135,2024-12-23,Burger King,Pizza,Dessert,1,1062.27,Card,14,2025-04-12,54,Inactive,4,2025-06-05,Delivered,1062.27
C4736,Male,Adult,Multan,2023-12-23,O8736,2024-12-23,KFC,Sandwich,Italian,3,238.59,Wallet,24,2024-10-25,360,Inactive,5,2024-11-30,Delivered,715.77
C2033,Male,Teenager,Peshawar,2024-08-19,O6033,2024-12-23,Burger King,Pasta,Dessert,3,736.18,Wallet,25,2025-04-06,263,Inactive,3,2025-06-19,Cancelled,2208.54
C3487,Other,Senior,Peshawar,2024-12-12,O7487,2024-12-23,McDonald's,Burger,Fast Food,1,1188.32,Wallet,4,2025-01-26,390,Active,2,2024-10-22,Delayed,1188.32
C6019,Female,Senior,Lahore,2024-04-23,O10019,2024-12-23,Burger King,Fries,Continental,4,1342.3,Card,32,2025-03-15,7,Inactive,4,2024-12-02,Cancelled,5369.2
C5182,Female,Teenager,Islamabad,2023-10-12,O9182,2024-12-23,KFC,Pizza,Dessert,3,590.85,Wallet,9,2024-12-23,97,Inactive,5,2025-02-06,Cancelled,1772.55
C5018,Female,Teenager,Karachi,2025-01-27,O9018,2024-12-23,Pizza Hut,Pasta,Italian,5,1462.54,Cash,40,2025-04-03,273,Inactive,4,2025-03-31,Delayed,7312.7
C2115,Male,Teenager,Karachi,2024-10-16,O6115,2024-12-23,Pizza Hut,Fries,Continental,5,321.76,Card,22,2025-03-22,105,Active,1,2025-05-15,Delivered,1608.8
C3827,Other,Teenager,Multan,2023-11-15,O7827,2024-12-23,Pizza Hut,Fries,Continental,3,223.19,Wallet,40,2025-04-19,326,Inactive,1,2024-10-31,Cancelled,669.57
C6293,Male,Teenager,Peshawar,2023-12-21,O10293,2024-12-23,McDonald's,Pizza,Fast Food,4,672.27,Wallet,8,2024-10-27,407,Inactive,1,2024-10-19,Delayed,2689.08
C3532,Other,Teenager,Islamabad,2024-01-06,O7532,2024-12-24,Subway,Fries,Continental,2,579.05,Card,37,2024-09-12,12,Active,1,2025-05-29,Delayed,1158.1
C4148,Other,Senior,Islamabad,2025-03-25,O8148,2024-12-24,Burger King,Fries,Fast Food,1,1153.41,Cash,34,2025-05-04,276,Active,3,2025-05-07,Cancelled,1153.41
C4814,Other,Adult,Lahore,2025-01-13,O8814,2024-12-24,Pizza Hut,Sandwich,Dessert,4,651.99,Card,30,2025-01-25,316,Active,1,2025-01-03,Delivered,2607.96
C2842,Other,Adult,Peshawar,2024-03-17,O6842,2024-12-24,McDonald's,Fries,Continental,5,1084.68,Cash,20,2025-06-10,268,Active,1,2025-01-16,Delayed,5423.4
C1174,Female,Senior,Islamabad,2023-10-21,O5174,2024-12-24,KFC,Pasta,Italian,5,1398.47,Card,28,2025-08-21,37,Active,4,2025-03-03,Delayed,6992.35
C3263,Female,Senior,Peshawar,2023-10-08,O7263,2024-12-24,McDonald's,Burger,Chinese,3,210.49,Wallet,33,2025-02-04,154,Inactive,4,2024-10-18,Delivered,631.47
C5517,Other,Senior,Multan,2024-10-23,O9517,2024-12-24,McDonald's,Pizza,Continental,1,448.59,Card,46,2024-12-12,147,Inactive,1,2024-12-27,Delivered,448.59
C6432,Male,Adult,Islamabad,2025-02-24,O10432,2024-12-24,KFC,Burger,Dessert,3,1472.87,Cash,10,2025-05-15,400,Active,4,2025-02-21,Delayed,4418.61
C3662,Female,Adult,Islamabad,2024-11-03,O7662,2024-12-24,Burger King,Sandwich,Dessert,5,118.28,Card,11,2025-05-13,33,Active,4,2024-10-12,Delayed,591.4
C5357,Other,Teenager,Karachi,2024-01-06,O9357,2024-12-24,Subway,Fries,Italian,4,257.61,Wallet,43,2025-02-07,432,Active,5,2024-10-26,Cancelled,1030.44
C5891,Male,Teenager,Karachi,2024-06-07,O9891,2024-12-24,Pizza Hut,Burger,Chinese,5,757.75,Wallet,32,2025-04-21,90,Inactive,4,2024-09-10,Delivered,3788.75
C6343,Female,Adult,Karachi,2024-09-14,O10343,2024-12-24,KFC,Pizza,Italian,2,267.38,Card,22,2025-02-11,248,Inactive,3,2025-03-08,Delayed,534.76
C3208,Other,Adult,Lahore,2024-09-18,O7208,2024-12-25,Burger King,Pizza,Continental,3,1174.61,Cash,7,2025-02-10,477,Inactive,1,2024-11-30,Cancelled,3523.83
C4591,Other,Teenager,Karachi,2024-12-06,O8591,2024-12-25,Pizza Hut,Burger,Dessert,4,706.89,Wallet,21,2024-12-30,263,Inactive,5,2024-11-09,Cancelled,2827.56
C1267,Other,Adult,Lahore,2023-09-26,O5267,2024-12-25,KFC,Sandwich,Chinese,1,1063.33,Card,18,2025-04-26,490,Active,2,2025-04-13,Delivered,1063.33
C5651,Female,Teenager,Islamabad,2024-12-14,O9651,2024-12-25,Subway,Burger,Dessert,4,824.77,Cash,13,2025-01-21,488,Inactive,3,2024-10-04,Cancelled,3299.08
C1205,Male,Senior,Lahore,2024-10-03,O5205,2024-12-25,Burger King,Fries,Dessert,3,1012.9,Card,14,2025-08-14,276,Inactive,5,2025-05-17,Cancelled,3038.7
C3004,Male,Senior,Lahore,2024-10-29,O7004,2024-12-25,Burger King,Fries,Continental,3,589.86,Card,50,2025-02-06,436,Inactive,3,2025-08-06,Cancelled,1769.58
C4823,Female,Adult,Islamabad,2025-01-01,O8823,2024-12-25,Pizza Hut,Fries,Dessert,2,1249.82,Cash,17,2025-04-28,105,Inactive,1,2025-07-21,Delayed,2499.64
C1677,Female,Adult,Lahore,2024-04-18,O5677,2024-12-25,KFC,Sandwich,Dessert,5,645.75,Card,7,2025-02-18,5,Inactive,5,2025-04-26,Cancelled,3228.75
C4586,Male,Senior,Multan,2024-10-04,O8586,2024-12-25,KFC,Sandwich,Italian,3,1280.94,Card,32,2025-01-21,249,Inactive,1,2025-04-19,Delivered,3842.82
C1338,Female,Adult,Multan,2024-08-06,O5338,2024-12-26,Subway,Pizza,Chinese,1,806.63,Card,25,2025-02-01,92,Inactive,4,2024-09-22,Cancelled,806.63
C4377,Other,Adult,Peshawar,2025-02-18,O8377,2024-12-26,Burger King,Pizza,Fast Food,3,811.44,Cash,11,2025-07-23,47,Inactive,1,2025-04-06,Delivered,2434.32
C4420,Male,Adult,Peshawar,2023-09-12,O8420,2024-12-26,Subway,Burger,Dessert,2,1344.36,Wallet,24,2025-07-15,27,Active,1,2025-07-08,Delivered,2688.72
C6572,Female,Teenager,Lahore,2025-02-01,O10572,2024-12-26,Subway,Pasta,Dessert,3,1002.68,Cash,20,2025-05-21,116,Active,3,2024-10-31,Cancelled,3008.04
C3433,Male,Adult,Karachi,2024-01-22,O7433,2024-12-26,Burger King,Sandwich,Chinese,3,954.87,Wallet,2,2025-06-25,495,Active,1,2024-12-18,Delayed,2864.61
C1682,Male,Senior,Multan,2023-10-30,O5682,2024-12-26,Subway,Fries,Fast Food,2,1439.3,Card,36,2024-10-10,318,Inactive,2,2025-06-09,Delayed,2878.6
C3278,Male,Adult,Multan,2025-01-03,O7278,2024-12-26,Subway,Pizza,Continental,5,1110.75,Card,40,2025-01-28,383,Inactive,1,2024-10-06,Delayed,5553.75
C3683,Other,Adult,Multan,2024-05-24,O7683,2024-12-26,McDonald's,Pasta,Italian,5,537.92,Wallet,44,2024-11-22,308,Active,2,2025-01-24,Cancelled,2689.6
C3746,Female,Teenager,Lahore,2024-11-14,O7746,2024-12-26,Pizza Hut,Sandwich,Chinese,5,688.77,Cash,5,2025-07-31,199,Active,2,2024-11-05,Delayed,3443.85
C3846,Female,Senior,Lahore,2023-12-20,O7846,2024-12-27,Pizza Hut,Pizza,Continental,1,638.0,Wallet,1,2025-08-10,103,Inactive,3,2024-10-19,Delayed,638.0
C5602,Male,Senior,Lahore,2024-03-02,O9602,2024-12-27,Subway,Burger,Italian,2,234.56,Card,42,2024-10-07,456,Inactive,2,2025-08-19,Delivered,469.12
C5369,Other,Teenager,Islamabad,2024-09-30,O9369,2024-12-27,Subway,Fries,Italian,2,1427.73,Cash,27,2025-03-21,56,Active,5,2024-12-16,Cancelled,2855.46
C5483,Male,Adult,Lahore,2023-09-29,O9483,2024-12-27,Subway,Sandwich,Fast Food,4,459.72,Wallet,29,2024-11-16,137,Active,3,2024-11-21,Delivered,1838.88
C5570,Female,Senior,Islamabad,2023-12-27,O9570,2024-12-27,Subway,Pizza,Continental,2,497.91,Wallet,31,2025-03-29,228,Active,3,2025-04-22,Cancelled,995.82
C3495,Male,Adult,Peshawar,2023-09-07,O7495,2024-12-27,Pizza Hut,Pasta,Chinese,2,895.92,Cash,47,2025-01-18,454,Active,4,2025-03-04,Delayed,1791.84
C5174,Female,Adult,Peshawar,2025-03-03,O9174,2024-12-27,Burger King,Pizza,Chinese,4,772.47,Card,45,2025-07-18,15,Inactive,2,2025-07-04,Delayed,3089.88
C5800,Female,Teenager,Islamabad,2024-05-12,O9800,2024-12-27,McDonald's,Sandwich,Dessert,3,265.94,Cash,4,2024-12-01,348,Active,4,2025-05-10,Delivered,797.82
C3684,Male,Teenager,Karachi,2025-03-17,O7684,2024-12-27,McDonald's,Sandwich,Fast Food,5,1045.73,Wallet,1,2025-07-16,430,Inactive,2,2025-07-18,Delayed,5228.65
C1427,Female,Senior,Multan,2023-12-05,O5427,2024-12-27,McDonald's,Sandwich,Fast Food,2,232.48,Wallet,24,2024-08-24,7,Inactive,2,2024-10-31,Delayed,464.96
C3939,Female,Teenager,Multan,2024-10-28,O7939,2024-12-27,KFC,Fries,Italian,5,1013.38,Cash,12,2025-03-02,69,Active,3,2024-11-21,Cancelled,5066.9
C6426,Female,Teenager,Islamabad,2025-02-05,O10426,2024-12-27,KFC,Pizza,Dessert,4,1366.76,Cash,3,2025-05-30,11,Active,1,2025-01-26,Delivered,5467.04
C6206,Other,Senior,Lahore,2024-03-06,O10206,2024-12-28,McDonald's,Fries,Italian,1,243.67,Card,6,2024-10-20,246,Inactive,1,2025-04-12,Delivered,243.67
C1230,Female,Senior,Karachi,2024-07-20,O5230,2024-12-28,McDonald's,Pasta,Fast Food,3,1039.66,Wallet,19,2025-08-15,56,Inactive,2,2025-05-21,Cancelled,3118.98
C6390,Male,Teenager,Lahore,2024-03-11,O10390,2024-12-28,Pizza Hut,Burger,Chinese,1,382.86,Wallet,34,2025-05-14,279,Inactive,1,2025-05-01,Delayed,382.86
C2264,Female,Teenager,Peshawar,2024-12-24,O6264,2024-12-28,KFC,Burger,Italian,4,1227.77,Cash,35,2025-03-07,138,Active,2,2024-10-10,Delayed,4911.08
C4808,Male,Adult,Peshawar,2023-12-23,O8808,2024-12-28,Subway,Pasta,Continental,5,209.82,Card,19,2025-04-12,347,Active,3,2025-06-18,Delayed,1049.1
C5397,Other,Teenager,Lahore,2023-08-26,O9397,2024-12-28,Subway,Pasta,Chinese,2,245.95,Wallet,4,2024-11-19,373,Inactive,4,2024-09-17,Delayed,491.9
C5639,Male,Adult,Islamabad,2024-12-18,O9639,2024-12-28,McDonald's,Fries,Italian,4,1372.54,Card,15,2025-03-01,337,Inactive,1,2024-11-11,Cancelled,5490.16
C1175,Female,Adult,Lahore,2023-09-14,O5175,2024-12-29,Subway,Burger,Chinese,1,239.45,Wallet,24,2024-12-02,420,Active,4,2024-11-10,Delayed,239.45
C6762,Other,Adult,Karachi,2024-12-18,O10762,2024-12-29,McDonald's,Pasta,Chinese,1,699.04,Wallet,34,2025-02-12,497,Inactive,5,2025-07-07,Cancelled,699.04
C4932,Male,Senior,Islamabad,2025-04-08,O8932,2024-12-29,McDonald's,Pasta,Chinese,1,634.2,Wallet,10,2025-05-02,482,Inactive,4,2024-09-26,Delayed,634.2
C3695,Male,Teenager,Karachi,2024-06-07,O7695,2024-12-29,Subway,Sandwich,Chinese,5,785.38,Card,38,2025-07-09,124,Inactive,2,2024-09-15,Delayed,3926.9
C5377,Other,Adult,Lahore,2024-08-15,O9377,2024-12-29,McDonald's,Burger,Continental,5,146.62,Wallet,48,2025-04-05,150,Inactive,3,2024-11-30,Cancelled,733.1
C1579,Other,Senior,Multan,2025-01-21,O5579,2024-12-29,Subway,Fries,Continental,2,1142.88,Card,20,2025-08-10,349,Inactive,5,2024-12-15,Delayed,2285.76
C4880,Female,Adult,Multan,2024-12-14,O8880,2024-12-29,Burger King,Fries,Fast Food,1,911.65,Card,40,2025-03-25,7,Active,1,2024-09-28,Cancelled,911.65
C2133,Female,Adult,Peshawar,2024-03-11,O6133,2024-12-29,Subway,Pizza,Dessert,1,252.51,Cash,15,2025-05-28,214,Inactive,3,2024-09-24,Delivered,252.51
C5507,Female,Adult,Peshawar,2024-03-03,O9507,2024-12-29,McDonald's,Burger,Continental,1,1238.37,Wallet,6,2025-07-10,40,Inactive,5,2025-06-28,Cancelled,1238.37
C5358,Male,Teenager,Peshawar,2024-02-17,O9358,2024-12-29,Subway,Pizza,Continental,4,1102.03,Wallet,10,2024-10-10,356,Inactive,3,2024-09-26,Delivered,4408.12
C5464,Other,Adult,Peshawar,2024-05-26,O9464,2024-12-29,McDonald's,Fries,Continental,3,325.32,Cash,22,2025-07-02,23,Active,2,2025-07-28,Delivered,975.96
C6129,Male,Senior,Islamabad,2023-09-09,O10129,2024-12-29,KFC,Pizza,Italian,3,318.08,Wallet,35,2025-08-04,447,Active,5,2024-11-18,Delayed,954.24
C3871,Female,Adult,Peshawar,2024-11-17,O7871,2024-12-29,KFC,Fries,Dessert,5,273.41,Cash,21,2025-04-21,222,Inactive,2,2025-02-08,Delayed,1367.05
C2497,Female,Senior,Peshawar,2023-10-05,O6497,2024-12-30,Pizza Hut,Sandwich,Fast Food,2,772.85,Wallet,28,2025-06-01,393,Active,3,2025-06-10,Cancelled,1545.7
C4558,Other,Adult,Islamabad,2023-09-08,O8558,2024-12-30,KFC,Pasta,Italian,2,1288.61,Cash,6,2024-11-26,290,Inactive,1,2024-12-08,Cancelled,2577.22
C3383,Male,Senior,Karachi,2024-08-10,O7383,2024-12-30,KFC,Sandwich,Fast Food,4,1393.04,Wallet,36,2025-03-02,6,Active,3,2024-10-04,Delayed,5572.16
C2564,Other,Teenager,Lahore,2024-11-09,O6564,2024-12-30,Subway,Sandwich,Chinese,1,941.57,Wallet,18,2025-07-06,439,Inactive,4,2024-11-01,Cancelled,941.57
C1791,Male,Senior,Lahore,2024-01-24,O5791,2024-12-30,Subway,Burger,Chinese,1,931.82,Cash,28,2025-04-08,207,Inactive,2,2024-10-15,Delivered,931.82
C1717,Female,Senior,Multan,2024-10-10,O5717,2024-12-30,Burger King,Burger,Italian,3,716.72,Wallet,14,2025-01-11,271,Inactive,1,2024-09-07,Cancelled,2150.16
C5752,Male,Senior,Peshawar,2024-06-25,O9752,2024-12-30,Pizza Hut,Sandwich,Chinese,4,884.34,Cash,48,2024-12-15,149,Inactive,1,2025-04-12,Delivered,3537.36
C5183,Female,Adult,Karachi,2024-05-01,O9183,2024-12-30,KFC,Sandwich,Continental,2,195.73,Card,30,2025-07-30,465,Inactive,2,2025-01-07,Delivered,391.46
C4585,Other,Adult,Karachi,2023-12-27,O8585,2024-12-31,Subway,Fries,Italian,4,970.04,Wallet,19,2025-01-23,404,Active,5,2024-12-15,Cancelled,3880.16
C1463,Female,Senior,Karachi,2024-05-11,O5463,2024-12-31,McDonald's,Sandwich,Italian,1,1238.3,Wallet,22,2024-10-29,97,Active,3,2024-09-26,Delivered,1238.3
C5542,Female,Teenager,Islamabad,2024-05-08,O9542,2024-12-31,KFC,Sandwich,Fast Food,5,1116.82,Cash,43,2024-10-23,332,Active,3,2024-11-26,Delayed,5584.1
C1880,Male,Senior,Multan,2023-10-08,O5880,2024-12-31,McDonald's,Pasta,Dessert,4,812.5,Cash,44,2024-10-13,89,Inactive,1,2025-06-08,Cancelled,3250.0
C1535,Other,Senior,Lahore,2024-09-01,O5535,2024-12-31,KFC,Fries,Chinese,5,510.96,Cash,3,2024-10-01,308,Inactive,2,2025-04-28,Delayed,2554.8
C3414,Female,Teenager,Peshawar,2024-06-01,O7414,2024-12-31,McDonald's,Sandwich,Italian,4,347.34,Wallet,9,2025-03-28,52,Active,5,2025-06-16,Delayed,1389.36
C6472,Male,Adult,Multan,2025-01-02,O10472,2024-12-31,Subway,Fries,Fast Food,2,1274.51,Wallet,14,2025-04-27,428,Inactive,5,2024-12-10,Cancelled,2549.02
C5375,Other,Senior,Peshawar,2025-05-01,O9375,2024-12-31,KFC,Burger,Italian,1,1379.87,Card,29,2025-05-20,55,Active,3,2025-04-20,Delayed,1379.87
C5721,Other,Teenager,Multan,2024-03-07,O9721,2025-01-01,Pizza Hut,Burger,Fast Food,3,519.41,Card,43,2025-01-08,316,Inactive,3,2024-08-22,Delivered,1558.23
C4602,Female,Senior,Peshawar,2025-04-28,O8602,2025-01-01,Burger King,Pasta,Dessert,3,1354.17,Wallet,22,2025-05-13,196,Active,4,2025-03-13,Cancelled,4062.51
C1828,Female,Senior,Islamabad,2024-12-06,O5828,2025-01-01,Subway,Pasta,Dessert,4,590.16,Wallet,38,2025-06-07,307,Inactive,1,2024-12-14,Delayed,2360.64
C5078,Female,Teenager,Karachi,2024-04-21,O9078,2025-01-01,Burger King,Pasta,Fast Food,2,197.86,Wallet,25,2025-08-09,443,Active,5,2024-10-10,Cancelled,395.72
C3349,Male,Senior,Lahore,2024-01-24,O7349,2025-01-01,McDonald's,Pasta,Italian,4,457.09,Cash,50,2024-11-03,435,Inactive,3,2024-10-30,Delayed,1828.36
C2346,Female,Teenager,Peshawar,2024-10-18,O6346,2025-01-01,Subway,Pasta,Fast Food,3,324.25,Card,43,2025-06-18,477,Inactive,3,2024-08-23,Delayed,972.75
C4099,Female,Senior,Lahore,2025-02-14,O8099,2025-01-01,KFC,Sandwich,Fast Food,3,349.39,Cash,9,2025-07-07,115,Inactive,4,2025-06-15,Delayed,1048.17
C2983,Other,Senior,Karachi,2024-08-05,O6983,2025-01-01,Burger King,Burger,Continental,2,492.36,Wallet,48,2025-04-18,225,Inactive,3,2025-02-13,Cancelled,984.72
C3881,Other,Teenager,Multan,2023-11-29,O7881,2025-01-02,Subway,Pasta,Continental,2,1190.98,Wallet,29,2025-05-02,495,Inactive,5,2025-08-14,Delivered,2381.96
C5152,Other,Senior,Lahore,2024-11-18,O9152,2025-01-02,Pizza Hut,Fries,Dessert,5,306.43,Wallet,12,2025-02-17,173,Inactive,5,2025-01-23,Cancelled,1532.15
C3000,Female,Teenager,Lahore,2025-06-16,O7000,2025-01-02,Subway,Sandwich,Italian,5,647.62,Wallet,32,2025-07-08,381,Active,3,2025-08-18,Delivered,3238.1
C3960,Other,Adult,Lahore,2024-01-25,O7960,2025-01-02,Subway,Fries,Chinese,1,1499.03,Wallet,4,2025-04-28,153,Inactive,4,2024-11-29,Delivered,1499.03
C4798,Other,Teenager,Peshawar,2025-05-16,O8798,2025-01-02,Burger King,Burger,Continental,4,318.87,Wallet,22,2025-06-23,48,Inactive,5,2024-11-12,Delayed,1275.48
C6474,Male,Senior,Peshawar,2024-11-28,O10474,2025-01-02,Pizza Hut,Pasta,Fast Food,2,996.49,Wallet,29,2025-08-05,75,Active,3,2025-03-09,Delivered,1992.98
C4320,Other,Teenager,Islamabad,2024-12-24,O8320,2025-01-02,KFC,Pasta,Fast Food,4,1151.45,Card,46,2025-07-03,283,Active,1,2025-02-22,Delivered,4605.8
C3168,Other,Senior,Karachi,2023-11-19,O7168,2025-01-03,Burger King,Sandwich,Fast Food,1,523.02,Wallet,50,2024-11-15,279,Inactive,5,2025-03-23,Cancelled,523.02
C3370,Male,Teenager,Multan,2024-11-04,O7370,2025-01-03,Pizza Hut,Pizza,Continental,3,269.43,Wallet,6,2025-05-15,32,Inactive,4,2025-07-18,Cancelled,808.29
C3915,Other,Teenager,Karachi,2024-06-10,O7915,2025-01-03,KFC,Pizza,Chinese,2,980.87,Card,25,2025-02-26,357,Inactive,4,2025-03-11,Delivered,1961.74
C2914,Female,Teenager,Lahore,2024-01-21,O6914,2025-01-03,Burger King,Pasta,Fast Food,3,442.38,Wallet,25,2025-05-25,57,Active,3,2025-03-21,Cancelled,1327.14
C6832,Male,Teenager,Islamabad,2024-10-14,O10832,2025-01-03,KFC,Sandwich,Dessert,1,1196.3,Card,7,2025-06-19,0,Active,4,2024-10-18,Cancelled,1196.3
C5327,Female,Senior,Islamabad,2024-12-23,O9327,2025-01-03,McDonald's,Pasta,Dessert,1,1032.9,Card,38,2025-03-26,441,Active,5,2025-04-15,Delivered,1032.9
C4455,Male,Adult,Islamabad,2025-05-25,O8455,2025-01-03,Burger King,Sandwich,Dessert,2,276.1,Cash,5,2025-08-10,436,Active,2,2024-12-24,Cancelled,552.2
C6185,Other,Teenager,Karachi,2024-09-13,O10185,2025-01-03,Burger King,Pizza,Fast Food,3,461.2,Card,27,2025-02-22,488,Active,3,2024-09-18,Delivered,1383.6
C6366,Female,Teenager,Lahore,2024-12-07,O10366,2025-01-03,KFC,Fries,Italian,3,266.28,Cash,45,2025-05-11,411,Active,2,2025-02-06,Delayed,798.84
C2616,Male,Senior,Lahore,2025-03-02,O6616,2025-01-04,KFC,Fries,Fast Food,4,1021.19,Wallet,37,2025-07-22,219,Active,4,2025-06-17,Delayed,4084.76
C2871,Female,Teenager,Multan,2023-08-28,O6871,2025-01-04,Subway,Fries,Chinese,3,1015.79,Wallet,10,2024-10-22,115,Inactive,1,2025-01-11,Delivered,3047.37
C1083,Female,Teenager,Peshawar,2024-11-05,O5083,2025-01-04,McDonald's,Fries,Dessert,3,1111.1,Cash,41,2025-02-26,309,Inactive,3,2025-06-08,Cancelled,3333.3
C2516,Other,Adult,Peshawar,2024-10-21,O6516,2025-01-04,McDonald's,Sandwich,Fast Food,1,167.31,Cash,19,2025-04-10,388,Active,2,2025-02-23,Cancelled,167.31
C4658,Male,Senior,Lahore,2024-11-27,O8658,2025-01-04,Pizza Hut,Sandwich,Chinese,2,1409.82,Wallet,50,2025-06-09,429,Inactive,2,2024-12-19,Delayed,2819.64
C5329,Female,Senior,Peshawar,2024-04-25,O9329,2025-01-04,McDonald's,Burger,Chinese,4,1402.81,Cash,3,2024-09-11,28,Inactive,3,2025-01-25,Cancelled,5611.24
C6649,Other,Senior,Karachi,2023-12-22,O10649,2025-01-04,McDonald's,Sandwich,Dessert,4,926.25,Cash,25,2025-01-28,168,Inactive,3,2024-12-21,Cancelled,3705.0
C4688,Male,Teenager,Islamabad,2024-11-02,O8688,2025-01-04,KFC,Sandwich,Dessert,3,475.74,Cash,47,2024-12-02,474,Active,5,2025-04-25,Cancelled,1427.22
C1426,Male,Senior,Lahore,2025-02-16,O5426,2025-01-05,KFC,Sandwich,Chinese,3,1153.57,Card,29,2025-02-20,212,Active,5,2025-02-25,Delivered,3460.71
C3887,Other,Senior,Peshawar,2024-10-29,O7887,2025-01-05,Pizza Hut,Burger,Continental,3,729.33,Wallet,38,2025-01-20,46,Active,3,2025-04-26,Delayed,2187.99
C1531,Male,Adult,Lahore,2025-05-13,O5531,2025-01-05,KFC,Pizza,Fast Food,5,1372.79,Card,13,2025-05-13,88,Inactive,2,2025-01-23,Delivered,6863.95
C3974,Male,Teenager,Multan,2024-02-20,O7974,2025-01-05,Pizza Hut,Pizza,Dessert,5,1125.62,Wallet,49,2025-07-12,42,Active,3,2025-03-14,Delivered,5628.1
C1942,Other,Teenager,Peshawar,2024-03-04,O5942,2025-01-05,Pizza Hut,Sandwich,Fast Food,3,1257.79,Card,21,2025-05-09,140,Active,2,2024-11-19,Delivered,3773.37
C5589,Female,Senior,Peshawar,2024-10-23,O9589,2025-01-05,KFC,Burger,Fast Food,1,505.4,Card,40,2025-01-21,40,Active,2,2024-12-09,Delivered,505.4
C4192,Other,Teenager,Islamabad,2024-09-18,O8192,2025-01-06,Pizza Hut,Pizza,Continental,1,647.24,Wallet,18,2025-07-19,329,Active,5,2025-07-20,Delivered,647.24
C5449,Female,Adult,Lahore,2023-11-04,O9449,2025-01-06,Subway,Fries,Fast Food,3,120.77,Wallet,41,2025-06-12,330,Inactive,3,2024-08-21,Cancelled,362.31
C1716,Other,Teenager,Islamabad,2023-09-26,O5716,2025-01-06,McDonald's,Sandwich,Italian,1,235.98,Cash,29,2025-03-04,339,Active,2,2024-12-29,Delivered,235.98
C2158,Female,Adult,Karachi,2024-09-07,O6158,2025-01-06,KFC,Pasta,Continental,4,534.9,Card,28,2025-02-10,175,Active,3,2024-11-18,Delivered,2139.6
C6814,Male,Senior,Islamabad,2024-02-17,O10814,2025-01-06,Pizza Hut,Pizza,Continental,5,976.69,Card,18,2024-11-29,200,Inactive,1,2025-03-26,Delayed,4883.45
C5142,Other,Teenager,Peshawar,2024-09-15,O9142,2025-01-06,KFC,Pasta,Italian,1,981.11,Wallet,14,2024-12-11,117,Inactive,2,2025-07-23,Cancelled,981.11
C3521,Female,Senior,Karachi,2024-10-03,O7521,2025-01-06,Pizza Hut,Fries,Chinese,4,284.99,Wallet,50,2025-04-25,128,Inactive,4,2025-01-27,Delivered,1139.96
C1495,Male,Teenager,Multan,2025-01-16,O5495,2025-01-07,Subway,Fries,Dessert,5,1147.53,Cash,17,2025-04-27,256,Inactive,4,2025-01-16,Delivered,5737.65
C6525,Male,Senior,Karachi,2025-05-04,O10525,2025-01-07,Subway,Burger,Continental,1,1241.65,Card,37,2025-06-25,147,Inactive,3,2025-02-28,Delayed,1241.65
C2074,Female,Teenager,Islamabad,2024-08-25,O6074,2025-01-07,Subway,Fries,Chinese,4,592.11,Cash,37,2024-09-05,191,Active,1,2024-12-28,Cancelled,2368.44
C6274,Female,Teenager,Karachi,2025-02-10,O10274,2025-01-07,McDonald's,Burger,Chinese,2,407.63,Wallet,24,2025-02-16,319,Inactive,1,2025-01-05,Delivered,815.26
C2660,Male,Adult,Lahore,2024-10-26,O6660,2025-01-07,KFC,Fries,Chinese,1,304.91,Wallet,47,2024-11-04,168,Inactive,1,2025-06-30,Cancelled,304.91
C1021,Female,Teenager,Islamabad,2024-10-16,O5021,2025-01-07,McDonald's,Pasta,Chinese,1,1273.28,Cash,14,2025-05-22,206,Inactive,1,2025-07-23,Cancelled,1273.28
C3614,Female,Adult,Peshawar,2024-12-16,O7614,2025-01-07,McDonald's,Pasta,Chinese,2,270.49,Wallet,43,2025-03-24,11,Active,5,2024-09-27,Delivered,540.98
C3143,Other,Senior,Islamabad,2025-02-01,O7143,2025-01-07,Burger King,Pizza,Dessert,2,1000.42,Wallet,48,2025-05-27,433,Active,1,2025-01-11,Delivered,2000.84
C4194,Other,Teenager,Lahore,2024-02-15,O8194,2025-01-07,KFC,Sandwich,Dessert,1,1268.36,Card,8,2024-09-13,316,Inactive,5,2025-08-07,Delayed,1268.36
C6398,Other,Senior,Lahore,2024-10-08,O10398,2025-01-08,McDonald's,Fries,Continental,3,1291.92,Cash,1,2025-06-18,497,Inactive,4,2025-05-29,Cancelled,3875.76
C2759,Other,Teenager,Lahore,2024-03-02,O6759,2025-01-08,Subway,Pasta,Dessert,2,1051.77,Cash,45,2024-08-27,26,Active,1,2024-09-01,Cancelled,2103.54
C6931,Male,Senior,Karachi,2024-09-24,O10931,2025-01-08,Pizza Hut,Burger,Continental,2,684.13,Card,6,2025-08-17,364,Inactive,4,2025-02-18,Delayed,1368.26
C3186,Male,Teenager,Multan,2025-08-04,O7186,2025-01-08,Burger King,Pizza,Continental,5,1386.51,Card,19,2025-08-18,352,Active,1,2025-06-04,Cancelled,6932.55
C1047,Female,Teenager,Lahore,2024-10-19,O5047,2025-01-08,Burger King,Pasta,Chinese,2,1376.6,Card,11,2025-02-14,32,Active,1,2024-09-11,Delayed,2753.2
C5990,Female,Senior,Multan,2024-06-12,O9990,2025-01-08,Subway,Pizza,Chinese,3,150.84,Cash,49,2025-08-21,191,Active,2,2025-03-14,Cancelled,452.52
C5110,Other,Adult,Lahore,2024-02-27,O9110,2025-01-08,Pizza Hut,Fries,Dessert,4,1016.92,Cash,10,2025-03-06,344,Inactive,3,2025-05-18,Delivered,4067.68
C4107,Male,Senior,Islamabad,2024-05-13,O8107,2025-01-09,Burger King,Fries,Continental,1,275.07,Wallet,26,2025-06-20,220,Active,4,2024-09-05,Delivered,275.07
C1742,Male,Senior,Peshawar,2024-05-02,O5742,2025-01-09,Subway,Pizza,Continental,4,1092.61,Cash,12,2025-02-22,367,Active,1,2024-11-12,Cancelled,4370.44
C4606,Other,Senior,Peshawar,2024-11-10,O8606,2025-01-09,Burger King,Sandwich,Dessert,3,346.3,Card,48,2024-11-19,410,Active,3,2025-04-02,Cancelled,1038.9
C6358,Other,Adult,Peshawar,2025-05-21,O10358,2025-01-09,McDonald's,Fries,Dessert,4,471.64,Wallet,14,2025-08-03,53,Active,1,2025-04-30,Delivered,1886.56
C4461,Other,Adult,Multan,2024-07-09,O8461,2025-01-09,Subway,Fries,Chinese,4,810.23,Wallet,40,2025-08-01,242,Inactive,1,2025-06-12,Cancelled,3240.92
C4368,Male,Adult,Multan,2025-02-18,O8368,2025-01-09,KFC,Pizza,Continental,4,1188.89,Card,47,2025-05-08,131,Inactive,2,2025-06-19,Delivered,4755.56
C4008,Other,Senior,Peshawar,2024-02-08,O8008,2025-01-09,Burger King,Pasta,Continental,4,315.35,Cash,49,2025-01-18,323,Active,4,2025-04-06,Cancelled,1261.4
C3899,Female,Teenager,Peshawar,2024-06-08,O7899,2025-01-09,Pizza Hut,Pizza,Chinese,4,1469.39,Card,39,2024-12-01,297,Active,5,2024-11-16,Delayed,5877.56
C2578,Other,Adult,Islamabad,2024-12-26,O6578,2025-01-09,McDonald's,Burger,Dessert,2,1187.25,Cash,3,2025-03-10,299,Active,4,2024-12-09,Delayed,2374.5
C5287,Other,Senior,Peshawar,2024-03-02,O9287,2025-01-10,McDonald's,Pizza,Chinese,3,1104.73,Cash,43,2024-09-20,337,Inactive,1,2025-02-09,Delayed,3314.19
C1190,Other,Adult,Multan,2025-04-08,O5190,2025-01-10,KFC,Pasta,Italian,1,466.78,Card,30,2025-06-25,155,Inactive,2,2024-08-28,Delivered,466.78
C3364,Female,Adult,Lahore,2023-11-18,O7364,2025-01-10,KFC,Sandwich,Italian,3,708.98,Cash,13,2025-01-11,435,Inactive,4,2024-11-08,Delivered,2126.94
C2420,Male,Teenager,Karachi,2024-10-23,O6420,2025-01-10,KFC,Fries,Chinese,3,1000.96,Wallet,27,2025-04-10,308,Inactive,4,2024-10-29,Delivered,3002.88
C6148,Other,Teenager,Islamabad,2024-06-12,O10148,2025-01-10,Burger King,Pizza,Continental,3,716.12,Cash,16,2024-09-27,433,Inactive,2,2025-01-12,Cancelled,2148.36
C2207,Female,Adult,Multan,2023-11-13,O6207,2025-01-10,KFC,Pasta,Continental,5,220.16,Wallet,24,2025-05-19,242,Inactive,1,2025-01-01,Delayed,1100.8
C6193,Other,Senior,Multan,2023-10-02,O10193,2025-01-10,Burger King,Burger,Dessert,1,904.13,Card,18,2024-12-09,241,Active,4,2024-09-11,Delivered,904.13
C6079,Female,Teenager,Karachi,2024-11-07,O10079,2025-01-10,Pizza Hut,Sandwich,Dessert,3,1127.38,Cash,9,2025-05-06,457,Inactive,5,2025-06-26,Delayed,3382.14
C2196,Male,Teenager,Karachi,2024-09-17,O6196,2025-01-11,Pizza Hut,Burger,Chinese,5,1151.34,Card,22,2025-07-15,353,Inactive,3,2024-10-29,Delivered,5756.7
C1603,Female,Senior,Multan,2024-04-15,O5603,2025-01-11,Pizza Hut,Sandwich,Continental,5,1291.12,Cash,23,2024-10-17,427,Inactive,2,2024-09-01,Delivered,6455.6
C5128,Female,Senior,Multan,2025-06-23,O9128,2025-01-11,KFC,Pizza,Italian,1,537.14,Card,36,2025-08-21,407,Inactive,4,2024-12-07,Delivered,537.14
C2360,Female,Adult,Islamabad,2023-10-30,O6360,2025-01-11,Burger King,Fries,Chinese,5,1453.59,Cash,45,2025-01-28,42,Inactive,2,2024-12-20,Delayed,7267.95
C6834,Male,Teenager,Karachi,2024-09-30,O10834,2025-01-11,Pizza Hut,Pizza,Continental,5,1292.75,Wallet,39,2025-03-13,148,Active,2,2025-05-15,Delayed,6463.75
C1415,Male,Senior,Peshawar,2024-12-19,O5415,2025-01-11,KFC,Burger,Italian,4,683.08,Cash,30,2025-04-06,371,Inactive,5,2024-09-04,Cancelled,2732.32
C2055,Female,Senior,Islamabad,2025-01-24,O6055,2025-01-11,Pizza Hut,Burger,Italian,2,569.77,Wallet,15,2025-07-23,24,Inactive,3,2024-11-02,Cancelled,1139.54
C4039,Other,Teenager,Islamabad,2024-11-02,O8039,2025-01-12,KFC,Fries,Chinese,5,1370.13,Card,50,2025-01-31,380,Active,1,2025-05-10,Delayed,6850.65
C1115,Other,Adult,Multan,2024-10-05,O5115,2025-01-12,Pizza Hut,Pasta,Fast Food,5,206.83,Cash,26,2025-03-15,15,Active,2,2024-09-20,Delivered,1034.15
C4086,Female,Senior,Lahore,2024-05-04,O8086,2025-01-12,KFC,Sandwich,Fast Food,5,1123.4,Wallet,41,2025-04-27,217,Inactive,5,2025-01-17,Delivered,5617.0
C6498,Male,Senior,Multan,2024-12-14,O10498,2025-01-12,KFC,Burger,Chinese,5,1487.35,Cash,12,2025-05-02,430,Active,4,2025-04-04,Delayed,7436.75
C5692,Female,Senior,Multan,2024-05-13,O9692,2025-01-12,Pizza Hut,Fries,Dessert,4,221.47,Wallet,45,2025-02-25,241,Active,1,2024-11-18,Delayed,885.88
C3470,Female,Senior,Multan,2023-11-30,O7470,2025-01-12,McDonald's,Fries,Chinese,2,1467.5,Cash,48,2024-10-16,122,Active,1,2025-07-18,Delivered,2935.0
C5508,Other,Teenager,Karachi,2024-12-26,O9508,2025-01-12,McDonald's,Fries,Chinese,3,428.37,Cash,3,2025-07-18,169,Inactive,4,2024-12-06,Delayed,1285.11
C3981,Male,Adult,Karachi,2023-09-18,O7981,2025-01-12,Pizza Hut,Burger,Fast Food,3,1060.86,Cash,11,2025-04-29,498,Active,3,2024-12-18,Cancelled,3182.58
C6314,Female,Teenager,Karachi,2024-11-18,O10314,2025-01-12,Pizza Hut,Burger,Continental,1,438.59,Cash,25,2024-12-29,124,Active,2,2025-02-11,Cancelled,438.59
C4425,Other,Senior,Islamabad,2025-01-08,O8425,2025-01-12,KFC,Pizza,Continental,4,1241.18,Card,30,2025-02-22,387,Inactive,2,2024-09-06,Delayed,4964.72
C1194,Other,Adult,Islamabad,2023-11-24,O5194,2025-01-12,Burger King,Sandwich,Italian,2,630.74,Wallet,8,2025-03-02,473,Active,4,2025-06-26,Delivered,1261.48
C5684,Other,Adult,Islamabad,2025-04-22,O9684,2025-01-12,McDonald's,Pasta,Chinese,5,337.03,Cash,22,2025-05-25,432,Inactive,2,2024-08-21,Delivered,1685.15
C4970,Other,Senior,Karachi,2024-03-30,O8970,2025-01-12,Subway,Pasta,Dessert,4,892.46,Card,41,2025-03-20,453,Active,5,2025-06-30,Cancelled,3569.84
C4237,Male,Adult,Peshawar,2024-02-19,O8237,2025-01-12,McDonald's,Fries,Fast Food,4,465.91,Wallet,23,2025-01-16,355,Inactive,5,2024-08-29,Delayed,1863.64
C4878,Male,Teenager,Lahore,2024-09-14,O8878,2025-01-13,Pizza Hut,Sandwich,Chinese,5,671.42,Card,50,2025-03-19,471,Active,3,2025-07-28,Delayed,3357.1
C3650,Other,Senior,Multan,2023-09-30,O7650,2025-01-13,KFC,Fries,Fast Food,3,458.02,Card,5,2025-03-04,328,Active,5,2025-02-27,Delivered,1374.06
C6831,Female,Senior,Peshawar,2024-04-03,O10831,2025-01-13,Pizza Hut,Burger,Italian,2,378.77,Cash,45,2025-06-02,239,Active,2,2025-04-02,Delivered,757.54
C5956,Female,Adult,Multan,2024-05-14,O9956,2025-01-13,Burger King,Pasta,Dessert,5,568.56,Wallet,8,2025-06-05,446,Inactive,5,2025-01-24,Cancelled,2842.8
C2816,Female,Adult,Islamabad,2024-11-13,O6816,2025-01-13,McDonald's,Pizza,Continental,4,1495.7,Card,45,2025-07-28,306,Inactive,2,2025-01-27,Delayed,5982.8
C2109,Female,Adult,Karachi,2024-04-18,O6109,2025-01-13,Subway,Pasta,Chinese,4,687.16,Wallet,13,2024-10-26,61,Active,5,2025-04-04,Delayed,2748.64
C5056,Other,Senior,Islamabad,2024-07-21,O9056,2025-01-13,Subway,Pizza,Chinese,5,166.28,Card,7,2025-02-24,142,Active,5,2024-12-25,Delayed,831.4
C4977,Female,Senior,Lahore,2024-12-25,O8977,2025-01-13,KFC,Pizza,Chinese,2,457.43,Cash,28,2025-07-27,136,Active,3,2025-08-13,Delayed,914.86
C4313,Male,Senior,Lahore,2024-04-26,O8313,2025-01-14,Pizza Hut,Pizza,Chinese,5,1182.47,Wallet,31,2024-12-15,100,Inactive,2,2025-06-30,Delivered,5912.35
C1067,Female,Adult,Islamabad,2023-09-11,O5067,2025-01-14,KFC,Pasta,Fast Food,3,135.52,Cash,12,2024-11-28,115,Inactive,3,2024-09-12,Delivered,406.56
C5810,Other,Adult,Peshawar,2024-11-23,O9810,2025-01-14,KFC,Sandwich,Italian,2,630.8,Wallet,19,2025-01-30,464,Inactive,3,2025-05-04,Delayed,1261.6
C1464,Other,Teenager,Islamabad,2024-11-29,O5464,2025-01-14,KFC,Pasta,Fast Food,2,1040.25,Wallet,28,2025-05-16,410,Active,2,2025-04-11,Cancelled,2080.5
C4183,Other,Senior,Peshawar,2024-08-15,O8183,2025-01-14,Burger King,Sandwich,Dessert,3,314.0,Cash,24,2025-06-23,224,Inactive,3,2024-08-29,Cancelled,942.0
C2776,Other,Senior,Multan,2023-11-14,O6776,2025-01-14,Subway,Burger,Chinese,4,1162.36,Wallet,32,2025-01-04,77,Inactive,2,2024-09-13,Cancelled,4649.44
C1920,Other,Adult,Lahore,2023-10-23,O5920,2025-01-14,Burger King,Pasta,Italian,2,841.58,Card,37,2025-08-18,385,Active,4,2025-06-19,Cancelled,1683.16
C5459,Female,Adult,Islamabad,2024-09-08,O9459,2025-01-15,Subway,Burger,Chinese,4,1225.25,Wallet,35,2025-03-13,361,Inactive,2,2025-05-08,Delayed,4901.0
C5575,Female,Senior,Multan,2024-08-12,O9575,2025-01-15,Subway,Sandwich,Fast Food,4,423.31,Card,28,2025-05-15,103,Inactive,1,2025-03-26,Cancelled,1693.24
C1781,Male,Adult,Karachi,2024-12-13,O5781,2025-01-15,Burger King,Pasta,Italian,4,1046.16,Cash,16,2025-07-31,208,Active,4,2024-12-01,Cancelled,4184.64
C2538,Female,Teenager,Islamabad,2024-02-01,O6538,2025-01-15,Subway,Sandwich,Italian,3,975.93,Wallet,28,2025-04-18,341,Inactive,1,2025-03-04,Cancelled,2927.79
C1375,Other,Senior,Multan,2024-07-25,O5375,2025-01-15,KFC,Pasta,Chinese,1,1296.11,Wallet,4,2024-10-25,326,Active,2,2024-09-03,Delivered,1296.11
C6086,Male,Senior,Lahore,2023-10-11,O10086,2025-01-15,Burger King,Sandwich,Fast Food,1,637.18,Cash,36,2025-08-18,278,Active,4,2024-11-11,Delayed,637.18
C5850,Other,Teenager,Multan,2025-04-07,O9850,2025-01-15,Pizza Hut,Pasta,Fast Food,4,725.56,Wallet,25,2025-05-20,24,Active,3,2025-04-15,Cancelled,2902.24
C3473,Female,Teenager,Peshawar,2024-03-03,O7473,2025-01-15,McDonald's,Burger,Fast Food,1,884.15,Card,24,2025-04-04,219,Inactive,1,2024-09-20,Delivered,884.15
C1451,Other,Senior,Islamabad,2024-09-09,O5451,2025-01-15,KFC,Pizza,Chinese,3,439.69,Cash,6,2024-10-25,82,Inactive,4,2024-09-17,Delivered,1319.07
C3150,Other,Adult,Islamabad,2024-08-27,O7150,2025-01-15,Subway,Sandwich,Continental,3,732.13,Card,33,2025-02-28,16,Inactive,5,2025-08-15,Cancelled,2196.39
C6460,Other,Adult,Islamabad,2025-06-16,O10460,2025-01-16,Burger King,Sandwich,Italian,5,157.03,Card,37,2025-08-18,1,Inactive,2,2025-07-02,Cancelled,785.15
C3514,Female,Teenager,Peshawar,2024-08-09,O7514,2025-01-16,Subway,Pasta,Fast Food,1,904.01,Wallet,8,2024-08-31,144,Inactive,5,2024-12-13,Delayed,904.01
C2793,Female,Teenager,Multan,2024-12-30,O6793,2025-01-16,McDonald's,Pasta,Dessert,4,1466.56,Card,25,2025-06-04,36,Inactive,3,2025-06-19,Delayed,5866.24
C3371,Female,Teenager,Peshawar,2023-10-20,O7371,2025-01-16,Subway,Pizza,Fast Food,5,1234.0,Cash,50,2025-08-13,192,Inactive,1,2025-06-19,Delayed,6170.0
C2467,Other,Senior,Multan,2023-10-02,O6467,2025-01-16,McDonald's,Sandwich,Italian,1,540.77,Wallet,10,2025-06-13,166,Active,5,2024-10-25,Cancelled,540.77
C4888,Female,Senior,Multan,2023-10-29,O8888,2025-01-16,KFC,Pizza,Fast Food,1,1223.13,Card,35,2025-08-17,358,Inactive,2,2025-07-16,Cancelled,1223.13
C4961,Other,Senior,Lahore,2023-09-29,O8961,2025-01-16,KFC,Burger,Italian,3,1461.03,Cash,24,2025-04-01,41,Active,4,2025-02-22,Cancelled,4383.09
C4200,Male,Teenager,Lahore,2024-01-08,O8200,2025-01-16,Pizza Hut,Pasta,Fast Food,2,293.77,Wallet,50,2025-05-13,240,Inactive,4,2025-01-19,Cancelled,587.54
C2948,Male,Adult,Karachi,2024-07-03,O6948,2025-01-17,Pizza Hut,Pizza,Continental,1,488.52,Card,18,2025-05-21,61,Inactive,2,2025-07-28,Delivered,488.52
C6805,Other,Teenager,Islamabad,2024-12-04,O10805,2025-01-17,McDonald's,Fries,Italian,4,1452.56,Cash,23,2025-04-21,312,Inactive,5,2024-10-13,Delayed,5810.24
C3189,Other,Senior,Peshawar,2025-02-19,O7189,2025-01-17,Pizza Hut,Pasta,Italian,4,420.5,Wallet,30,2025-07-10,435,Inactive,5,2024-12-10,Delivered,1682.0
C3742,Other,Adult,Islamabad,2024-08-29,O7742,2025-01-17,Subway,Sandwich,Italian,2,261.05,Wallet,4,2025-06-30,435,Inactive,2,2025-01-31,Cancelled,522.1
C5412,Female,Senior,Karachi,2024-09-17,O9412,2025-01-17,Pizza Hut,Sandwich,Fast Food,5,237.58,Wallet,20,2025-06-21,118,Inactive,4,2024-09-21,Cancelled,1187.9
C6781,Other,Teenager,Islamabad,2023-09-23,O10781,2025-01-17,McDonald's,Burger,Fast Food,4,852.64,Card,9,2025-01-07,7,Inactive,4,2025-06-21,Cancelled,3410.56
C4383,Female,Teenager,Lahore,2024-04-16,O8383,2025-01-18,McDonald's,Pizza,Italian,1,402.95,Wallet,37,2025-04-25,158,Inactive,2,2025-02-19,Delivered,402.95
C6313,Female,Teenager,Peshawar,2024-11-26,O10313,2025-01-18,Burger King,Sandwich,Dessert,3,1062.5,Wallet,10,2024-12-27,262,Active,4,2025-06-01,Delivered,3187.5
C6434,Female,Adult,Lahore,2024-11-03,O10434,2025-01-18,McDonald's,Burger,Fast Food,2,349.08,Cash,21,2025-05-04,86,Active,2,2024-12-05,Cancelled,698.16
C5406,Female,Teenager,Peshawar,2024-12-15,O9406,2025-01-18,Subway,Pasta,Continental,5,579.56,Wallet,17,2025-05-14,63,Active,4,2024-10-16,Delayed,2897.8
C3693,Female,Adult,Karachi,2023-09-09,O7693,2025-01-18,Subway,Pizza,Italian,5,110.81,Wallet,15,2025-06-02,101,Inactive,1,2024-11-13,Delayed,554.05
C2990,Female,Teenager,Karachi,2024-04-13,O6990,2025-01-18,Subway,Fries,Chinese,4,491.18,Wallet,2,2025-05-22,115,Inactive,3,2025-04-03,Delivered,1964.72
C2959,Other,Senior,Karachi,2025-02-16,O6959,2025-01-18,KFC,Burger,Fast Food,4,1321.17,Wallet,32,2025-06-06,171,Active,1,2025-03-19,Delayed,5284.68
C5509,Female,Teenager,Karachi,2024-07-11,O9509,2025-01-18,KFC,Sandwich,Continental,1,969.93,Wallet,47,2025-07-09,218,Inactive,3,2025-05-28,Cancelled,969.93
C1332,Female,Senior,Peshawar,2024-09-17,O5332,2025-01-18,Pizza Hut,Burger,Continental,4,1105.9,Wallet,19,2024-11-29,65,Active,4,2024-09-24,Delivered,4423.6
C3248,Other,Teenager,Peshawar,2024-09-25,O7248,2025-01-18,KFC,Pizza,Dessert,3,1179.21,Card,27,2024-11-10,246,Active,2,2025-05-09,Delivered,3537.63
C2287,Female,Teenager,Lahore,2025-04-08,O6287,2025-01-18,Pizza Hut,Burger,Fast Food,2,911.2,Card,12,2025-06-14,139,Inactive,4,2024-10-06,Cancelled,1822.4
C6737,Male,Teenager,Multan,2024-08-22,O10737,2025-01-19,Pizza Hut,Pizza,Chinese,3,1021.83,Card,13,2024-10-04,452,Inactive,4,2025-04-16,Delayed,3065.49
C1996,Male,Adult,Peshawar,2024-07-30,O5996,2025-01-19,Subway,Burger,Continental,4,216.81,Card,8,2025-07-07,390,Inactive,4,2024-12-28,Cancelled,867.24
C2362,Other,Adult,Lahore,2024-01-02,O6362,2025-01-19,Pizza Hut,Burger,Chinese,1,1494.59,Card,47,2025-05-20,108,Inactive,5,2024-12-20,Cancelled,1494.59
C4677,Female,Teenager,Peshawar,2024-05-22,O8677,2025-01-19,Subway,Fries,Fast Food,3,727.21,Cash,33,2025-05-02,28,Active,1,2025-02-27,Delayed,2181.63
C4772,Male,Senior,Peshawar,2024-10-12,O8772,2025-01-19,KFC,Sandwich,Fast Food,4,1096.59,Wallet,41,2025-06-11,160,Active,2,2025-03-27,Cancelled,4386.36
C2998,Male,Senior,Peshawar,2024-02-21,O6998,2025-01-19,Subway,Pasta,Italian,3,489.55,Wallet,38,2025-08-06,389,Active,3,2024-10-28,Cancelled,1468.65
C5582,Female,Teenager,Islamabad,2023-10-17,O9582,2025-01-20,Burger King,Pasta,Italian,4,1190.93,Card,19,2024-12-09,59,Active,2,2024-12-12,Delivered,4763.72
C2958,Male,Teenager,Lahore,2025-02-10,O6958,2025-01-20,McDonald's,Sandwich,Fast Food,1,1232.17,Card,37,2025-08-21,434,Inactive,1,2025-06-14,Cancelled,1232.17
C5766,Other,Senior,Karachi,2024-09-29,O9766,2025-01-20,KFC,Sandwich,Italian,3,1498.79,Wallet,43,2025-04-02,132,Inactive,4,2025-03-04,Cancelled,4496.37
C4872,Female,Teenager,Islamabad,2023-10-16,O8872,2025-01-20,McDonald's,Fries,Fast Food,3,1388.63,Wallet,16,2025-01-27,10,Inactive,4,2025-07-09,Delivered,4165.89
C6976,Male,Teenager,Islamabad,2024-05-24,O10976,2025-01-20,Pizza Hut,Pizza,Dessert,3,1229.21,Wallet,16,2024-12-21,133,Inactive,4,2024-10-04,Delivered,3687.63
C5429,Other,Senior,Peshawar,2025-01-14,O9429,2025-01-21,Burger King,Fries,Dessert,5,302.1,Cash,20,2025-03-06,79,Active,2,2025-04-30,Cancelled,1510.5
C1120,Male,Teenager,Multan,2024-12-20,O5120,2025-01-21,KFC,Burger,Dessert,1,834.14,Cash,34,2025-07-31,500,Inactive,4,2025-06-01,Delayed,834.14
C6554,Other,Adult,Karachi,2024-10-08,O10554,2025-01-21,KFC,Fries,Dessert,1,156.47,Wallet,42,2025-05-01,18,Active,1,2024-12-10,Cancelled,156.47
C2947,Male,Adult,Multan,2023-10-08,O6947,2025-01-21,McDonald's,Fries,Dessert,1,303.25,Card,38,2024-08-30,230,Active,2,2025-06-30,Delayed,303.25
C6821,Female,Senior,Multan,2024-08-29,O10821,2025-01-21,Pizza Hut,Pizza,Fast Food,5,163.24,Cash,37,2025-03-02,447,Active,2,2025-07-05,Delayed,816.2
C6634,Other,Teenager,Lahore,2023-11-06,O10634,2025-01-21,KFC,Pasta,Italian,2,1154.77,Cash,21,2025-04-23,440,Inactive,5,2025-03-02,Cancelled,2309.54
C3628,Female,Senior,Lahore,2024-09-21,O7628,2025-01-21,Burger King,Burger,Chinese,1,518.93,Wallet,37,2024-12-14,175,Active,3,2024-08-28,Delayed,518.93
C2505,Female,Senior,Islamabad,2023-11-13,O6505,2025-01-21,Burger King,Burger,Continental,5,1067.4,Card,5,2024-08-24,91,Inactive,1,2025-04-06,Delivered,5337.0
C6896,Male,Teenager,Islamabad,2024-11-15,O10896,2025-01-21,Subway,Fries,Fast Food,3,1003.99,Cash,9,2025-01-11,1,Active,5,2025-07-18,Delayed,3011.97
C3897,Female,Senior,Karachi,2023-12-03,O7897,2025-01-21,Subway,Pizza,Chinese,4,922.91,Wallet,14,2025-04-27,496,Inactive,3,2025-03-01,Delayed,3691.64
C2594,Male,Adult,Peshawar,2024-09-10,O6594,2025-01-22,Burger King,Pizza,Continental,4,257.7,Wallet,33,2024-12-17,11,Active,2,2025-06-08,Cancelled,1030.8
C5703,Other,Teenager,Multan,2025-01-21,O9703,2025-01-22,Subway,Pizza,Continental,1,464.86,Cash,25,2025-06-07,172,Inactive,4,2024-12-16,Cancelled,464.86
C4899,Male,Teenager,Lahore,2025-04-22,O8899,2025-01-22,McDonald's,Pasta,Continental,2,1378.74,Cash,9,2025-07-05,500,Inactive,4,2025-03-07,Delivered,2757.48
C1747,Other,Senior,Peshawar,2024-11-06,O5747,2025-01-22,Subway,Pasta,Italian,1,1467.02,Wallet,25,2024-12-22,234,Active,1,2025-06-25,Delivered,1467.02
C3296,Female,Senior,Lahore,2024-07-13,O7296,2025-01-22,Pizza Hut,Pizza,Dessert,4,1060.19,Wallet,22,2025-07-02,150,Active,2,2025-03-21,Delivered,4240.76
C1581,Female,Teenager,Lahore,2025-01-22,O5581,2025-01-22,KFC,Pasta,Chinese,4,925.84,Wallet,50,2025-04-14,477,Active,1,2025-03-11,Delivered,3703.36
C3059,Male,Teenager,Peshawar,2023-09-19,O7059,2025-01-22,McDonald's,Pizza,Fast Food,4,685.88,Cash,25,2025-01-13,275,Active,1,2025-08-10,Cancelled,2743.52
C3625,Female,Teenager,Peshawar,2024-03-08,O7625,2025-01-22,Burger King,Pasta,Dessert,2,374.1,Wallet,41,2024-10-22,112,Inactive,3,2025-03-30,Delivered,748.2
C1724,Other,Senior,Karachi,2023-10-08,O5724,2025-01-22,Burger King,Burger,Continental,2,829.76,Wallet,30,2024-11-11,26,Active,1,2025-03-13,Cancelled,1659.52
C3983,Female,Teenager,Multan,2025-01-31,O7983,2025-01-23,Pizza Hut,Sandwich,Italian,5,794.07,Wallet,22,2025-03-01,186,Active,4,2025-02-20,Delayed,3970.35
C6452,Other,Adult,Lahore,2023-09-08,O10452,2025-01-23,Burger King,Fries,Dessert,2,1038.9,Wallet,34,2025-04-13,66,Inactive,5,2024-10-11,Delivered,2077.8
C1820,Male,Senior,Lahore,2024-07-11,O5820,2025-01-23,Subway,Pasta,Dessert,5,239.29,Cash,8,2024-12-16,248,Inactive,1,2024-08-30,Delayed,1196.45
C4951,Female,Senior,Peshawar,2024-12-10,O8951,2025-01-23,Burger King,Pasta,Continental,3,600.06,Wallet,25,2025-08-20,287,Active,5,2025-07-23,Delayed,1800.18
C3308,Female,Adult,Islamabad,2024-09-03,O7308,2025-01-23,Pizza Hut,Sandwich,Dessert,2,1402.75,Wallet,2,2024-10-16,269,Inactive,5,2025-08-12,Cancelled,2805.5
C1998,Other,Senior,Karachi,2024-03-30,O5998,2025-01-23,McDonald's,Fries,Dessert,5,331.84,Card,43,2024-09-03,489,Active,1,2024-12-18,Delivered,1659.2
C3155,Female,Teenager,Islamabad,2024-10-15,O7155,2025-01-24,Subway,Sandwich,Dessert,5,784.13,Cash,21,2025-02-19,160,Active,2,2024-09-28,Delivered,3920.65
C4749,Other,Teenager,Karachi,2024-03-28,O8749,2025-01-24,Subway,Burger,Dessert,5,163.05,Cash,32,2025-06-01,33,Active,4,2024-10-05,Delayed,815.25
C2223,Other,Teenager,Lahore,2024-02-05,O6223,2025-01-24,Burger King,Sandwich,Continental,3,1372.03,Wallet,16,2025-07-17,390,Active,4,2025-05-03,Delivered,4116.09
C6242,Other,Teenager,Lahore,2024-12-06,O10242,2025-01-24,KFC,Sandwich,Continental,5,142.52,Card,26,2025-04-02,120,Active,4,2025-04-11,Cancelled,712.6
C5801,Female,Adult,Peshawar,2024-03-01,O9801,2025-01-24,KFC,Burger,Italian,2,923.16,Cash,35,2025-05-03,337,Inactive,2,2024-10-30,Delayed,1846.32
C3587,Other,Adult,Islamabad,2025-02-03,O7587,2025-01-24,KFC,Fries,Italian,4,387.5,Cash,33,2025-04-15,418,Inactive,2,2024-10-20,Delivered,1550.0
C6112,Male,Teenager,Lahore,2024-08-12,O10112,2025-01-24,Subway,Sandwich,Dessert,5,645.79,Wallet,4,2024-12-19,479,Inactive,3,2025-06-03,Delayed,3228.95
C4887,Male,Teenager,Lahore,2024-06-24,O8887,2025-01-24,KFC,Burger,Dessert,3,949.16,Card,10,2024-10-06,97,Active,4,2024-09-19,Cancelled,2847.48
C6449,Male,Teenager,Multan,2024-06-14,O10449,2025-01-25,KFC,Sandwich,Chinese,3,1418.81,Card,35,2025-01-11,275,Inactive,5,2024-11-12,Cancelled,4256.43
C5486,Female,Senior,Peshawar,2023-12-04,O9486,2025-01-25,McDonald's,Sandwich,Fast Food,2,610.6,Cash,31,2025-06-09,182,Inactive,5,2025-02-06,Delayed,1221.2
C5554,Female,Adult,Islamabad,2023-10-09,O9554,2025-01-25,Burger King,Burger,Chinese,3,722.07,Card,30,2024-09-06,210,Inactive,5,2025-03-18,Delayed,2166.21
C1653,Male,Adult,Multan,2024-09-15,O5653,2025-01-25,KFC,Fries,Chinese,2,463.26,Wallet,2,2025-06-04,355,Inactive,4,2024-10-15,Cancelled,926.52
C2826,Female,Teenager,Islamabad,2025-01-23,O6826,2025-01-25,Burger King,Sandwich,Italian,1,877.89,Cash,43,2025-04-11,485,Inactive,1,2024-12-14,Delivered,877.89
C5905,Male,Teenager,Lahore,2023-10-05,O9905,2025-01-25,Subway,Pizza,Chinese,4,165.66,Wallet,19,2025-07-06,157,Active,5,2025-07-03,Cancelled,662.64
C1287,Male,Senior,Islamabad,2024-09-07,O5287,2025-01-25,McDonald's,Sandwich,Italian,3,379.79,Wallet,36,2024-10-31,190,Active,1,2025-04-16,Delivered,1139.37
C4092,Other,Senior,Multan,2024-10-04,O8092,2025-01-25,Burger King,Pizza,Fast Food,1,293.97,Card,23,2024-10-23,125,Active,3,2024-10-27,Delivered,293.97
C4538,Female,Teenager,Peshawar,2025-05-26,O8538,2025-01-25,McDonald's,Pasta,Dessert,1,396.23,Cash,4,2025-07-18,49,Inactive,3,2025-06-27,Cancelled,396.23
C3020,Other,Teenager,Karachi,2025-02-16,O7020,2025-01-26,McDonald's,Pasta,Dessert,2,438.63,Card,48,2025-06-02,66,Active,2,2024-11-29,Delayed,877.26
C5403,Female,Senior,Lahore,2025-03-28,O9403,2025-01-26,Burger King,Pasta,Fast Food,4,304.02,Cash,31,2025-05-13,369,Inactive,2,2024-09-05,Cancelled,1216.08
C5999,Female,Adult,Islamabad,2024-01-06,O9999,2025-01-26,Burger King,Sandwich,Continental,4,969.0,Cash,46,2025-04-20,147,Inactive,4,2025-07-11,Delivered,3876.0
C2673,Male,Adult,Lahore,2024-05-23,O6673,2025-01-26,Burger King,Burger,Chinese,1,1234.66,Card,21,2024-10-21,173,Inactive,2,2025-03-14,Delivered,1234.66
C4828,Female,Senior,Multan,2024-12-18,O8828,2025-01-26,Pizza Hut,Sandwich,Italian,4,1411.16,Wallet,6,2025-04-08,193,Active,4,2025-06-17,Delayed,5644.64
C1548,Female,Adult,Peshawar,2024-11-03,O5548,2025-01-26,Subway,Sandwich,Italian,2,1183.89,Wallet,2,2025-07-16,306,Inactive,1,2025-05-01,Delayed,2367.78
C4611,Other,Teenager,Karachi,2024-01-31,O8611,2025-01-26,KFC,Pizza,Continental,5,1386.97,Cash,10,2025-05-13,214,Active,5,2025-03-31,Cancelled,6934.85
C5671,Male,Teenager,Multan,2024-06-28,O9671,2025-01-26,Subway,Pizza,Italian,5,1000.73,Wallet,44,2024-09-25,311,Active,2,2025-07-18,Delayed,5003.65
C1834,Other,Senior,Peshawar,2025-02-06,O5834,2025-01-27,KFC,Fries,Italian,5,1101.92,Cash,5,2025-06-06,436,Active,5,2024-12-17,Cancelled,5509.6
C5776,Male,Adult,Lahore,2024-08-01,O9776,2025-01-27,Pizza Hut,Sandwich,Chinese,5,1415.07,Card,45,2024-10-19,52,Inactive,2,2024-12-10,Delivered,7075.35
C6573,Male,Senior,Multan,2025-04-18,O10573,2025-01-27,McDonald's,Pasta,Italian,5,1256.53,Cash,1,2025-04-27,405,Active,3,2024-11-05,Delivered,6282.65
C4138,Male,Senior,Multan,2024-02-23,O8138,2025-01-27,McDonald's,Fries,Continental,2,180.89,Cash,37,2025-03-23,97,Active,4,2025-01-15,Cancelled,361.78
C3220,Male,Adult,Multan,2024-09-22,O7220,2025-01-27,McDonald's,Sandwich,Dessert,5,336.48,Card,11,2024-10-11,299,Inactive,5,2025-08-02,Delayed,1682.4
C2065,Female,Adult,Lahore,2024-06-15,O6065,2025-01-27,Subway,Pizza,Italian,5,369.26,Wallet,27,2025-07-16,360,Active,1,2025-07-22,Delivered,1846.3
C6041,Male,Adult,Peshawar,2024-12-29,O10041,2025-01-27,Pizza Hut,Pizza,Fast Food,4,761.16,Card,30,2025-04-26,220,Active,4,2025-06-01,Delayed,3044.64
C2122,Female,Senior,Peshawar,2025-06-14,O6122,2025-01-27,McDonald's,Sandwich,Italian,3,373.6,Wallet,6,2025-07-11,93,Active,2,2025-05-27,Delayed,1120.8
C6319,Female,Senior,Lahore,2024-11-14,O10319,2025-01-27,Burger King,Sandwich,Fast Food,4,962.6,Wallet,17,2025-03-09,146,Inactive,2,2025-03-07,Delivered,3850.4
C6982,Male,Teenager,Lahore,2024-02-26,O10982,2025-01-27,Burger King,Pizza,Italian,2,208.78,Card,46,2024-10-25,435,Inactive,2,2024-10-04,Cancelled,417.56
C2889,Female,Teenager,Lahore,2024-08-16,O6889,2025-01-28,Burger King,Sandwich,Fast Food,4,1331.66,Card,50,2025-04-10,37,Inactive,1,2025-05-26,Delayed,5326.64
C1493,Female,Senior,Karachi,2024-06-30,O5493,2025-01-28,Subway,Burger,Fast Food,5,1303.82,Cash,10,2024-12-16,50,Active,2,2024-11-10,Cancelled,6519.1
C5423,Male,Adult,Peshawar,2024-10-21,O9423,2025-01-28,Pizza Hut,Sandwich,Continental,4,1097.68,Card,29,2025-02-27,303,Inactive,2,2025-05-03,Delivered,4390.72
C4390,Male,Senior,Islamabad,2024-12-16,O8390,2025-01-28,KFC,Pizza,Dessert,4,953.85,Cash,20,2025-08-09,425,Active,1,2025-07-12,Delivered,3815.4
C1147,Other,Teenager,Multan,2024-04-25,O5147,2025-01-28,Pizza Hut,Burger,Continental,3,975.88,Card,1,2024-11-25,393,Active,2,2024-08-24,Cancelled,2927.64
C4635,Male,Adult,Islamabad,2024-09-11,O8635,2025-01-28,McDonald's,Fries,Chinese,5,1250.87,Card,7,2025-05-02,43,Active,1,2025-04-13,Cancelled,6254.35
C1529,Other,Senior,Karachi,2024-08-31,O5529,2025-01-28,Burger King,Sandwich,Dessert,4,211.17,Card,34,2025-06-10,168,Inactive,1,2024-11-29,Delivered,844.68
C3910,Female,Senior,Lahore,2024-12-27,O7910,2025-01-28,KFC,Burger,Fast Food,2,1128.01,Cash,6,2025-05-01,232,Active,5,2024-08-22,Delayed,2256.02
C5454,Other,Teenager,Karachi,2024-02-14,O9454,2025-01-28,Subway,Pizza,Fast Food,3,1189.34,Cash,6,2025-01-30,86,Inactive,5,2025-06-11,Delayed,3568.02
C4495,Other,Teenager,Peshawar,2024-09-16,O8495,2025-01-28,Pizza Hut,Burger,Chinese,2,844.9,Cash,18,2025-01-25,272,Inactive,5,2025-07-11,Cancelled,1689.8
C6548,Female,Adult,Multan,2023-08-22,O10548,2025-01-28,Pizza Hut,Pizza,Dessert,2,992.55,Card,49,2025-02-18,244,Inactive,2,2025-03-10,Cancelled,1985.1
C5360,Other,Adult,Islamabad,2024-11-23,O9360,2025-01-28,Pizza Hut,Pizza,Continental,5,747.96,Cash,43,2025-03-02,146,Active,5,2025-01-26,Delivered,3739.8
C3049,Other,Senior,Lahore,2024-09-22,O7049,2025-01-28,Subway,Burger,Chinese,3,1315.25,Wallet,41,2024-12-09,490,Inactive,1,2025-08-10,Delivered,3945.75
C3258,Female,Teenager,Peshawar,2024-01-14,O7258,2025-01-28,KFC,Sandwich,Chinese,5,1048.69,Card,6,2024-11-04,500,Active,4,2024-10-31,Cancelled,5243.45
C4598,Female,Teenager,Karachi,2023-11-12,O8598,2025-01-29,Burger King,Fries,Fast Food,3,213.62,Wallet,5,2024-09-08,48,Active,3,2025-05-02,Delayed,640.86
C3110,Other,Teenager,Lahore,2024-03-18,O7110,2025-01-29,Subway,Pasta,Dessert,4,778.87,Card,28,2024-10-12,480,Inactive,1,2025-08-10,Delayed,3115.48
C4358,Other,Adult,Karachi,2025-01-18,O8358,2025-01-29,Subway,Burger,Dessert,5,1243.71,Cash,49,2025-04-25,119,Active,1,2025-03-21,Cancelled,6218.55
C5208,Other,Adult,Karachi,2025-08-01,O9208,2025-01-29,KFC,Burger,Fast Food,3,294.95,Card,27,2025-08-10,429,Active,4,2024-09-28,Cancelled,884.85
C6808,Male,Adult,Multan,2023-10-13,O10808,2025-01-29,Burger King,Fries,Chinese,5,426.94,Cash,29,2025-02-16,319,Active,5,2025-06-04,Delayed,2134.7
C6305,Female,Teenager,Islamabad,2024-11-21,O10305,2025-01-29,Pizza Hut,Burger,Fast Food,1,680.67,Wallet,21,2025-07-22,319,Active,2,2025-05-15,Delayed,680.67
C5066,Other,Teenager,Lahore,2023-12-21,O9066,2025-01-30,Subway,Pizza,Fast Food,2,675.4,Wallet,24,2024-09-29,239,Inactive,1,2025-04-14,Delayed,1350.8
C4768,Other,Senior,Lahore,2024-06-14,O8768,2025-01-30,Burger King,Fries,Dessert,5,1437.0,Cash,27,2024-09-08,145,Active,2,2025-02-03,Delivered,7185.0
C6363,Other,Teenager,Multan,2024-06-26,O10363,2025-01-30,Burger King,Pasta,Dessert,5,448.88,Card,6,2024-11-04,500,Inactive,5,2025-03-20,Delayed,2244.4
C6707,Female,Senior,Islamabad,2024-03-19,O10707,2025-01-30,McDonald's,Fries,Continental,2,193.03,Cash,7,2024-11-28,491,Inactive,4,2025-04-12,Cancelled,386.06
C5400,Other,Senior,Peshawar,2023-11-22,O9400,2025-01-30,Burger King,Sandwich,Italian,1,1332.21,Wallet,34,2024-09-08,351,Active,5,2025-02-18,Delayed,1332.21
C4500,Female,Adult,Islamabad,2024-06-11,O8500,2025-01-30,KFC,Sandwich,Chinese,5,787.33,Card,39,2025-08-18,402,Active,2,2025-05-07,Delayed,3936.65
C6365,Other,Adult,Peshawar,2025-03-23,O10365,2025-01-30,McDonald's,Sandwich,Dessert,5,1213.82,Wallet,30,2025-07-22,162,Active,3,2025-01-05,Delivered,6069.1
C2719,Male,Senior,Multan,2024-10-04,O6719,2025-01-31,KFC,Burger,Fast Food,5,507.39,Cash,13,2025-04-12,205,Inactive,2,2025-02-17,Delivered,2536.95
C1201,Female,Senior,Islamabad,2023-09-04,O5201,2025-01-31,Pizza Hut,Pizza,Chinese,2,730.17,Card,30,2025-02-04,246,Active,1,2025-01-18,Cancelled,1460.34
C1666,Female,Teenager,Lahore,2025-07-18,O5666,2025-01-31,KFC,Pizza,Continental,2,796.74,Card,2,2025-07-27,53,Inactive,5,2025-08-04,Delivered,1593.48
C2609,Other,Adult,Multan,2024-12-13,O6609,2025-01-31,Subway,Pasta,Chinese,5,357.6,Card,33,2025-03-26,454,Active,5,2025-04-17,Delayed,1788.0
C6692,Male,Teenager,Lahore,2024-06-18,O10692,2025-01-31,Subway,Fries,Continental,4,1132.09,Cash,7,2025-06-26,343,Active,2,2024-12-17,Delayed,4528.36
C3636,Female,Senior,Multan,2024-05-15,O7636,2025-01-31,Subway,Pasta,Fast Food,5,696.49,Cash,13,2025-08-14,139,Inactive,3,2025-08-07,Delivered,3482.45
C1840,Female,Teenager,Multan,2023-08-26,O5840,2025-01-31,Pizza Hut,Burger,Fast Food,2,346.54,Wallet,40,2025-07-19,281,Inactive,3,2025-04-16,Cancelled,693.08
C4002,Female,Teenager,Multan,2024-08-14,O8002,2025-01-31,Pizza Hut,Sandwich,Dessert,3,213.28,Cash,20,2025-03-29,477,Inactive,5,2025-03-27,Delivered,639.84
C2130,Male,Teenager,Karachi,2024-06-04,O6130,2025-02-01,KFC,Burger,Continental,2,1004.4,Cash,42,2025-06-21,367,Active,1,2025-07-21,Cancelled,2008.8
C3312,Other,Adult,Lahore,2024-07-31,O7312,2025-02-01,Subway,Fries,Fast Food,4,126.1,Wallet,20,2025-07-29,137,Inactive,4,2024-10-18,Delayed,504.4
C5455,Male,Senior,Peshawar,2025-01-23,O9455,2025-02-01,Subway,Pizza,Dessert,2,968.1,Cash,2,2025-06-19,75,Inactive,5,2025-05-12,Cancelled,1936.2
C1424,Other,Senior,Lahore,2025-06-15,O5424,2025-02-01,Burger King,Sandwich,Dessert,2,427.22,Card,47,2025-07-02,146,Inactive,1,2024-10-11,Delayed,854.44
C6110,Other,Adult,Islamabad,2024-01-23,O10110,2025-02-01,KFC,Sandwich,Continental,3,1497.95,Card,31,2025-05-17,457,Inactive,2,2025-01-01,Delayed,4493.85
C3847,Other,Senior,Multan,2024-08-16,O7847,2025-02-01,KFC,Burger,Continental,3,1306.07,Wallet,28,2024-09-14,306,Active,3,2024-08-28,Cancelled,3918.21
C5578,Female,Adult,Islamabad,2024-03-17,O9578,2025-02-01,KFC,Pizza,Chinese,3,185.62,Wallet,37,2025-07-22,488,Inactive,4,2025-02-18,Delivered,556.86
C3722,Male,Adult,Karachi,2024-12-14,O7722,2025-02-01,Burger King,Pizza,Fast Food,4,777.07,Cash,40,2025-07-27,105,Inactive,1,2025-08-10,Delivered,3108.28
C4529,Male,Senior,Islamabad,2023-12-19,O8529,2025-02-01,Subway,Fries,Dessert,2,1013.22,Cash,39,2024-09-18,23,Inactive,3,2025-03-23,Delivered,2026.44
C4861,Male,Teenager,Multan,2024-03-09,O8861,2025-02-01,McDonald's,Pizza,Fast Food,2,950.9,Card,33,2025-05-13,230,Active,4,2025-07-28,Cancelled,1901.8
C4696,Male,Adult,Multan,2023-11-20,O8696,2025-02-01,KFC,Burger,Fast Food,2,1269.39,Card,13,2024-10-29,396,Inactive,3,2025-07-06,Delivered,2538.78
C3806,Male,Teenager,Islamabad,2023-10-18,O7806,2025-02-01,KFC,Sandwich,Fast Food,4,348.88,Cash,11,2024-12-28,96,Active,2,2025-06-24,Cancelled,1395.52
C4879,Other,Adult,Multan,2025-01-19,O8879,2025-02-01,Pizza Hut,Fries,Continental,4,313.94,Cash,4,2025-05-07,177,Active,5,2024-09-02,Delivered,1255.76
C5828,Female,Senior,Islamabad,2024-03-02,O9828,2025-02-01,McDonald's,Pizza,Italian,4,1111.89,Wallet,5,2025-04-18,447,Active,5,2025-08-03,Delayed,4447.56
C2276,Male,Adult,Peshawar,2024-02-15,O6276,2025-02-01,McDonald's,Sandwich,Continental,5,524.05,Wallet,29,2025-07-29,55,Active,2,2025-08-05,Delivered,2620.25
C2165,Other,Adult,Karachi,2023-10-16,O6165,2025-02-01,McDonald's,Pizza,Fast Food,1,1295.66,Wallet,22,2025-03-08,268,Active,5,2025-04-16,Cancelled,1295.66
C4093,Other,Senior,Karachi,2024-07-07,O8093,2025-02-02,Pizza Hut,Pizza,Italian,5,1259.42,Card,41,2025-06-19,129,Inactive,4,2025-08-20,Delayed,6297.1
C6244,Female,Teenager,Islamabad,2024-12-13,O10244,2025-02-02,McDonald's,Fries,Italian,1,528.0,Wallet,19,2025-02-23,353,Active,4,2025-06-23,Delayed,528.0
C1153,Other,Senior,Multan,2025-02-13,O5153,2025-02-02,Burger King,Sandwich,Chinese,5,816.03,Card,27,2025-03-29,38,Inactive,1,2025-08-02,Cancelled,4080.15
C1012,Male,Adult,Lahore,2025-04-25,O5012,2025-02-02,Burger King,Sandwich,Fast Food,2,305.69,Wallet,10,2025-05-18,103,Inactive,3,2024-11-20,Delayed,611.38
C6683,Male,Senior,Multan,2024-12-05,O10683,2025-02-03,McDonald's,Burger,Chinese,2,411.22,Card,36,2025-06-01,162,Inactive,2,2025-02-04,Delivered,822.44
C1846,Female,Adult,Multan,2024-02-17,O5846,2025-02-03,Pizza Hut,Pasta,Chinese,4,114.74,Cash,2,2025-06-06,424,Inactive,5,2025-06-04,Cancelled,458.96
C2098,Female,Teenager,Multan,2024-12-28,O6098,2025-02-03,Burger King,Sandwich,Continental,3,1411.78,Wallet,29,2025-01-28,106,Inactive,2,2025-08-18,Cancelled,4235.34
C5378,Other,Adult,Karachi,2024-06-06,O9378,2025-02-03,Burger King,Pizza,Continental,1,242.77,Cash,41,2024-11-28,265,Inactive,5,2025-05-08,Cancelled,242.77
C6527,Female,Adult,Karachi,2025-03-10,O10527,2025-02-03,McDonald's,Pizza,Fast Food,2,1097.4,Card,37,2025-07-06,406,Inactive,2,2025-08-20,Cancelled,2194.8
C1494,Male,Adult,Islamabad,2024-08-08,O5494,2025-02-03,McDonald's,Burger,Chinese,4,1039.31,Card,36,2024-10-18,127,Active,3,2025-07-03,Delivered,4157.24
C5049,Male,Senior,Islamabad,2025-01-19,O9049,2025-02-03,KFC,Fries,Italian,2,788.88,Card,16,2025-05-04,58,Inactive,3,2024-12-09,Delivered,1577.76
C4187,Male,Senior,Peshawar,2024-03-23,O8187,2025-02-03,KFC,Sandwich,Fast Food,5,1466.38,Card,49,2024-12-02,185,Active,1,2025-03-08,Cancelled,7331.9
C4395,Male,Senior,Islamabad,2023-08-22,O8395,2025-02-04,KFC,Pasta,Fast Food,2,582.32,Wallet,16,2025-04-08,252,Inactive,4,2025-06-05,Cancelled,1164.64
C5373,Female,Adult,Islamabad,2024-08-10,O9373,2025-02-04,Burger King,Burger,Fast Food,3,1292.35,Cash,21,2025-07-22,319,Inactive,2,2025-06-11,Delivered,3877.05
C3088,Male,Senior,Karachi,2024-11-05,O7088,2025-02-04,Burger King,Sandwich,Fast Food,5,262.87,Wallet,24,2025-08-08,109,Active,1,2025-01-21,Delivered,1314.35
C4691,Male,Senior,Islamabad,2025-04-01,O8691,2025-02-04,Burger King,Fries,Continental,3,525.95,Card,30,2025-06-28,266,Inactive,4,2025-08-21,Delivered,1577.85
C4701,Male,Adult,Lahore,2025-03-09,O8701,2025-02-04,Pizza Hut,Sandwich,Italian,5,860.54,Card,1,2025-06-18,474,Active,4,2025-07-27,Delayed,4302.7
C3290,Female,Adult,Islamabad,2024-05-02,O7290,2025-02-04,KFC,Burger,Italian,1,451.84,Card,8,2024-10-29,275,Inactive,1,2025-07-22,Delayed,451.84
C3424,Female,Teenager,Lahore,2024-08-26,O7424,2025-02-04,Subway,Burger,Continental,1,597.7,Cash,5,2025-07-21,376,Active,2,2024-11-12,Delivered,597.7
C2960,Other,Adult,Lahore,2024-02-24,O6960,2025-02-05,Pizza Hut,Fries,Fast Food,1,121.22,Card,28,2025-04-08,234,Inactive,4,2025-07-07,Cancelled,121.22
C4160,Female,Teenager,Islamabad,2023-11-08,O8160,2025-02-05,Pizza Hut,Pasta,Dessert,3,989.41,Card,27,2025-07-03,276,Inactive,4,2025-01-30,Cancelled,2968.23
C3180,Other,Adult,Peshawar,2024-08-03,O7180,2025-02-05,KFC,Fries,Fast Food,2,1428.52,Cash,28,2025-07-16,394,Inactive,3,2025-06-22,Cancelled,2857.04
C1006,Female,Senior,Islamabad,2025-01-22,O5006,2025-02-05,Subway,Pizza,Chinese,2,867.21,Wallet,3,2025-06-02,376,Inactive,5,2024-09-25,Delayed,1734.42
C3834,Other,Senior,Islamabad,2023-12-23,O7834,2025-02-05,Burger King,Pasta,Continental,4,1011.02,Cash,25,2025-05-23,259,Active,1,2025-02-23,Delayed,4044.08
C1823,Female,Adult,Multan,2025-04-25,O5823,2025-02-05,Subway,Pasta,Chinese,3,1058.42,Wallet,6,2025-06-15,298,Active,1,2025-06-18,Cancelled,3175.26
C4188,Other,Adult,Lahore,2024-05-24,O8188,2025-02-05,Subway,Pizza,Continental,2,418.97,Card,2,2025-04-12,16,Inactive,5,2025-08-16,Cancelled,837.94
C2683,Other,Senior,Lahore,2024-10-19,O6683,2025-02-05,Pizza Hut,Pizza,Italian,5,300.58,Cash,1,2025-04-02,130,Active,5,2025-07-03,Cancelled,1502.9
C2048,Female,Senior,Peshawar,2024-09-17,O6048,2025-02-05,Subway,Sandwich,Italian,5,470.59,Cash,40,2025-06-13,154,Active,5,2025-04-21,Cancelled,2352.95
C3800,Other,Senior,Multan,2023-08-23,O7800,2025-02-05,Subway,Pizza,Fast Food,3,273.2,Cash,47,2024-10-01,199,Active,5,2024-11-02,Delayed,819.6
C4483,Male,Senior,Peshawar,2024-06-29,O8483,2025-02-05,McDonald's,Burger,Continental,2,1128.98,Wallet,16,2024-09-21,297,Inactive,3,2024-12-26,Cancelled,2257.96
C5324,Female,Teenager,Karachi,2024-09-23,O9324,2025-02-05,Pizza Hut,Pasta,Continental,1,1241.06,Cash,31,2025-01-12,316,Active,3,2025-03-31,Delivered,1241.06
C3720,Other,Adult,Islamabad,2024-04-30,O7720,2025-02-05,McDonald's,Pasta,Fast Food,4,570.01,Cash,45,2025-02-15,373,Inactive,4,2024-11-03,Delayed,2280.04
C3100,Other,Senior,Karachi,2024-04-16,O7100,2025-02-05,Pizza Hut,Burger,Italian,3,490.31,Card,22,2025-03-21,465,Active,1,2025-06-01,Delivered,1470.93
C2028,Female,Teenager,Multan,2024-07-20,O6028,2025-02-05,Pizza Hut,Pizza,Chinese,3,614.43,Cash,10,2024-10-01,192,Active,3,2024-11-12,Cancelled,1843.29
C4612,Female,Adult,Islamabad,2024-07-24,O8612,2025-02-06,Pizza Hut,Pasta,Continental,5,1341.78,Card,1,2025-03-18,353,Active,1,2025-05-22,Delayed,6708.9
C1013,Other,Adult,Lahore,2024-05-06,O5013,2025-02-06,Subway,Fries,Fast Food,5,106.19,Wallet,24,2025-06-23,287,Inactive,3,2024-12-02,Delayed,530.95
C6790,Female,Teenager,Peshawar,2025-08-03,O10790,2025-02-06,Pizza Hut,Pasta,Dessert,1,117.91,Wallet,48,2025-08-17,140,Active,2,2024-12-23,Delivered,117.91
C4825,Female,Senior,Lahore,2024-04-05,O8825,2025-02-06,Pizza Hut,Pizza,Chinese,5,1121.81,Wallet,47,2024-10-16,107,Active,2,2025-08-21,Delivered,5609.05
C6232,Other,Teenager,Islamabad,2025-02-25,O10232,2025-02-06,Subway,Fries,Chinese,5,226.61,Cash,22,2025-07-24,461,Inactive,4,2025-08-08,Cancelled,1133.05
C4119,Female,Teenager,Peshawar,2024-11-22,O8119,2025-02-06,KFC,Sandwich,Dessert,4,1470.78,Cash,12,2025-07-14,391,Active,4,2025-06-25,Delayed,5883.12
C2058,Other,Teenager,Lahore,2023-08-25,O6058,2025-02-06,Subway,Fries,Fast Food,3,314.94,Card,41,2025-08-14,201,Active,5,2025-08-18,Delayed,944.82
C3895,Other,Adult,Islamabad,2024-07-22,O7895,2025-02-06,Subway,Fries,Continental,2,504.24,Cash,35,2025-04-15,56,Active,5,2025-02-27,Delivered,1008.48
C4788,Female,Senior,Islamabad,2024-12-07,O8788,2025-02-06,McDonald's,Pizza,Fast Food,5,804.98,Cash,38,2025-07-21,52,Active,5,2024-11-12,Cancelled,4024.9
C1422,Female,Senior,Karachi,2024-05-02,O5422,2025-02-06,Pizza Hut,Pasta,Chinese,1,106.31,Wallet,45,2025-05-08,260,Active,3,2025-02-18,Delivered,106.31
C2678,Female,Adult,Peshawar,2023-09-18,O6678,2025-02-06,Pizza Hut,Pasta,Fast Food,5,108.81,Cash,42,2025-06-06,450,Inactive,2,2025-02-20,Delayed,544.05
C1391,Female,Senior,Karachi,2024-11-06,O5391,2025-02-07,Subway,Pizza,Fast Food,2,595.08,Card,1,2025-02-24,213,Active,1,2025-08-10,Delayed,1190.16
C6122,Male,Teenager,Multan,2024-04-07,O10122,2025-02-07,Subway,Pizza,Chinese,3,1350.37,Wallet,25,2024-10-31,306,Active,1,2025-02-09,Delayed,4051.11
C6820,Female,Adult,Karachi,2023-11-11,O10820,2025-02-07,Subway,Pasta,Italian,4,1491.06,Wallet,49,2024-10-08,171,Inactive,3,2025-07-31,Delayed,5964.24
C6255,Male,Adult,Lahore,2024-02-22,O10255,2025-02-07,Pizza Hut,Fries,Fast Food,3,418.88,Card,50,2025-01-07,362,Active,4,2024-10-28,Cancelled,1256.64
C6123,Female,Adult,Peshawar,2024-01-27,O10123,2025-02-07,McDonald's,Burger,Fast Food,2,700.98,Card,26,2024-11-10,333,Inactive,2,2025-03-22,Cancelled,1401.96
C3606,Male,Adult,Multan,2024-02-05,O7606,2025-02-07,Pizza Hut,Pizza,Italian,1,709.42,Card,35,2024-08-22,268,Active,2,2025-01-19,Cancelled,709.42
C2611,Male,Senior,Multan,2024-12-06,O6611,2025-02-07,Subway,Sandwich,Continental,3,929.74,Card,44,2025-06-05,17,Active,2,2025-06-07,Delayed,2789.22
C4983,Male,Adult,Multan,2023-12-14,O8983,2025-02-07,Pizza Hut,Pasta,Fast Food,2,310.65,Wallet,39,2024-12-05,488,Active,4,2024-11-03,Delivered,621.3
C5832,Female,Adult,Lahore,2024-07-25,O9832,2025-02-07,McDonald's,Pizza,Continental,4,1283.34,Wallet,46,2025-02-14,291,Inactive,3,2025-04-05,Delayed,5133.36
C4351,Other,Teenager,Lahore,2024-09-27,O8351,2025-02-07,Burger King,Sandwich,Italian,3,544.26,Card,26,2025-01-18,317,Inactive,3,2025-06-01,Delayed,1632.78
C5710,Male,Adult,Peshawar,2023-11-27,O9710,2025-02-08,Burger King,Pizza,Fast Food,4,200.63,Wallet,34,2025-01-23,24,Inactive,3,2024-12-24,Cancelled,802.52
C4063,Male,Teenager,Karachi,2024-10-07,O8063,2025-02-08,McDonald's,Sandwich,Dessert,3,365.26,Cash,28,2025-04-18,314,Active,3,2025-08-08,Cancelled,1095.78
C4206,Male,Teenager,Multan,2024-09-04,O8206,2025-02-08,KFC,Burger,Chinese,3,1113.44,Wallet,2,2025-06-03,497,Inactive,3,2024-11-26,Delayed,3340.32
C1020,Female,Adult,Multan,2024-12-11,O5020,2025-02-08,Pizza Hut,Fries,Dessert,5,1305.22,Cash,5,2025-04-18,52,Inactive,2,2024-09-09,Delivered,6526.1
C5321,Other,Senior,Islamabad,2025-06-10,O9321,2025-02-08,KFC,Pizza,Fast Food,4,505.65,Wallet,26,2025-06-25,382,Inactive,2,2025-06-10,Delayed,2022.6
C1025,Other,Adult,Karachi,2024-08-23,O5025,2025-02-08,Burger King,Sandwich,Chinese,3,545.13,Wallet,13,2025-05-12,200,Active,3,2025-07-25,Delayed,1635.39
C1327,Female,Adult,Multan,2023-11-17,O5327,2025-02-08,Subway,Pizza,Fast Food,2,436.21,Cash,17,2025-05-01,341,Inactive,2,2025-05-22,Cancelled,872.42
C2192,Other,Adult,Islamabad,2023-11-26,O6192,2025-02-08,KFC,Burger,Fast Food,3,458.06,Cash,21,2024-09-23,333,Active,2,2025-06-17,Delayed,1374.18
C3281,Female,Senior,Multan,2024-05-05,O7281,2025-02-08,Pizza Hut,Burger,Fast Food,4,369.86,Wallet,44,2025-06-14,460,Inactive,4,2024-12-28,Cancelled,1479.44
C6444,Female,Adult,Multan,2024-09-13,O10444,2025-02-09,KFC,Pizza,Continental,2,180.48,Cash,21,2025-02-04,449,Active,3,2025-07-25,Delivered,360.96
C4381,Other,Adult,Peshawar,2024-05-05,O8381,2025-02-09,McDonald's,Sandwich,Continental,5,1315.38,Cash,6,2025-08-08,18,Active,4,2024-12-06,Delivered,6576.9
C5019,Female,Teenager,Islamabad,2024-08-21,O9019,2025-02-09,Subway,Fries,Dessert,5,1038.74,Wallet,48,2024-12-28,317,Inactive,4,2025-03-17,Delayed,5193.7
C2188,Female,Senior,Lahore,2024-09-03,O6188,2025-02-09,Burger King,Burger,Continental,5,832.38,Cash,39,2025-08-08,358,Inactive,5,2024-10-11,Cancelled,4161.9
C1575,Other,Adult,Lahore,2024-01-26,O5575,2025-02-09,Pizza Hut,Pasta,Italian,5,1333.97,Card,48,2024-12-11,333,Active,4,2025-07-28,Cancelled,6669.85
C2272,Male,Adult,Karachi,2024-05-16,O6272,2025-02-10,KFC,Sandwich,Italian,4,117.39,Wallet,18,2025-07-11,32,Active,3,2025-01-21,Delivered,469.56
C3491,Other,Adult,Lahore,2024-06-06,O7491,2025-02-10,KFC,Pasta,Italian,4,478.36,Card,9,2025-07-09,125,Inactive,5,2025-05-22,Cancelled,1913.44
C6635,Other,Senior,Karachi,2023-12-26,O10635,2025-02-10,Subway,Burger,Italian,4,392.08,Wallet,2,2024-12-20,4,Inactive,1,2025-03-30,Cancelled,1568.32
C1302,Other,Adult,Lahore,2024-08-28,O5302,2025-02-10,Burger King,Sandwich,Italian,3,583.37,Cash,20,2024-12-21,432,Inactive,4,2024-12-24,Delivered,1750.11
C5276,Other,Senior,Multan,2024-10-21,O9276,2025-02-10,KFC,Pasta,Continental,4,728.58,Cash,6,2025-04-10,72,Inactive,2,2025-04-22,Delayed,2914.32
C6485,Female,Senior,Islamabad,2024-12-12,O10485,2025-02-10,Subway,Pasta,Fast Food,2,619.07,Card,39,2025-01-29,45,Inactive,5,2025-05-17,Cancelled,1238.14
C6612,Other,Adult,Islamabad,2023-08-29,O10612,2025-02-10,McDonald's,Pasta,Dessert,5,416.08,Wallet,29,2024-09-18,352,Active,1,2024-09-06,Delayed,2080.4
C6690,Other,Senior,Peshawar,2025-04-05,O10690,2025-02-10,KFC,Pasta,Fast Food,2,782.74,Card,13,2025-06-13,0,Inactive,5,2024-10-28,Delivered,1565.48
C6912,Male,Senior,Karachi,2024-08-16,O10912,2025-02-10,Subway,Pasta,Italian,3,528.32,Cash,46,2025-02-22,248,Active,2,2025-02-09,Delayed,1584.96
C1685,Female,Adult,Peshawar,2024-08-30,O5685,2025-02-10,Burger King,Sandwich,Chinese,4,1033.28,Cash,18,2025-06-21,137,Inactive,5,2025-04-10,Delivered,4133.12
C3080,Male,Teenager,Peshawar,2024-10-30,O7080,2025-02-10,KFC,Fries,Italian,2,322.14,Cash,10,2025-06-06,41,Inactive,2,2025-07-08,Delivered,644.28
C4137,Other,Teenager,Islamabad,2024-09-07,O8137,2025-02-10,Burger King,Pasta,Fast Food,3,1445.39,Card,11,2025-04-13,282,Inactive,4,2024-09-01,Delayed,4336.17
C5995,Female,Senior,Peshawar,2024-11-19,O9995,2025-02-11,Subway,Burger,Fast Food,4,404.78,Cash,38,2025-01-17,30,Active,5,2024-08-29,Cancelled,1619.12
C5027,Other,Teenager,Peshawar,2024-01-21,O9027,2025-02-11,Pizza Hut,Burger,Chinese,2,1314.7,Wallet,11,2024-11-02,28,Active,3,2024-09-01,Cancelled,2629.4
C3539,Male,Senior,Karachi,2024-09-13,O7539,2025-02-11,Subway,Fries,Fast Food,3,725.42,Cash,7,2024-11-21,326,Inactive,1,2025-03-13,Delivered,2176.26
C4844,Male,Adult,Islamabad,2024-08-28,O8844,2025-02-11,Pizza Hut,Sandwich,Italian,3,713.67,Cash,13,2025-07-30,67,Inactive,5,2025-06-03,Delivered,2141.01
C2937,Male,Adult,Lahore,2025-05-12,O6937,2025-02-11,McDonald's,Pizza,Fast Food,3,662.96,Cash,46,2025-06-20,348,Active,3,2025-05-08,Delivered,1988.88
C1280,Female,Teenager,Peshawar,2024-07-08,O5280,2025-02-12,Subway,Pasta,Continental,3,1047.33,Cash,34,2025-01-05,295,Active,2,2025-01-04,Delayed,3141.99
C4161,Male,Teenager,Peshawar,2024-11-02,O8161,2025-02-12,Subway,Pizza,Fast Food,4,702.81,Wallet,39,2024-12-13,361,Inactive,4,2024-10-31,Delayed,2811.24
C6286,Male,Teenager,Multan,2024-09-19,O10286,2025-02-13,Subway,Pasta,Italian,5,458.62,Wallet,19,2025-08-14,339,Active,2,2024-09-11,Delayed,2293.1
C6904,Female,Senior,Karachi,2023-10-20,O10904,2025-02-13,KFC,Sandwich,Italian,4,330.26,Cash,12,2025-08-12,365,Inactive,2,2024-10-30,Delayed,1321.04
C5450,Other,Adult,Lahore,2024-08-23,O9450,2025-02-13,KFC,Pizza,Fast Food,2,666.83,Wallet,7,2024-11-08,13,Active,5,2024-10-23,Delivered,1333.66
C4955,Female,Teenager,Islamabad,2024-07-05,O8955,2025-02-13,Subway,Pasta,Italian,3,466.82,Card,36,2024-09-21,498,Active,1,2024-08-24,Cancelled,1400.46
C1739,Male,Adult,Lahore,2024-08-31,O5739,2025-02-13,McDonald's,Burger,Fast Food,3,878.13,Card,47,2025-08-12,262,Active,3,2025-02-07,Delivered,2634.39
C1512,Female,Teenager,Karachi,2024-01-15,O5512,2025-02-14,Burger King,Fries,Dessert,5,633.77,Cash,47,2025-06-15,11,Active,3,2025-07-26,Delayed,3168.85
C5446,Male,Teenager,Islamabad,2025-01-24,O9446,2025-02-14,Burger King,Pasta,Continental,1,643.3,Card,43,2025-05-27,239,Inactive,1,2025-02-08,Delayed,643.3
C5849,Female,Teenager,Peshawar,2024-06-02,O9849,2025-02-14,Subway,Burger,Continental,5,106.74,Wallet,10,2024-09-22,135,Active,5,2025-06-24,Cancelled,533.7
C3917,Female,Adult,Islamabad,2023-10-17,O7917,2025-02-14,Subway,Pizza,Fast Food,4,1393.95,Cash,29,2025-08-07,204,Active,2,2025-03-08,Cancelled,5575.8
C4485,Male,Teenager,Karachi,2024-04-06,O8485,2025-02-14,Pizza Hut,Pasta,Continental,3,615.22,Card,17,2025-03-21,314,Inactive,5,2024-11-28,Delayed,1845.66
C3214,Male,Teenager,Karachi,2023-11-19,O7214,2025-02-14,McDonald's,Sandwich,Fast Food,1,591.27,Cash,2,2025-01-29,119,Active,1,2024-10-15,Delayed,591.27
C1513,Other,Adult,Karachi,2025-01-14,O5513,2025-02-14,McDonald's,Burger,Chinese,2,1464.7,Wallet,44,2025-07-12,242,Active,3,2025-07-06,Cancelled,2929.4
C1151,Female,Teenager,Peshawar,2024-09-08,O5151,2025-02-14,McDonald's,Burger,Chinese,5,1248.22,Card,16,2025-01-05,384,Active,2,2025-07-17,Delayed,6241.1
C4335,Male,Teenager,Multan,2024-12-06,O8335,2025-02-14,Burger King,Burger,Dessert,2,1198.82,Wallet,6,2025-02-24,227,Inactive,5,2024-08-30,Delivered,2397.64
C6241,Male,Senior,Multan,2024-11-17,O10241,2025-02-14,KFC,Pizza,Continental,4,1207.33,Card,3,2025-01-28,469,Active,4,2024-11-10,Delivered,4829.32
C2097,Female,Senior,Islamabad,2024-07-30,O6097,2025-02-14,Pizza Hut,Sandwich,Italian,1,162.9,Wallet,31,2024-10-31,373,Inactive,2,2025-04-26,Delayed,162.9
C3144,Other,Senior,Karachi,2024-06-22,O7144,2025-02-15,Burger King,Sandwich,Italian,5,1048.51,Wallet,48,2024-12-30,358,Inactive,2,2025-02-01,Cancelled,5242.55
C6146,Male,Senior,Peshawar,2024-04-23,O10146,2025-02-15,KFC,Pizza,Dessert,4,527.22,Wallet,45,2024-12-05,397,Active,1,2025-06-15,Delayed,2108.88
C4551,Other,Adult,Karachi,2024-09-12,O8551,2025-02-15,Burger King,Burger,Fast Food,3,1083.48,Card,46,2025-01-04,73,Inactive,5,2025-06-01,Delayed,3250.44
C4544,Male,Adult,Islamabad,2024-09-19,O8544,2025-02-15,Burger King,Fries,Italian,5,328.74,Wallet,1,2025-03-10,462,Active,3,2025-05-24,Delivered,1643.7
C5717,Female,Teenager,Lahore,2025-02-09,O9717,2025-02-15,Subway,Pasta,Dessert,5,675.59,Wallet,15,2025-04-25,240,Active,4,2025-04-05,Cancelled,3377.95
C3517,Male,Senior,Islamabad,2025-02-22,O7517,2025-02-15,Subway,Burger,Continental,1,1407.83,Card,42,2025-07-20,198,Inactive,1,2025-06-16,Delayed,1407.83
C6174,Female,Senior,Karachi,2023-12-06,O10174,2025-02-16,Burger King,Sandwich,Continental,5,1272.61,Wallet,15,2025-02-28,379,Active,3,2025-07-09,Delivered,6363.05
C6013,Male,Teenager,Multan,2024-03-08,O10013,2025-02-16,Pizza Hut,Burger,Chinese,5,1441.55,Cash,10,2024-09-07,27,Inactive,1,2024-10-29,Delivered,7207.75
C6541,Male,Teenager,Multan,2024-03-16,O10541,2025-02-16,McDonald's,Pasta,Chinese,2,134.72,Card,39,2025-02-19,467,Inactive,2,2024-09-07,Delivered,269.44
C2791,Other,Teenager,Peshawar,2023-12-26,O6791,2025-02-16,Pizza Hut,Fries,Italian,4,1188.02,Cash,1,2025-04-28,266,Active,2,2025-01-07,Cancelled,4752.08
C5657,Female,Adult,Multan,2024-04-23,O9657,2025-02-16,Pizza Hut,Pasta,Chinese,4,1177.08,Card,19,2025-01-15,267,Inactive,5,2025-01-13,Delayed,4708.32
C5952,Other,Teenager,Multan,2025-02-03,O9952,2025-02-16,KFC,Burger,Fast Food,3,1318.6,Wallet,46,2025-02-11,71,Inactive,3,2025-05-07,Cancelled,3955.8
C5618,Female,Teenager,Multan,2023-09-12,O9618,2025-02-16,KFC,Fries,Chinese,4,1341.26,Card,4,2025-02-09,57,Inactive,1,2025-01-17,Cancelled,5365.04
C2843,Other,Senior,Multan,2025-01-29,O6843,2025-02-16,Pizza Hut,Fries,Chinese,1,1395.47,Cash,13,2025-05-17,321,Inactive,3,2025-06-22,Delayed,1395.47
C3687,Male,Adult,Karachi,2024-01-14,O7687,2025-02-16,McDonald's,Sandwich,Chinese,3,261.82,Wallet,9,2024-12-07,59,Active,3,2025-08-17,Cancelled,785.46
C6042,Female,Senior,Karachi,2024-01-05,O10042,2025-02-16,Burger King,Burger,Italian,3,525.28,Wallet,26,2024-09-03,88,Inactive,3,2024-11-27,Delivered,1575.84
C1361,Other,Senior,Islamabad,2024-03-07,O5361,2025-02-16,Subway,Pizza,Italian,3,979.89,Cash,47,2025-06-14,473,Active,2,2025-04-29,Delivered,2939.67
C3627,Male,Senior,Islamabad,2024-06-27,O7627,2025-02-16,Burger King,Pizza,Continental,1,969.91,Cash,24,2024-10-13,338,Active,4,2025-05-16,Cancelled,969.91
C6967,Male,Senior,Lahore,2024-09-21,O10967,2025-02-16,Pizza Hut,Fries,Fast Food,5,1267.38,Wallet,46,2025-04-21,80,Inactive,2,2025-08-20,Cancelled,6336.9
C5386,Other,Adult,Multan,2024-11-09,O9386,2025-02-16,McDonald's,Pasta,Continental,5,1258.7,Cash,42,2025-08-03,198,Inactive,4,2024-10-19,Delivered,6293.5
C1352,Female,Senior,Multan,2024-09-03,O5352,2025-02-16,McDonald's,Pizza,Dessert,4,927.75,Cash,22,2025-02-12,153,Inactive,3,2025-08-02,Delivered,3711.0
C6898,Female,Senior,Peshawar,2024-05-07,O10898,2025-02-16,Subway,Pizza,Continental,5,842.5,Cash,17,2025-08-03,442,Inactive,4,2024-10-04,Cancelled,4212.5
C3828,Other,Senior,Peshawar,2024-06-18,O7828,2025-02-17,Pizza Hut,Sandwich,Fast Food,2,1353.36,Card,10,2025-01-27,12,Inactive,5,2025-05-29,Cancelled,2706.72
C3017,Male,Senior,Multan,2023-11-09,O7017,2025-02-17,McDonald's,Burger,Fast Food,5,482.39,Wallet,6,2024-12-06,283,Inactive,4,2024-12-11,Cancelled,2411.95
C5567,Female,Senior,Peshawar,2024-08-01,O9567,2025-02-17,KFC,Sandwich,Dessert,1,117.16,Wallet,23,2024-12-24,359,Active,4,2024-10-14,Delayed,117.16
C5587,Other,Adult,Multan,2024-12-08,O9587,2025-02-17,Burger King,Pasta,Chinese,4,502.33,Cash,28,2025-04-23,303,Active,1,2024-09-16,Delayed,2009.32
C3257,Other,Senior,Multan,2024-11-03,O7257,2025-02-17,Burger King,Pizza,Dessert,1,716.19,Cash,13,2025-07-14,22,Inactive,1,2024-10-04,Delivered,716.19
C4471,Other,Senior,Islamabad,2024-04-13,O8471,2025-02-17,McDonald's,Burger,Chinese,5,1002.19,Cash,43,2024-10-28,332,Inactive,1,2024-09-14,Cancelled,5010.95
C1844,Male,Adult,Multan,2024-04-09,O5844,2025-02-17,Subway,Pizza,Italian,5,505.2,Card,12,2025-01-26,158,Active,5,2024-12-01,Delivered,2526.0
C3919,Male,Adult,Peshawar,2024-05-29,O7919,2025-02-18,Burger King,Burger,Italian,3,1139.16,Card,41,2024-11-07,361,Active,3,2024-08-28,Cancelled,3417.48
C6375,Other,Adult,Islamabad,2025-03-18,O10375,2025-02-18,Subway,Pizza,Italian,1,206.17,Cash,2,2025-03-28,98,Inactive,3,2025-07-25,Cancelled,206.17
C3094,Other,Teenager,Lahore,2025-06-06,O7094,2025-02-18,Subway,Pizza,Dessert,2,351.58,Wallet,17,2025-07-27,198,Inactive,1,2024-12-06,Delivered,703.16
C1903,Female,Adult,Lahore,2024-09-27,O5903,2025-02-18,Subway,Pasta,Fast Food,5,393.59,Card,17,2024-10-09,148,Inactive,1,2025-05-27,Delayed,1967.95
C6901,Male,Teenager,Multan,2024-05-22,O10901,2025-02-18,McDonald's,Sandwich,Italian,2,864.21,Cash,30,2025-04-25,415,Active,3,2025-08-21,Delivered,1728.42
C2071,Female,Senior,Karachi,2023-12-13,O6071,2025-02-18,Pizza Hut,Fries,Continental,3,785.18,Card,21,2025-04-19,276,Active,5,2025-05-09,Cancelled,2355.54
C4050,Female,Teenager,Peshawar,2024-04-25,O8050,2025-02-18,Burger King,Burger,Dessert,4,476.1,Wallet,27,2024-11-18,412,Active,1,2025-07-14,Delayed,1904.4
C1502,Female,Adult,Karachi,2024-07-02,O5502,2025-02-18,Subway,Burger,Continental,2,1413.35,Cash,44,2024-10-17,419,Active,4,2025-07-16,Delayed,2826.7
C1046,Other,Adult,Peshawar,2025-04-21,O5046,2025-02-19,Pizza Hut,Fries,Continental,2,595.7,Card,8,2025-05-28,281,Inactive,5,2024-10-18,Cancelled,1191.4
C1945,Other,Adult,Islamabad,2024-05-16,O5945,2025-02-19,KFC,Burger,Continental,3,432.47,Cash,48,2024-08-30,129,Inactive,2,2024-10-13,Delivered,1297.41
C3232,Female,Senior,Islamabad,2024-10-13,O7232,2025-02-19,Pizza Hut,Pizza,Dessert,3,1441.61,Cash,12,2024-11-15,159,Active,2,2024-12-18,Delivered,4324.83
C3276,Female,Senior,Islamabad,2024-02-09,O7276,2025-02-19,KFC,Pizza,Dessert,3,953.46,Cash,46,2024-11-27,461,Active,3,2025-04-24,Delivered,2860.38
C4507,Male,Senior,Lahore,2024-04-06,O8507,2025-02-20,Burger King,Sandwich,Italian,2,567.61,Card,25,2024-09-20,128,Inactive,1,2025-04-03,Cancelled,1135.22
C2663,Female,Senior,Islamabad,2024-12-04,O6663,2025-02-20,Pizza Hut,Burger,Fast Food,1,1063.64,Cash,3,2025-04-09,276,Active,4,2025-02-08,Delivered,1063.64
C6406,Other,Senior,Multan,2023-10-13,O10406,2025-02-20,Subway,Fries,Fast Food,3,744.77,Card,42,2024-09-26,315,Inactive,5,2025-05-16,Delivered,2234.31
C2941,Male,Senior,Islamabad,2024-11-04,O6941,2025-02-20,McDonald's,Pizza,Chinese,1,1498.39,Card,40,2025-05-31,416,Active,1,2025-06-22,Delayed,1498.39
C2648,Other,Adult,Lahore,2024-06-12,O6648,2025-02-20,Pizza Hut,Fries,Dessert,4,965.06,Cash,33,2024-11-02,115,Active,1,2024-08-31,Cancelled,3860.24
C3970,Female,Teenager,Karachi,2025-04-19,O7970,2025-02-20,Subway,Sandwich,Italian,4,895.8,Wallet,31,2025-07-14,58,Inactive,2,2024-12-07,Delayed,3583.2
C3909,Female,Adult,Islamabad,2023-11-09,O7909,2025-02-20,Burger King,Sandwich,Fast Food,4,169.66,Card,11,2024-09-28,498,Active,3,2024-11-03,Cancelled,678.64
C4073,Female,Teenager,Islamabad,2024-06-04,O8073,2025-02-20,Burger King,Sandwich,Dessert,1,886.94,Wallet,4,2024-11-12,212,Inactive,1,2025-03-04,Cancelled,886.94
C6163,Female,Senior,Peshawar,2024-05-02,O10163,2025-02-20,Pizza Hut,Sandwich,Fast Food,5,830.17,Wallet,33,2025-03-28,405,Active,1,2025-06-02,Delayed,4150.85
C3618,Male,Senior,Lahore,2024-09-16,O7618,2025-02-20,KFC,Pizza,Chinese,4,532.18,Card,38,2025-07-10,296,Active,1,2025-07-13,Delayed,2128.72
C6519,Male,Teenager,Multan,2023-11-18,O10519,2025-02-20,Subway,Burger,Fast Food,2,1345.02,Wallet,19,2024-08-29,94,Active,1,2024-11-29,Delayed,2690.04
C5909,Female,Senior,Islamabad,2024-07-30,O9909,2025-02-20,Pizza Hut,Sandwich,Dessert,4,883.69,Cash,33,2025-02-05,212,Inactive,1,2025-05-06,Cancelled,3534.76
C6813,Female,Adult,Lahore,2024-05-11,O10813,2025-02-20,KFC,Fries,Chinese,3,791.59,Card,13,2024-09-05,85,Inactive,1,2024-10-28,Cancelled,2374.77
C3985,Female,Adult,Lahore,2025-01-02,O7985,2025-02-21,KFC,Pasta,Dessert,5,104.75,Wallet,25,2025-07-10,191,Inactive,4,2025-05-03,Cancelled,523.75
C3093,Male,Teenager,Islamabad,2023-12-03,O7093,2025-02-21,McDonald's,Sandwich,Dessert,2,1323.67,Card,44,2025-04-21,187,Active,1,2025-03-07,Cancelled,2647.34
C2112,Male,Teenager,Islamabad,2024-04-23,O6112,2025-02-21,Subway,Pasta,Fast Food,4,352.9,Wallet,9,2025-06-27,265,Active,2,2025-03-23,Cancelled,1411.6
C4662,Male,Adult,Multan,2024-10-25,O8662,2025-02-21,KFC,Pasta,Dessert,1,169.8,Cash,44,2025-02-17,22,Inactive,5,2025-07-07,Delayed,169.8
C5943,Female,Senior,Peshawar,2024-09-16,O9943,2025-02-21,Burger King,Pasta,Fast Food,4,1445.88,Wallet,41,2025-04-03,355,Active,3,2024-12-15,Delivered,5783.52
C1634,Female,Adult,Lahore,2023-10-03,O5634,2025-02-21,Burger King,Burger,Italian,1,1435.26,Card,37,2025-04-29,497,Inactive,4,2025-04-20,Delayed,1435.26
C4680,Male,Adult,Peshawar,2025-07-07,O8680,2025-02-21,Burger King,Fries,Chinese,4,841.59,Card,27,2025-07-09,142,Inactive,1,2025-05-19,Delivered,3366.36
C3254,Other,Senior,Peshawar,2023-12-21,O7254,2025-02-21,McDonald's,Burger,Fast Food,1,1100.37,Wallet,17,2025-02-14,406,Active,3,2024-12-28,Cancelled,1100.37
C1189,Female,Teenager,Karachi,2024-04-05,O5189,2025-02-22,McDonald's,Fries,Continental,5,374.31,Wallet,41,2024-11-17,68,Active,2,2025-01-25,Cancelled,1871.55
C2551,Other,Teenager,Karachi,2023-11-22,O6551,2025-02-22,Subway,Sandwich,Fast Food,4,1402.11,Cash,37,2025-03-12,87,Inactive,3,2025-04-16,Delayed,5608.44
C6383,Female,Adult,Islamabad,2025-02-21,O10383,2025-02-22,Pizza Hut,Pizza,Dessert,3,504.09,Card,22,2025-04-02,347,Active,1,2024-12-23,Delivered,1512.27
C3782,Other,Adult,Peshawar,2024-12-11,O7782,2025-02-22,KFC,Sandwich,Dessert,3,753.05,Card,34,2025-05-30,416,Inactive,5,2024-09-15,Delivered,2259.15
C6224,Other,Teenager,Peshawar,2024-09-02,O10224,2025-02-22,Burger King,Fries,Dessert,1,302.33,Cash,28,2025-02-10,412,Inactive,5,2025-01-07,Delayed,302.33
C5039,Female,Teenager,Lahore,2024-04-05,O9039,2025-02-22,Pizza Hut,Burger,Chinese,1,655.16,Cash,15,2024-10-15,299,Inactive,3,2024-10-25,Cancelled,655.16
C6368,Other,Adult,Lahore,2024-11-14,O10368,2025-02-22,Pizza Hut,Fries,Fast Food,1,338.95,Card,8,2025-01-13,196,Active,4,2025-03-28,Delayed,338.95
C2193,Other,Senior,Karachi,2023-09-26,O6193,2025-02-22,Pizza Hut,Burger,Italian,4,419.43,Card,48,2025-03-18,142,Inactive,5,2025-01-17,Cancelled,1677.72
C3009,Other,Teenager,Peshawar,2024-11-23,O7009,2025-02-22,Burger King,Sandwich,Italian,5,1374.97,Cash,30,2025-05-04,307,Inactive,5,2024-10-08,Delayed,6874.85
C2633,Male,Adult,Multan,2024-07-23,O6633,2025-02-22,KFC,Sandwich,Italian,1,738.36,Cash,7,2025-05-28,476,Active,1,2025-04-23,Cancelled,738.36
C4909,Male,Senior,Karachi,2023-09-14,O8909,2025-02-23,Burger King,Pizza,Fast Food,5,617.25,Card,22,2025-06-26,70,Inactive,4,2025-05-23,Delayed,3086.25
C6167,Male,Teenager,Peshawar,2024-11-08,O10167,2025-02-23,McDonald's,Burger,Fast Food,5,550.53,Card,15,2024-11-14,297,Active,2,2025-01-15,Cancelled,2752.65
C1675,Female,Adult,Lahore,2024-09-11,O5675,2025-02-23,McDonald's,Burger,Continental,3,780.99,Wallet,29,2025-03-11,364,Active,5,2024-10-06,Cancelled,2342.97
C1652,Female,Teenager,Peshawar,2024-06-30,O5652,2025-02-23,Subway,Sandwich,Continental,1,1455.49,Card,44,2025-01-20,193,Active,5,2025-01-05,Delayed,1455.49
C4962,Male,Teenager,Karachi,2023-09-01,O8962,2025-02-23,McDonald's,Fries,Continental,5,915.38,Card,49,2025-08-13,408,Active,3,2024-09-15,Delivered,4576.9
C6706,Other,Adult,Karachi,2024-04-24,O10706,2025-02-23,Burger King,Burger,Continental,5,479.54,Wallet,8,2024-11-06,252,Inactive,5,2025-04-20,Cancelled,2397.7
C4969,Male,Teenager,Multan,2024-09-26,O8969,2025-02-23,Burger King,Sandwich,Dessert,2,237.2,Wallet,2,2025-03-16,124,Inactive,1,2025-01-09,Cancelled,474.4
C5724,Male,Teenager,Karachi,2024-10-31,O9724,2025-02-24,Pizza Hut,Pasta,Fast Food,5,721.57,Wallet,50,2025-05-02,329,Inactive,4,2025-01-11,Cancelled,3607.85
C1233,Male,Teenager,Peshawar,2023-09-29,O5233,2025-02-24,McDonald's,Fries,Chinese,2,1461.72,Wallet,29,2024-10-25,343,Inactive,5,2025-01-21,Delayed,2923.44
C5579,Other,Senior,Karachi,2023-10-28,O9579,2025-02-24,Subway,Burger,Dessert,3,322.56,Cash,2,2025-02-05,227,Active,4,2024-09-19,Cancelled,967.68
C3609,Female,Senior,Multan,2023-12-12,O7609,2025-02-24,Pizza Hut,Pasta,Dessert,3,1231.12,Card,45,2025-05-14,54,Inactive,4,2025-07-30,Cancelled,3693.36
C4695,Other,Teenager,Lahore,2024-06-20,O8695,2025-02-24,Pizza Hut,Fries,Dessert,5,1052.9,Wallet,49,2025-07-16,495,Active,2,2024-09-13,Delayed,5264.5
C3442,Male,Senior,Multan,2024-02-09,O7442,2025-02-24,Pizza Hut,Sandwich,Italian,5,419.45,Wallet,15,2024-10-16,177,Active,1,2025-06-30,Delivered,2097.25
C6196,Other,Teenager,Peshawar,2023-08-26,O10196,2025-02-25,McDonald's,Fries,Italian,4,137.28,Wallet,25,2025-01-24,28,Active,1,2025-05-11,Delivered,549.12
C2492,Female,Senior,Lahore,2024-08-22,O6492,2025-02-25,Subway,Burger,Chinese,2,929.37,Cash,39,2025-04-13,109,Inactive,4,2024-10-22,Delayed,1858.74
C3388,Male,Adult,Lahore,2024-12-01,O7388,2025-02-25,McDonald's,Pasta,Fast Food,1,632.57,Cash,31,2025-08-16,432,Inactive,5,2025-04-07,Cancelled,632.57
C5035,Female,Teenager,Lahore,2025-01-10,O9035,2025-02-25,Burger King,Fries,Chinese,4,1113.33,Cash,43,2025-06-08,486,Active,2,2024-11-17,Cancelled,4453.32
C1917,Female,Teenager,Karachi,2023-09-18,O5917,2025-02-25,KFC,Sandwich,Fast Food,5,1067.61,Wallet,34,2024-09-19,388,Active,3,2025-06-08,Delivered,5338.05
C1128,Male,Adult,Islamabad,2024-02-13,O5128,2025-02-25,Subway,Fries,Dessert,4,1294.27,Card,7,2025-06-26,494,Inactive,4,2025-05-15,Delivered,5177.08
C4751,Female,Teenager,Peshawar,2023-11-13,O8751,2025-02-25,KFC,Fries,Chinese,4,1379.78,Wallet,30,2025-03-04,354,Inactive,1,2025-04-29,Delayed,5519.12
C2261,Female,Teenager,Lahore,2025-03-09,O6261,2025-02-25,McDonald's,Pizza,Chinese,2,685.53,Cash,26,2025-04-26,411,Inactive,2,2024-09-20,Delivered,1371.06
C3387,Female,Teenager,Lahore,2023-08-25,O7387,2025-02-26,Burger King,Pasta,Dessert,4,1128.3,Card,17,2025-03-24,28,Active,3,2024-12-11,Cancelled,4513.2
C1511,Other,Adult,Lahore,2024-07-28,O5511,2025-02-26,McDonald's,Fries,Italian,4,942.42,Wallet,41,2024-10-25,255,Inactive,3,2025-06-25,Cancelled,3769.68
C5218,Other,Teenager,Islamabad,2024-10-08,O9218,2025-02-26,Burger King,Pasta,Fast Food,2,890.65,Cash,10,2024-11-16,135,Inactive,2,2025-01-25,Cancelled,1781.3
C6158,Female,Senior,Lahore,2024-03-12,O10158,2025-02-26,Burger King,Pizza,Dessert,3,315.37,Cash,35,2024-10-23,183,Active,2,2024-10-17,Delayed,946.11
C4867,Male,Adult,Multan,2024-10-10,O8867,2025-02-26,Pizza Hut,Pasta,Continental,3,547.43,Card,42,2024-12-25,42,Active,5,2025-04-15,Delayed,1642.29
C3545,Female,Adult,Islamabad,2024-03-23,O7545,2025-02-26,Subway,Sandwich,Continental,1,1324.07,Card,6,2024-12-18,228,Active,1,2024-11-05,Cancelled,1324.07
C6562,Other,Teenager,Peshawar,2024-01-10,O10562,2025-02-26,Pizza Hut,Fries,Dessert,5,548.55,Cash,40,2025-01-25,347,Active,1,2025-02-12,Delayed,2742.75
C3483,Female,Senior,Karachi,2024-07-06,O7483,2025-02-26,Subway,Pizza,Italian,5,1488.26,Cash,31,2025-04-05,280,Inactive,2,2024-09-20,Delayed,7441.3
C2389,Male,Teenager,Multan,2025-03-27,O6389,2025-02-26,KFC,Fries,Continental,2,907.36,Cash,50,2025-08-19,79,Inactive,5,2025-06-28,Delayed,1814.72
C4616,Female,Teenager,Peshawar,2024-10-28,O8616,2025-02-26,Burger King,Fries,Fast Food,5,451.81,Cash,26,2025-05-25,107,Inactive,4,2025-03-10,Delayed,2259.05
C5765,Other,Adult,Islamabad,2023-09-09,O9765,2025-02-26,KFC,Fries,Chinese,3,712.73,Wallet,34,2025-02-03,450,Active,2,2025-01-02,Delivered,2138.19
C3845,Male,Adult,Karachi,2024-05-23,O7845,2025-02-26,Subway,Pizza,Chinese,1,1238.6,Wallet,16,2024-12-03,112,Active,2,2024-11-07,Delivered,1238.6
C4898,Male,Senior,Islamabad,2024-04-02,O8898,2025-02-27,McDonald's,Pizza,Fast Food,3,1259.49,Card,42,2025-06-07,15,Active,4,2025-07-09,Cancelled,3778.47
C4411,Male,Senior,Multan,2025-05-18,O8411,2025-02-27,KFC,Burger,Continental,3,396.25,Wallet,41,2025-07-25,457,Inactive,5,2025-07-08,Cancelled,1188.75
C4755,Male,Senior,Peshawar,2023-12-26,O8755,2025-02-27,Subway,Pizza,Fast Food,1,1422.04,Cash,7,2025-06-22,457,Active,3,2024-09-25,Cancelled,1422.04
C3129,Male,Senior,Multan,2023-10-01,O7129,2025-02-27,KFC,Sandwich,Dessert,4,1426.26,Cash,3,2025-07-23,112,Active,3,2025-07-18,Delayed,5705.04
C6643,Other,Senior,Multan,2024-06-12,O10643,2025-02-27,McDonald's,Pizza,Fast Food,4,478.48,Cash,25,2024-12-18,385,Active,4,2025-01-11,Delivered,1913.92
C2548,Male,Adult,Lahore,2025-03-12,O6548,2025-02-28,Subway,Fries,Continental,3,773.89,Wallet,42,2025-08-20,58,Active,5,2025-05-21,Delivered,2321.67
C4979,Male,Teenager,Islamabad,2025-03-21,O8979,2025-02-28,Burger King,Fries,Chinese,2,319.32,Cash,45,2025-08-10,398,Inactive,3,2025-07-12,Cancelled,638.64
C2973,Other,Adult,Multan,2025-06-08,O6973,2025-02-28,Subway,Fries,Continental,5,692.08,Card,42,2025-08-09,61,Inactive,5,2024-11-24,Delivered,3460.4
C1238,Male,Teenager,Peshawar,2025-02-02,O5238,2025-02-28,Pizza Hut,Fries,Dessert,2,730.21,Card,28,2025-06-26,230,Active,5,2025-03-12,Cancelled,1460.42
C5607,Male,Adult,Karachi,2025-06-07,O9607,2025-02-28,Pizza Hut,Burger,Dessert,1,580.67,Card,11,2025-08-15,295,Active,3,2024-12-06,Delivered,580.67
C6280,Male,Senior,Multan,2024-12-10,O10280,2025-02-28,Burger King,Fries,Fast Food,4,1093.38,Wallet,10,2025-05-06,60,Active,4,2024-09-29,Delayed,4373.52
C6025,Female,Adult,Karachi,2025-01-25,O10025,2025-02-28,KFC,Fries,Chinese,2,476.95,Cash,5,2025-06-05,263,Active,1,2024-10-31,Cancelled,953.9
C1997,Male,Senior,Lahore,2024-10-24,O5997,2025-02-28,Subway,Pasta,Continental,1,615.72,Card,10,2025-02-04,196,Inactive,5,2025-04-08,Delayed,615.72
C1935,Male,Adult,Karachi,2024-02-17,O5935,2025-02-28,Burger King,Fries,Dessert,2,674.05,Wallet,6,2024-12-03,500,Active,4,2025-07-08,Delayed,1348.1
C6732,Female,Teenager,Lahore,2025-01-22,O10732,2025-02-28,Burger King,Sandwich,Continental,3,1449.4,Card,15,2025-08-08,213,Inactive,1,2025-04-19,Cancelled,4348.2
C2901,Male,Adult,Islamabad,2024-02-21,O6901,2025-03-01,KFC,Fries,Italian,4,1407.1,Wallet,26,2025-08-17,412,Inactive,3,2025-06-22,Delivered,5628.4
C1316,Other,Adult,Karachi,2025-02-26,O5316,2025-03-01,McDonald's,Fries,Dessert,1,589.22,Cash,29,2025-02-27,299,Inactive,3,2025-06-21,Delayed,589.22
C1354,Male,Teenager,Peshawar,2023-12-09,O5354,2025-03-01,Subway,Pizza,Dessert,5,394.08,Cash,16,2025-03-11,270,Active,1,2024-09-27,Delivered,1970.4
C6296,Male,Teenager,Multan,2024-05-20,O10296,2025-03-01,Burger King,Pasta,Fast Food,2,1073.09,Card,8,2025-07-14,13,Active,2,2024-12-08,Cancelled,2146.18
C4082,Male,Teenager,Multan,2025-05-17,O8082,2025-03-01,Burger King,Pizza,Fast Food,4,1048.96,Wallet,28,2025-06-23,59,Active,3,2025-01-26,Delivered,4195.84
C4176,Female,Teenager,Multan,2024-03-01,O8176,2025-03-01,Subway,Pizza,Italian,5,372.89,Card,14,2024-09-30,186,Inactive,5,2025-04-29,Delayed,1864.45
C5435,Male,Senior,Peshawar,2024-05-25,O9435,2025-03-01,Burger King,Pasta,Italian,4,192.03,Card,41,2025-08-18,267,Active,2,2024-08-22,Delivered,768.12
C1395,Male,Senior,Multan,2024-07-06,O5395,2025-03-01,Burger King,Pizza,Fast Food,4,825.89,Cash,31,2025-06-06,324,Inactive,3,2024-12-26,Delayed,3303.56
C3407,Male,Adult,Peshawar,2025-01-02,O7407,2025-03-02,Pizza Hut,Burger,Dessert,1,479.38,Wallet,37,2025-06-20,56,Active,2,2025-02-12,Delivered,479.38
C1584,Female,Adult,Islamabad,2024-11-28,O5584,2025-03-02,KFC,Fries,Fast Food,1,712.05,Card,16,2025-01-13,469,Active,4,2024-09-25,Cancelled,712.05
C4892,Female,Teenager,Peshawar,2024-05-01,O8892,2025-03-02,KFC,Pasta,Chinese,1,746.62,Card,24,2025-03-30,315,Active,4,2025-04-09,Delayed,746.62
C1688,Other,Adult,Karachi,2024-12-25,O5688,2025-03-02,Subway,Sandwich,Continental,1,1471.17,Cash,28,2025-05-25,142,Inactive,4,2025-08-07,Cancelled,1471.17
C5068,Female,Teenager,Lahore,2025-01-12,O9068,2025-03-02,Burger King,Sandwich,Fast Food,4,1479.64,Wallet,6,2025-05-07,157,Active,3,2025-06-11,Cancelled,5918.56
C1315,Male,Senior,Islamabad,2023-12-25,O5315,2025-03-02,KFC,Burger,Continental,5,724.35,Card,35,2024-09-29,109,Inactive,1,2025-04-28,Delivered,3621.75
C4284,Male,Senior,Islamabad,2024-02-25,O8284,2025-03-02,KFC,Sandwich,Chinese,3,704.07,Card,31,2025-06-09,451,Inactive,5,2024-12-03,Delayed,2112.21
C4177,Female,Teenager,Lahore,2023-12-28,O8177,2025-03-02,McDonald's,Fries,Italian,1,1186.61,Wallet,48,2025-06-21,474,Active,5,2025-08-19,Delivered,1186.61
C6440,Male,Teenager,Multan,2025-03-19,O10440,2025-03-02,Pizza Hut,Pizza,Continental,4,729.32,Card,30,2025-04-29,218,Inactive,1,2025-03-06,Delivered,2917.28
C4632,Female,Adult,Multan,2024-12-18,O8632,2025-03-02,KFC,Pasta,Continental,3,1386.81,Cash,38,2025-07-17,174,Active,4,2024-11-01,Cancelled,4160.43
C1515,Female,Senior,Lahore,2024-11-29,O5515,2025-03-02,KFC,Pasta,Fast Food,4,1343.44,Cash,8,2025-06-15,143,Active,3,2024-10-10,Cancelled,5373.76
C4362,Male,Teenager,Multan,2025-03-23,O8362,2025-03-02,McDonald's,Burger,Italian,1,957.21,Cash,14,2025-08-20,475,Active,1,2024-10-14,Delivered,957.21
C1691,Female,Senior,Multan,2024-12-03,O5691,2025-03-02,Subway,Fries,Fast Food,2,1497.51,Wallet,14,2025-07-19,20,Active,1,2024-09-19,Delayed,2995.02
C3314,Male,Teenager,Multan,2025-01-05,O7314,2025-03-02,Burger King,Pizza,Fast Food,5,832.72,Wallet,47,2025-02-20,474,Inactive,2,2025-08-21,Delivered,4163.6
C4491,Male,Adult,Lahore,2024-03-20,O8491,2025-03-02,Pizza Hut,Sandwich,Dessert,2,1331.16,Card,36,2025-01-23,225,Inactive,5,2025-08-16,Delivered,2662.32
C3865,Female,Teenager,Karachi,2023-10-10,O7865,2025-03-02,Subway,Fries,Continental,3,1358.49,Wallet,18,2025-06-11,94,Active,4,2025-06-22,Delivered,4075.47
C2136,Other,Senior,Karachi,2024-09-03,O6136,2025-03-03,Burger King,Pizza,Fast Food,2,602.53,Card,50,2025-01-05,323,Active,3,2024-10-31,Delivered,1205.06
C2996,Male,Teenager,Lahore,2025-02-10,O6996,2025-03-03,Burger King,Pizza,Italian,5,533.07,Card,41,2025-08-03,283,Inactive,2,2025-06-12,Delayed,2665.35
C5498,Male,Adult,Multan,2024-11-30,O9498,2025-03-03,Burger King,Fries,Italian,1,1188.11,Card,7,2025-03-09,254,Inactive,4,2025-04-24,Delayed,1188.11
C2563,Other,Adult,Lahore,2023-11-26,O6563,2025-03-03,Subway,Fries,Italian,1,1135.66,Wallet,6,2024-11-16,386,Active,5,2024-08-31,Delivered,1135.66
C5055,Male,Teenager,Lahore,2024-05-03,O9055,2025-03-03,Burger King,Pizza,Dessert,3,579.0,Card,23,2024-11-11,426,Inactive,1,2024-12-27,Delivered,1737.0
C4098,Male,Teenager,Multan,2024-07-23,O8098,2025-03-03,Burger King,Pasta,Italian,4,1027.13,Wallet,47,2025-05-23,360,Inactive,2,2025-05-02,Cancelled,4108.52
C3065,Male,Senior,Peshawar,2024-04-27,O7065,2025-03-03,KFC,Pasta,Chinese,5,644.65,Card,49,2025-01-29,217,Inactive,1,2025-06-20,Delivered,3223.25
C6089,Other,Teenager,Islamabad,2024-05-03,O10089,2025-03-03,KFC,Pizza,Chinese,5,1376.73,Wallet,12,2025-06-15,377,Active,2,2025-03-25,Delivered,6883.65
C4065,Other,Adult,Islamabad,2024-04-22,O8065,2025-03-03,Pizza Hut,Pizza,Continental,5,900.25,Wallet,23,2025-01-08,71,Active,3,2024-10-15,Cancelled,4501.25
C1755,Other,Adult,Lahore,2025-01-08,O5755,2025-03-03,KFC,Pasta,Chinese,5,235.01,Cash,25,2025-06-02,104,Inactive,2,2025-08-08,Cancelled,1175.05
C4513,Female,Senior,Lahore,2024-09-04,O8513,2025-03-03,Burger King,Sandwich,Dessert,5,163.47,Wallet,16,2024-10-23,293,Active,2,2024-10-02,Delayed,817.35
C2984,Male,Senior,Lahore,2023-11-01,O6984,2025-03-03,KFC,Pizza,Dessert,2,1096.06,Card,36,2025-05-04,80,Inactive,5,2024-12-05,Delivered,2192.12
C3764,Other,Senior,Multan,2024-05-15,O7764,2025-03-03,Pizza Hut,Pasta,Fast Food,5,894.0,Cash,2,2025-02-20,313,Inactive,4,2024-09-19,Delivered,4470.0
C1146,Female,Adult,Lahore,2024-11-03,O5146,2025-03-04,McDonald's,Burger,Chinese,2,839.14,Card,19,2024-11-19,218,Inactive,4,2025-06-30,Delivered,1678.28
C2469,Male,Teenager,Karachi,2024-09-28,O6469,2025-03-04,McDonald's,Pizza,Fast Food,1,1202.49,Wallet,38,2024-10-31,213,Active,3,2024-12-14,Cancelled,1202.49
C3175,Other,Adult,Multan,2023-12-29,O7175,2025-03-04,McDonald's,Sandwich,Chinese,4,1094.31,Wallet,33,2024-12-07,336,Inactive,2,2025-07-17,Delivered,4377.24
C6265,Male,Teenager,Karachi,2024-11-06,O10265,2025-03-04,Burger King,Pasta,Italian,4,135.94,Wallet,38,2025-04-14,311,Active,3,2025-01-24,Delivered,543.76
C5842,Female,Adult,Peshawar,2024-12-04,O9842,2025-03-04,McDonald's,Fries,Dessert,1,1099.88,Wallet,8,2025-08-16,470,Inactive,2,2025-04-26,Delivered,1099.88
C6776,Male,Adult,Multan,2025-05-08,O10776,2025-03-04,Pizza Hut,Sandwich,Dessert,2,125.44,Cash,31,2025-08-09,477,Inactive,1,2025-01-08,Cancelled,250.88
C3858,Female,Adult,Islamabad,2023-11-01,O7858,2025-03-04,Burger King,Pizza,Dessert,1,1099.18,Card,50,2024-09-13,375,Active,2,2024-09-14,Delayed,1099.18
C4462,Female,Teenager,Peshawar,2024-11-07,O8462,2025-03-05,Burger King,Sandwich,Chinese,3,672.58,Wallet,43,2025-03-26,366,Active,4,2025-01-25,Delivered,2017.74
C1244,Male,Adult,Peshawar,2024-02-14,O5244,2025-03-05,Subway,Fries,Continental,3,504.05,Card,10,2025-08-03,140,Inactive,4,2025-02-02,Cancelled,1512.15
C1394,Male,Adult,Lahore,2024-07-08,O5394,2025-03-05,McDonald's,Pasta,Continental,4,964.63,Wallet,21,2024-09-15,222,Active,1,2025-04-24,Delayed,3858.52
C2030,Male,Teenager,Islamabad,2023-09-20,O6030,2025-03-05,McDonald's,Burger,Italian,3,1264.47,Card,19,2025-04-20,497,Inactive,1,2024-12-24,Delivered,3793.41
C6657,Female,Senior,Karachi,2024-01-05,O10657,2025-03-05,KFC,Fries,Chinese,5,983.12,Wallet,22,2025-06-04,472,Active,3,2024-09-27,Delivered,4915.6
C4319,Other,Senior,Islamabad,2025-01-03,O8319,2025-03-05,Subway,Sandwich,Italian,4,1418.42,Cash,6,2025-04-06,78,Active,3,2024-08-31,Cancelled,5673.68
C2645,Female,Senior,Peshawar,2024-10-17,O6645,2025-03-06,KFC,Sandwich,Continental,2,1214.65,Wallet,6,2025-01-08,88,Active,5,2025-02-20,Delayed,2429.3
C1104,Other,Teenager,Peshawar,2025-03-07,O5104,2025-03-06,Pizza Hut,Pizza,Fast Food,5,1279.69,Cash,50,2025-08-15,274,Active,1,2024-09-13,Delayed,6398.45
C6958,Other,Teenager,Multan,2023-09-27,O10958,2025-03-06,Subway,Fries,Italian,5,1157.29,Wallet,43,2025-08-19,402,Active,4,2024-10-24,Delayed,5786.45
C5060,Other,Adult,Islamabad,2024-08-29,O9060,2025-03-06,McDonald's,Burger,Dessert,4,536.43,Cash,45,2024-11-05,136,Active,4,2024-09-15,Cancelled,2145.72
C2868,Male,Senior,Multan,2024-10-25,O6868,2025-03-06,Pizza Hut,Pasta,Dessert,5,674.64,Wallet,14,2025-07-06,469,Inactive,3,2024-09-21,Cancelled,3373.2
C5610,Male,Teenager,Karachi,2024-11-02,O9610,2025-03-06,Burger King,Pizza,Italian,1,1398.51,Card,6,2025-05-09,252,Active,3,2024-12-18,Cancelled,1398.51
C1975,Other,Teenager,Multan,2025-01-05,O5975,2025-03-07,KFC,Pizza,Chinese,1,695.68,Wallet,2,2025-02-08,71,Inactive,3,2025-01-22,Delayed,695.68
C1518,Female,Teenager,Islamabad,2023-11-06,O5518,2025-03-07,McDonald's,Fries,Chinese,2,1467.64,Wallet,49,2024-12-30,431,Inactive,5,2024-12-24,Cancelled,2935.28
C2327,Male,Adult,Peshawar,2023-08-28,O6327,2025-03-07,Subway,Sandwich,Continental,2,1451.1,Card,28,2024-11-23,98,Inactive,3,2024-12-09,Delayed,2902.2
C6361,Female,Teenager,Islamabad,2024-11-02,O10361,2025-03-07,McDonald's,Pizza,Italian,1,790.44,Cash,15,2025-02-08,206,Active,3,2024-12-12,Delayed,790.44
C2856,Other,Adult,Lahore,2024-01-27,O6856,2025-03-07,Pizza Hut,Sandwich,Fast Food,4,983.46,Wallet,12,2025-04-02,160,Inactive,2,2024-11-28,Cancelled,3933.84
C5244,Female,Teenager,Lahore,2024-12-03,O9244,2025-03-07,KFC,Sandwich,Chinese,3,1052.38,Wallet,5,2025-01-07,421,Active,4,2025-02-13,Cancelled,3157.14
C5887,Female,Teenager,Peshawar,2023-10-15,O9887,2025-03-07,Pizza Hut,Sandwich,Fast Food,1,244.68,Wallet,15,2025-02-26,468,Active,5,2025-03-03,Delayed,244.68
C2667,Male,Senior,Islamabad,2023-09-21,O6667,2025-03-07,McDonald's,Fries,Fast Food,1,540.32,Cash,30,2024-09-25,235,Inactive,4,2024-10-17,Delivered,540.32
C5277,Male,Adult,Islamabad,2024-02-02,O9277,2025-03-07,Burger King,Pizza,Fast Food,4,779.36,Cash,5,2025-06-11,298,Active,4,2024-10-04,Delayed,3117.44
C6302,Other,Adult,Multan,2024-01-29,O10302,2025-03-07,Subway,Burger,Dessert,1,1005.45,Cash,13,2025-08-09,58,Active,1,2025-05-26,Delivered,1005.45
C4355,Male,Teenager,Peshawar,2023-09-30,O8355,2025-03-07,KFC,Pizza,Fast Food,3,1480.61,Wallet,34,2025-02-16,107,Active,5,2024-11-06,Cancelled,4441.83
C3068,Female,Adult,Islamabad,2025-03-10,O7068,2025-03-07,Subway,Pizza,Fast Food,4,578.66,Cash,1,2025-06-01,256,Inactive,2,2025-01-16,Delivered,2314.64
C5536,Female,Adult,Peshawar,2024-03-28,O9536,2025-03-08,McDonald's,Sandwich,Fast Food,1,588.3,Cash,6,2025-05-20,66,Inactive,3,2025-05-12,Cancelled,588.3
C5180,Female,Senior,Multan,2023-08-24,O9180,2025-03-08,Burger King,Sandwich,Chinese,1,790.13,Card,45,2025-02-07,192,Active,3,2024-09-02,Cancelled,790.13
C1294,Male,Adult,Multan,2024-09-05,O5294,2025-03-08,McDonald's,Pasta,Chinese,4,814.18,Cash,15,2025-07-20,366,Inactive,2,2025-03-24,Cancelled,3256.72
C6856,Other,Teenager,Lahore,2025-01-09,O10856,2025-03-08,KFC,Burger,Chinese,5,308.7,Card,48,2025-01-15,425,Active,3,2025-06-23,Delivered,1543.5
C4171,Other,Adult,Multan,2024-10-07,O8171,2025-03-08,Pizza Hut,Burger,Continental,2,1142.63,Cash,43,2024-11-05,356,Inactive,5,2025-05-03,Delayed,2285.26
C6092,Female,Teenager,Multan,2023-09-26,O10092,2025-03-08,Subway,Pizza,Dessert,1,630.91,Cash,39,2024-09-24,329,Active,4,2025-03-17,Delivered,630.91
C4386,Male,Senior,Islamabad,2024-07-05,O8386,2025-03-08,KFC,Sandwich,Continental,2,123.69,Card,1,2024-11-11,151,Inactive,4,2024-10-08,Delivered,247.38
C6060,Female,Senior,Multan,2023-12-28,O10060,2025-03-09,Burger King,Burger,Fast Food,3,1009.7,Card,47,2025-04-29,87,Active,2,2025-01-10,Delivered,3029.1
C3996,Other,Senior,Lahore,2024-10-26,O7996,2025-03-09,Pizza Hut,Sandwich,Italian,5,1112.22,Card,31,2024-12-15,259,Inactive,5,2025-06-06,Delayed,5561.1
C5476,Male,Teenager,Karachi,2024-09-26,O9476,2025-03-09,Pizza Hut,Burger,Chinese,4,1410.3,Wallet,16,2025-01-22,359,Active,2,2025-06-20,Delayed,5641.2
C4556,Female,Adult,Multan,2023-12-17,O8556,2025-03-09,McDonald's,Sandwich,Fast Food,5,1473.62,Wallet,49,2025-04-03,171,Active,2,2024-11-27,Delivered,7368.1
C3163,Female,Adult,Islamabad,2023-10-27,O7163,2025-03-09,McDonald's,Burger,Italian,1,1424.95,Card,46,2024-09-17,479,Inactive,5,2025-03-23,Delivered,1424.95
C2803,Male,Adult,Lahore,2025-02-05,O6803,2025-03-09,Subway,Pasta,Dessert,1,327.31,Wallet,1,2025-05-30,216,Active,2,2025-07-25,Delayed,327.31
C5398,Male,Teenager,Lahore,2024-10-18,O9398,2025-03-09,Burger King,Sandwich,Italian,1,1422.78,Card,50,2024-12-09,153,Active,2,2025-07-25,Cancelled,1422.78
C5048,Other,Teenager,Multan,2024-12-06,O9048,2025-03-10,KFC,Pasta,Fast Food,4,1129.86,Wallet,24,2025-06-21,86,Active,3,2025-05-23,Delayed,4519.44
C3669,Female,Teenager,Lahore,2024-05-21,O7669,2025-03-10,McDonald's,Pasta,Continental,1,1413.8,Cash,7,2024-10-22,273,Inactive,4,2024-09-15,Delayed,1413.8
C1088,Male,Adult,Multan,2024-03-23,O5088,2025-03-10,KFC,Sandwich,Fast Food,3,1149.92,Cash,48,2025-01-09,344,Inactive,5,2025-03-07,Delayed,3449.76
C2542,Female,Adult,Peshawar,2023-12-06,O6542,2025-03-10,Subway,Sandwich,Italian,3,276.1,Wallet,6,2025-01-23,213,Inactive,1,2024-11-21,Delivered,828.3
C3768,Male,Adult,Multan,2023-09-11,O7768,2025-03-10,Subway,Sandwich,Chinese,2,1456.57,Cash,9,2025-05-31,485,Inactive,3,2024-10-19,Delayed,2913.14
C3083,Other,Adult,Islamabad,2025-03-23,O7083,2025-03-10,Burger King,Burger,Continental,2,228.36,Cash,29,2025-06-21,91,Inactive,1,2025-05-14,Cancelled,456.72
C6403,Other,Teenager,Multan,2023-12-21,O10403,2025-03-10,Subway,Burger,Continental,2,1031.62,Wallet,30,2025-03-31,420,Inactive,1,2025-02-17,Delivered,2063.24
C3630,Male,Teenager,Peshawar,2024-07-09,O7630,2025-03-11,Subway,Pizza,Chinese,3,1197.8,Wallet,10,2024-12-12,393,Active,3,2025-04-22,Delivered,3593.4
C1505,Female,Teenager,Peshawar,2023-11-05,O5505,2025-03-11,Pizza Hut,Burger,Italian,1,1404.81,Wallet,32,2024-11-03,129,Inactive,5,2025-02-05,Delivered,1404.81
C5167,Male,Adult,Karachi,2025-05-28,O9167,2025-03-11,Pizza Hut,Fries,Dessert,3,151.56,Cash,21,2025-07-22,22,Inactive,4,2024-12-14,Delivered,454.68
C5763,Male,Senior,Lahore,2024-09-18,O9763,2025-03-11,Burger King,Pasta,Chinese,3,386.54,Wallet,11,2025-04-06,188,Inactive,1,2025-03-02,Delivered,1159.62
C1837,Male,Teenager,Islamabad,2024-11-25,O5837,2025-03-11,KFC,Pasta,Chinese,3,340.68,Wallet,14,2025-07-14,48,Active,3,2025-05-24,Cancelled,1022.04
C2926,Other,Senior,Islamabad,2024-04-06,O6926,2025-03-12,Pizza Hut,Burger,Dessert,5,1271.36,Wallet,38,2024-10-17,18,Active,1,2024-11-23,Cancelled,6356.8
C1547,Other,Adult,Karachi,2025-06-03,O5547,2025-03-12,KFC,Burger,Chinese,5,816.52,Card,27,2025-08-15,232,Inactive,3,2025-01-17,Delivered,4082.6
C1218,Female,Teenager,Islamabad,2024-04-14,O5218,2025-03-12,Pizza Hut,Pasta,Italian,2,645.98,Wallet,12,2025-07-25,364,Inactive,4,2025-07-23,Delivered,1291.96
C3437,Male,Senior,Karachi,2025-05-31,O7437,2025-03-12,Pizza Hut,Pizza,Dessert,3,429.05,Wallet,35,2025-08-05,363,Inactive,2,2025-05-13,Cancelled,1287.15
C3799,Other,Teenager,Multan,2024-02-02,O7799,2025-03-12,Burger King,Sandwich,Dessert,4,722.92,Card,8,2024-11-15,209,Inactive,4,2025-04-15,Cancelled,2891.68
C3810,Other,Adult,Peshawar,2024-03-04,O7810,2025-03-12,KFC,Fries,Italian,4,971.76,Wallet,45,2024-09-08,415,Inactive,5,2024-11-17,Delayed,3887.04
C5650,Female,Senior,Peshawar,2025-01-26,O9650,2025-03-12,McDonald's,Fries,Fast Food,1,1349.76,Wallet,46,2025-06-27,61,Inactive,2,2025-03-19,Delivered,1349.76
C4249,Other,Teenager,Multan,2024-06-02,O8249,2025-03-12,McDonald's,Pizza,Continental,4,901.11,Wallet,47,2025-03-14,56,Active,1,2025-04-19,Cancelled,3604.44
C1142,Male,Senior,Islamabad,2024-03-10,O5142,2025-03-12,McDonald's,Sandwich,Continental,2,878.68,Card,30,2025-01-03,166,Active,3,2025-06-07,Delayed,1757.36
C5207,Female,Senior,Multan,2024-10-31,O9207,2025-03-12,Subway,Pasta,Italian,1,1269.62,Wallet,49,2025-08-10,296,Inactive,3,2025-02-25,Delayed,1269.62
C5525,Other,Senior,Peshawar,2024-11-01,O9525,2025-03-13,Subway,Fries,Dessert,2,398.42,Card,48,2024-11-04,93,Inactive,1,2024-08-25,Cancelled,796.84
C5343,Female,Senior,Islamabad,2024-01-05,O9343,2025-03-13,Pizza Hut,Sandwich,Chinese,1,317.27,Card,19,2024-09-28,62,Inactive,5,2024-12-03,Delivered,317.27
C4164,Male,Senior,Karachi,2025-03-27,O8164,2025-03-13,Pizza Hut,Fries,Italian,1,235.19,Cash,25,2025-07-26,435,Active,2,2024-09-27,Delivered,235.19
C4532,Male,Adult,Peshawar,2025-05-25,O8532,2025-03-13,Subway,Pasta,Dessert,5,302.97,Wallet,11,2025-06-22,365,Inactive,5,2025-06-03,Delayed,1514.85
C6858,Female,Adult,Lahore,2024-07-17,O10858,2025-03-13,Pizza Hut,Pasta,Chinese,3,328.03,Cash,35,2024-08-24,183,Active,1,2025-05-23,Delivered,984.09
C1167,Male,Adult,Peshawar,2023-10-16,O5167,2025-03-14,KFC,Sandwich,Continental,4,1259.51,Card,17,2025-07-03,158,Inactive,5,2024-09-12,Delayed,5038.04
C1757,Male,Adult,Peshawar,2025-05-04,O5757,2025-03-14,Subway,Pizza,Fast Food,4,206.36,Wallet,22,2025-07-03,99,Active,3,2025-05-22,Cancelled,825.44
C2043,Other,Adult,Multan,2024-06-25,O6043,2025-03-14,KFC,Burger,Italian,1,117.65,Wallet,6,2025-04-17,495,Active,5,2025-08-20,Cancelled,117.65
C5289,Female,Senior,Lahore,2023-09-16,O9289,2025-03-14,Pizza Hut,Burger,Continental,5,1280.58,Wallet,27,2024-08-31,500,Active,2,2025-07-17,Delayed,6402.9
C2482,Female,Teenager,Multan,2024-05-24,O6482,2025-03-15,Pizza Hut,Fries,Continental,2,498.28,Wallet,49,2025-04-30,203,Inactive,3,2025-05-04,Delivered,996.56
C4843,Female,Teenager,Multan,2024-10-14,O8843,2025-03-15,Pizza Hut,Pizza,Fast Food,3,675.66,Card,25,2024-10-18,431,Inactive,4,2025-05-26,Delayed,2026.98
C2972,Female,Senior,Lahore,2025-01-30,O6972,2025-03-15,Pizza Hut,Sandwich,Fast Food,1,1035.02,Card,50,2025-04-02,144,Inactive,3,2025-03-19,Delivered,1035.02
C1672,Other,Teenager,Peshawar,2025-04-19,O5672,2025-03-15,McDonald's,Fries,Dessert,3,214.37,Wallet,19,2025-06-16,196,Active,2,2025-02-09,Delayed,643.11
C6846,Male,Adult,Peshawar,2024-11-10,O10846,2025-03-15,KFC,Fries,Chinese,1,1384.43,Cash,3,2025-05-16,494,Active,1,2025-06-18,Delayed,1384.43
C6029,Male,Senior,Islamabad,2024-11-19,O10029,2025-03-15,KFC,Fries,Dessert,3,1192.18,Card,12,2025-01-23,438,Active,5,2025-06-27,Delivered,3576.54
C1492,Other,Teenager,Islamabad,2024-12-09,O5492,2025-03-15,Burger King,Sandwich,Italian,2,111.82,Card,27,2025-02-13,437,Inactive,4,2025-03-15,Delivered,223.64
C2481,Other,Teenager,Multan,2024-09-30,O6481,2025-03-15,KFC,Fries,Italian,5,1114.13,Wallet,23,2024-12-09,439,Active,4,2025-01-10,Cancelled,5570.65
C5393,Other,Adult,Lahore,2025-01-26,O9393,2025-03-15,McDonald's,Pasta,Dessert,4,499.78,Wallet,17,2025-04-01,217,Inactive,3,2025-02-26,Delayed,1999.12
C1077,Other,Adult,Karachi,2024-07-29,O5077,2025-03-16,Pizza Hut,Sandwich,Chinese,2,968.58,Card,25,2025-05-16,62,Inactive,4,2025-04-19,Cancelled,1937.16
C5243,Female,Teenager,Lahore,2024-10-22,O9243,2025-03-16,KFC,Pasta,Dessert,2,232.94,Wallet,32,2025-08-04,99,Inactive,5,2025-04-13,Cancelled,465.88
C4163,Other,Senior,Lahore,2024-11-12,O8163,2025-03-16,Burger King,Burger,Italian,4,490.85,Card,1,2025-06-24,461,Active,3,2025-07-29,Delivered,1963.4
C2768,Other,Adult,Multan,2024-04-14,O6768,2025-03-16,KFC,Pizza,Chinese,1,1246.76,Card,44,2025-01-27,217,Inactive,5,2024-09-10,Cancelled,1246.76
C6290,Female,Adult,Islamabad,2023-11-24,O10290,2025-03-16,Pizza Hut,Pizza,Dessert,3,297.19,Cash,18,2024-10-30,19,Inactive,5,2025-03-16,Delayed,891.57
C3601,Female,Senior,Lahore,2023-08-27,O7601,2025-03-16,KFC,Pasta,Italian,3,1269.04,Cash,9,2025-01-22,6,Inactive,1,2025-02-24,Delivered,3807.12
C3465,Female,Teenager,Karachi,2024-09-28,O7465,2025-03-16,KFC,Sandwich,Fast Food,4,755.58,Wallet,32,2025-08-01,83,Inactive,1,2024-09-25,Delivered,3022.32
C2299,Female,Teenager,Islamabad,2024-08-01,O6299,2025-03-16,Subway,Pasta,Fast Food,5,576.82,Wallet,8,2025-05-23,202,Active,2,2025-07-07,Cancelled,2884.1
C3709,Female,Senior,Lahore,2024-09-20,O7709,2025-03-16,Pizza Hut,Pasta,Chinese,5,1000.83,Wallet,25,2024-11-18,188,Active,5,2025-07-29,Delayed,5004.15
C6258,Other,Adult,Lahore,2024-01-25,O10258,2025-03-16,McDonald's,Pizza,Dessert,2,479.19,Wallet,5,2025-06-16,222,Inactive,1,2024-10-21,Delayed,958.38
C6364,Female,Teenager,Lahore,2024-04-19,O10364,2025-03-17,Burger King,Fries,Fast Food,3,884.85,Wallet,44,2025-06-12,175,Inactive,1,2025-06-06,Delivered,2654.55
C4019,Male,Senior,Karachi,2024-06-17,O8019,2025-03-17,Subway,Pasta,Fast Food,4,452.06,Cash,33,2025-03-15,382,Active,1,2025-06-21,Delayed,1808.24
C6018,Female,Adult,Lahore,2024-06-20,O10018,2025-03-17,Pizza Hut,Pizza,Italian,5,1192.66,Wallet,14,2025-01-18,151,Inactive,3,2024-11-30,Delivered,5963.3
C5036,Other,Adult,Peshawar,2024-10-30,O9036,2025-03-17,Burger King,Sandwich,Chinese,2,1494.41,Wallet,16,2025-01-19,232,Active,3,2025-07-28,Delivered,2988.82
C1592,Female,Senior,Peshawar,2024-03-08,O5592,2025-03-17,Burger King,Burger,Fast Food,5,1107.81,Cash,20,2025-08-13,383,Inactive,2,2025-03-27,Cancelled,5539.05
C6210,Female,Teenager,Lahore,2024-05-02,O10210,2025-03-17,Pizza Hut,Pizza,Dessert,2,1257.17,Card,37,2025-03-12,275,Inactive,2,2024-12-09,Delivered,2514.34
C6186,Male,Adult,Peshawar,2024-05-04,O10186,2025-03-17,McDonald's,Sandwich,Fast Food,5,1312.36,Cash,5,2025-05-23,91,Active,3,2024-12-28,Delivered,6561.8
C2532,Other,Teenager,Peshawar,2024-06-01,O6532,2025-03-17,KFC,Pasta,Chinese,3,484.18,Wallet,4,2025-01-03,67,Inactive,5,2024-10-11,Cancelled,1452.54
C1169,Other,Adult,Islamabad,2023-11-09,O5169,2025-03-17,Pizza Hut,Pasta,Fast Food,1,608.81,Card,31,2025-02-03,6,Inactive,3,2024-09-16,Delayed,608.81
C2964,Male,Teenager,Lahore,2024-08-11,O6964,2025-03-17,Pizza Hut,Fries,Continental,5,1198.59,Cash,37,2025-03-22,265,Inactive,1,2025-02-03,Delivered,5992.95
C3862,Other,Teenager,Multan,2024-07-05,O7862,2025-03-17,Pizza Hut,Pizza,Continental,2,427.81,Wallet,28,2025-01-17,198,Active,1,2025-03-08,Cancelled,855.62
C1317,Female,Adult,Multan,2025-01-18,O5317,2025-03-17,Burger King,Fries,Continental,5,302.09,Cash,48,2025-06-10,25,Active,1,2025-02-03,Delayed,1510.45
C1411,Male,Adult,Lahore,2024-02-11,O5411,2025-03-17,Pizza Hut,Pasta,Dessert,5,588.18,Wallet,28,2024-12-02,39,Inactive,4,2024-11-17,Delayed,2940.9
C3260,Female,Senior,Multan,2025-03-13,O7260,2025-03-17,McDonald's,Fries,Dessert,5,236.52,Cash,3,2025-03-27,446,Active,3,2024-09-06,Delayed,1182.6
C6530,Female,Adult,Lahore,2024-12-04,O10530,2025-03-18,KFC,Fries,Italian,3,990.73,Cash,15,2025-07-14,418,Active,2,2024-10-02,Delayed,2972.19
C2587,Male,Senior,Multan,2023-10-19,O6587,2025-03-18,Subway,Pizza,Chinese,3,464.66,Wallet,35,2024-12-27,369,Inactive,4,2024-11-17,Delivered,1393.98
C1510,Female,Teenager,Karachi,2024-09-09,O5510,2025-03-18,McDonald's,Sandwich,Dessert,5,664.38,Cash,35,2025-03-17,296,Inactive,5,2024-10-10,Delivered,3321.9
C1544,Other,Adult,Karachi,2024-08-06,O5544,2025-03-18,McDonald's,Burger,Dessert,3,430.92,Card,16,2025-03-16,8,Active,4,2025-06-19,Delivered,1292.76
C6728,Other,Adult,Karachi,2024-09-19,O10728,2025-03-18,Burger King,Fries,Continental,1,1008.83,Card,12,2024-09-23,395,Inactive,1,2024-08-26,Delayed,1008.83
C6577,Male,Teenager,Lahore,2025-05-29,O10577,2025-03-18,Subway,Pasta,Dessert,4,169.48,Wallet,47,2025-08-21,329,Active,4,2024-12-13,Delivered,677.92
C1849,Female,Adult,Peshawar,2024-12-07,O5849,2025-03-18,KFC,Sandwich,Chinese,2,973.95,Card,13,2025-08-09,141,Inactive,5,2024-12-07,Cancelled,1947.9
C6127,Male,Teenager,Multan,2025-03-23,O10127,2025-03-18,KFC,Fries,Fast Food,3,346.28,Card,30,2025-08-12,270,Inactive,2,2025-08-13,Cancelled,1038.84
C3991,Female,Senior,Lahore,2025-02-23,O7991,2025-03-19,KFC,Pizza,Continental,2,520.96,Card,19,2025-07-14,165,Active,1,2024-10-23,Delivered,1041.92
C6636,Male,Adult,Peshawar,2025-03-19,O10636,2025-03-19,Pizza Hut,Pizza,Dessert,2,114.58,Cash,27,2025-05-14,332,Inactive,4,2025-01-25,Delivered,229.16
C1247,Female,Senior,Multan,2024-10-09,O5247,2025-03-19,Pizza Hut,Pizza,Chinese,5,875.66,Cash,17,2024-10-25,185,Active,4,2025-05-03,Cancelled,4378.3
C3724,Male,Adult,Karachi,2025-03-11,O7724,2025-03-19,Burger King,Fries,Fast Food,3,839.98,Cash,37,2025-05-31,176,Inactive,4,2024-11-14,Delivered,2519.94
C2329,Other,Teenager,Islamabad,2024-01-17,O6329,2025-03-19,Burger King,Burger,Fast Food,2,267.28,Card,24,2025-08-10,341,Active,5,2025-06-20,Cancelled,534.56
C1553,Female,Teenager,Karachi,2023-10-11,O5553,2025-03-19,McDonald's,Fries,Fast Food,1,456.61,Wallet,29,2025-01-18,1,Active,3,2024-11-04,Delivered,456.61
C6346,Female,Teenager,Karachi,2023-11-14,O10346,2025-03-19,Subway,Fries,Continental,3,183.07,Card,43,2025-07-04,456,Inactive,3,2025-02-05,Delivered,549.21
C6490,Female,Senior,Peshawar,2024-10-13,O10490,2025-03-19,Subway,Fries,Dessert,4,1001.61,Card,10,2024-11-13,469,Inactive,1,2025-06-11,Cancelled,4006.44
C5448,Male,Adult,Peshawar,2025-05-16,O9448,2025-03-19,Subway,Burger,Italian,4,600.11,Card,1,2025-07-27,73,Inactive,3,2025-02-12,Delayed,2400.44
C3635,Male,Senior,Peshawar,2024-09-25,O7635,2025-03-19,Burger King,Burger,Continental,3,1277.07,Card,33,2025-04-15,372,Inactive,5,2024-09-13,Delayed,3831.21
C3594,Female,Teenager,Karachi,2024-12-31,O7594,2025-03-19,Burger King,Burger,Dessert,4,1045.95,Wallet,14,2025-06-30,303,Active,1,2025-02-11,Delivered,4183.8
C6353,Male,Adult,Multan,2024-08-20,O10353,2025-03-20,Burger King,Burger,Continental,2,1417.91,Card,13,2025-06-20,366,Inactive,1,2024-10-12,Cancelled,2835.82
C3603,Male,Adult,Karachi,2024-09-10,O7603,2025-03-20,Pizza Hut,Pasta,Chinese,3,742.94,Wallet,49,2025-03-18,465,Active,2,2024-12-01,Delayed,2228.82
C1887,Other,Teenager,Multan,2024-04-21,O5887,2025-03-20,McDonald's,Fries,Italian,2,116.69,Cash,40,2025-05-17,291,Active,5,2025-06-14,Delayed,233.38
C2623,Other,Adult,Islamabad,2025-05-20,O6623,2025-03-20,Pizza Hut,Sandwich,Dessert,1,732.38,Card,32,2025-08-16,225,Inactive,1,2025-05-16,Delivered,732.38
C4348,Other,Senior,Karachi,2024-05-28,O8348,2025-03-20,KFC,Sandwich,Dessert,3,1412.16,Cash,37,2024-10-30,230,Active,3,2024-12-11,Delayed,4236.48
C2890,Other,Adult,Peshawar,2024-05-11,O6890,2025-03-20,Burger King,Pasta,Continental,3,541.57,Cash,17,2024-12-03,411,Inactive,5,2024-09-12,Cancelled,1624.71
C3571,Male,Adult,Multan,2024-12-08,O7571,2025-03-20,Pizza Hut,Pasta,Italian,5,295.81,Cash,45,2025-02-18,437,Inactive,1,2025-05-14,Cancelled,1479.05
C1466,Other,Adult,Multan,2024-08-23,O5466,2025-03-20,Pizza Hut,Burger,Chinese,2,866.01,Wallet,27,2025-04-09,192,Inactive,4,2025-03-22,Delayed,1732.02
C5504,Other,Teenager,Multan,2024-06-12,O9504,2025-03-20,KFC,Fries,Italian,5,1133.47,Cash,30,2025-01-13,256,Active,1,2025-08-21,Delayed,5667.35
C4182,Other,Senior,Islamabad,2023-12-16,O8182,2025-03-21,McDonald's,Pasta,Italian,2,1408.3,Wallet,17,2025-05-25,53,Active,2,2025-01-07,Delivered,2816.6
C3188,Other,Teenager,Islamabad,2023-11-12,O7188,2025-03-21,Pizza Hut,Burger,Continental,5,397.59,Cash,39,2024-09-28,439,Active,5,2025-02-27,Delivered,1987.95
C6711,Male,Teenager,Multan,2024-10-29,O10711,2025-03-21,Subway,Pizza,Chinese,3,607.24,Card,17,2025-03-12,303,Inactive,4,2024-08-29,Delayed,1821.72
C3185,Male,Teenager,Multan,2024-06-22,O7185,2025-03-21,Burger King,Pizza,Fast Food,3,1464.99,Cash,31,2025-05-21,447,Active,5,2025-07-07,Delayed,4394.97
C6026,Female,Adult,Peshawar,2025-04-21,O10026,2025-03-21,Subway,Fries,Chinese,4,181.76,Cash,1,2025-07-31,431,Inactive,4,2024-11-19,Cancelled,727.04
C6607,Other,Senior,Multan,2024-10-04,O10607,2025-03-21,KFC,Sandwich,Continental,5,599.68,Wallet,42,2025-04-07,368,Active,3,2025-05-08,Cancelled,2998.4
C3490,Other,Teenager,Islamabad,2024-09-29,O7490,2025-03-21,KFC,Fries,Chinese,1,1483.25,Cash,37,2025-06-02,154,Active,3,2024-10-29,Cancelled,1483.25
C2813,Male,Senior,Peshawar,2025-04-26,O6813,2025-03-21,Pizza Hut,Pasta,Fast Food,2,161.58,Card,10,2025-06-30,80,Inactive,3,2024-12-01,Cancelled,323.16
C1890,Female,Senior,Islamabad,2024-09-30,O5890,2025-03-21,McDonald's,Pizza,Chinese,1,426.21,Cash,50,2025-06-28,232,Active,4,2025-07-02,Cancelled,426.21
C2224,Male,Adult,Karachi,2024-12-30,O6224,2025-03-21,McDonald's,Pasta,Italian,1,1433.54,Wallet,2,2025-01-02,481,Active,5,2025-08-12,Delayed,1433.54
C1989,Female,Senior,Karachi,2024-09-03,O5989,2025-03-21,Pizza Hut,Sandwich,Fast Food,4,1162.43,Card,44,2025-03-14,250,Active,2,2025-06-02,Delayed,4649.72
C2769,Male,Teenager,Multan,2025-03-20,O6769,2025-03-21,Subway,Sandwich,Dessert,5,782.84,Cash,37,2025-06-09,237,Inactive,3,2025-05-29,Delivered,3914.2
C3365,Male,Senior,Multan,2025-01-08,O7365,2025-03-21,Pizza Hut,Burger,Italian,4,976.23,Cash,38,2025-06-25,37,Inactive,1,2024-12-20,Delivered,3904.92
C2460,Male,Teenager,Islamabad,2024-07-16,O6460,2025-03-21,Burger King,Pasta,Italian,2,1134.77,Cash,42,2025-04-10,178,Active,3,2024-10-13,Delivered,2269.54
C4869,Female,Senior,Peshawar,2024-05-28,O8869,2025-03-21,McDonald's,Pasta,Italian,2,358.88,Wallet,34,2025-01-17,334,Inactive,5,2025-07-23,Cancelled,717.76
C5069,Other,Adult,Karachi,2025-04-15,O9069,2025-03-22,Pizza Hut,Sandwich,Dessert,5,887.69,Cash,2,2025-08-18,83,Inactive,5,2025-06-20,Delayed,4438.45
C4444,Female,Teenager,Peshawar,2024-10-29,O8444,2025-03-22,Pizza Hut,Pizza,Dessert,2,1460.07,Cash,23,2025-08-06,172,Inactive,1,2025-03-29,Delivered,2920.14
C6646,Male,Senior,Multan,2024-12-29,O10646,2025-03-22,KFC,Fries,Fast Food,5,553.73,Cash,43,2025-05-09,161,Inactive,5,2025-06-16,Delivered,2768.65
C2013,Female,Senior,Multan,2025-05-05,O6013,2025-03-22,Burger King,Burger,Continental,3,974.46,Cash,10,2025-06-27,423,Active,3,2024-09-28,Delivered,2923.38
C3054,Other,Adult,Lahore,2024-05-10,O7054,2025-03-22,Burger King,Sandwich,Italian,3,287.35,Wallet,16,2025-03-06,201,Inactive,3,2025-05-20,Delayed,862.05
C1078,Other,Teenager,Lahore,2024-11-04,O5078,2025-03-22,KFC,Fries,Continental,3,591.73,Card,26,2025-05-29,394,Inactive,1,2024-11-30,Cancelled,1775.19
C6292,Female,Teenager,Peshawar,2023-11-19,O10292,2025-03-22,Subway,Sandwich,Continental,5,1198.29,Cash,41,2024-12-30,431,Active,1,2025-03-26,Delivered,5991.45
C2484,Female,Senior,Multan,2023-10-27,O6484,2025-03-22,Burger King,Pizza,Continental,1,1257.93,Cash,47,2024-09-04,266,Active,4,2025-06-18,Cancelled,1257.93
C2322,Male,Adult,Peshawar,2024-05-30,O6322,2025-03-22,Pizza Hut,Pasta,Fast Food,2,1048.04,Card,45,2024-12-30,112,Inactive,5,2025-06-13,Delivered,2096.08
C5376,Male,Adult,Multan,2024-04-07,O9376,2025-03-22,Pizza Hut,Sandwich,Continental,2,1166.38,Card,8,2025-05-14,42,Inactive,1,2025-06-01,Cancelled,2332.76
C3870,Male,Teenager,Islamabad,2024-12-20,O7870,2025-03-22,Pizza Hut,Pasta,Fast Food,3,875.26,Card,2,2025-04-29,177,Inactive,1,2024-12-04,Delivered,2625.78
C5786,Female,Senior,Multan,2024-02-29,O9786,2025-03-22,KFC,Pasta,Continental,1,361.04,Cash,18,2024-11-23,332,Inactive,2,2025-04-12,Delivered,361.04
C3300,Male,Adult,Multan,2023-10-23,O7300,2025-03-22,McDonald's,Pasta,Fast Food,3,447.22,Wallet,20,2025-02-24,323,Active,4,2025-03-29,Delayed,1341.66
C1951,Other,Senior,Peshawar,2024-09-28,O5951,2025-03-23,KFC,Pizza,Fast Food,3,1199.91,Wallet,33,2025-01-26,241,Active,3,2025-03-09,Delayed,3599.73
C3416,Male,Adult,Peshawar,2024-06-25,O7416,2025-03-23,Burger King,Pizza,Chinese,4,499.29,Cash,40,2025-02-18,390,Inactive,1,2024-10-07,Delayed,1997.16
C4578,Female,Teenager,Peshawar,2023-10-11,O8578,2025-03-23,McDonald's,Pizza,Italian,3,276.24,Cash,8,2025-05-31,244,Inactive,1,2024-11-19,Delivered,828.72
C3913,Male,Senior,Islamabad,2024-02-28,O7913,2025-03-23,Subway,Burger,Chinese,2,1302.16,Card,35,2025-04-21,131,Active,5,2024-12-06,Cancelled,2604.32
C2672,Female,Teenager,Lahore,2024-03-26,O6672,2025-03-23,McDonald's,Pizza,Fast Food,4,850.0,Cash,13,2025-08-09,9,Inactive,3,2024-09-21,Delayed,3400.0
C6091,Male,Adult,Peshawar,2024-09-19,O10091,2025-03-23,Burger King,Fries,Continental,2,1001.56,Wallet,47,2024-10-03,114,Active,2,2025-03-02,Delayed,2003.12
C5782,Female,Adult,Peshawar,2024-01-11,O9782,2025-03-23,Pizza Hut,Burger,Fast Food,1,1443.88,Card,34,2025-06-12,61,Active,1,2025-03-03,Delayed,1443.88
C6802,Other,Teenager,Multan,2024-01-27,O10802,2025-03-23,McDonald's,Pizza,Chinese,4,892.04,Cash,3,2025-06-13,443,Active,3,2024-11-08,Cancelled,3568.16
C3230,Female,Senior,Lahore,2023-11-25,O7230,2025-03-23,McDonald's,Pasta,Dessert,5,135.82,Wallet,3,2024-09-17,19,Active,2,2025-06-28,Delivered,679.1
C6164,Male,Teenager,Multan,2025-04-28,O10164,2025-03-24,Pizza Hut,Pasta,Chinese,5,814.22,Wallet,29,2025-06-17,73,Active,5,2025-05-30,Delayed,4071.1
C2191,Male,Senior,Multan,2024-10-20,O6191,2025-03-24,Pizza Hut,Sandwich,Fast Food,4,403.61,Wallet,32,2024-11-16,137,Active,2,2024-09-23,Delivered,1614.44
C5012,Female,Senior,Lahore,2023-10-10,O9012,2025-03-24,KFC,Burger,Italian,3,1470.56,Cash,20,2025-04-11,349,Active,3,2024-10-21,Delivered,4411.68
C6695,Other,Senior,Multan,2024-05-19,O10695,2025-03-24,Subway,Fries,Fast Food,1,1091.62,Wallet,11,2025-01-11,3,Active,5,2024-10-16,Delayed,1091.62
C1651,Female,Adult,Multan,2024-11-12,O5651,2025-03-24,KFC,Sandwich,Continental,3,268.02,Cash,47,2025-04-27,237,Inactive,2,2024-11-22,Delivered,804.06
C2888,Female,Teenager,Peshawar,2024-07-28,O6888,2025-03-24,Burger King,Pasta,Fast Food,2,1297.89,Card,41,2024-09-14,344,Active,4,2024-08-28,Delivered,2595.78
C1072,Male,Senior,Lahore,2024-09-08,O5072,2025-03-24,McDonald's,Sandwich,Italian,5,1368.9,Cash,1,2025-05-05,23,Active,1,2024-09-04,Cancelled,6844.5
C1981,Female,Senior,Islamabad,2025-01-31,O5981,2025-03-24,Burger King,Pizza,Chinese,1,1045.01,Cash,30,2025-08-12,476,Active,1,2024-09-19,Delayed,1045.01
C1589,Male,Senior,Peshawar,2025-08-11,O5589,2025-03-24,Pizza Hut,Pizza,Dessert,2,991.88,Cash,44,2025-08-21,39,Active,5,2025-08-04,Cancelled,1983.76
C1091,Other,Senior,Lahore,2024-07-16,O5091,2025-03-24,Subway,Sandwich,Chinese,5,432.29,Card,8,2025-04-03,73,Active,3,2024-09-10,Cancelled,2161.45
C2300,Male,Adult,Multan,2025-01-25,O6300,2025-03-24,Burger King,Fries,Fast Food,4,909.36,Cash,47,2025-03-17,61,Active,4,2025-07-27,Delayed,3637.44
C3883,Other,Senior,Multan,2024-08-04,O7883,2025-03-24,Burger King,Pizza,Fast Food,5,981.06,Cash,33,2025-07-17,259,Inactive,1,2025-07-15,Delayed,4905.3
C1564,Male,Senior,Karachi,2025-03-11,O5564,2025-03-24,Subway,Pasta,Italian,3,1008.51,Cash,15,2025-07-18,434,Inactive,5,2024-10-28,Cancelled,3025.53
C5569,Male,Senior,Multan,2024-02-24,O9569,2025-03-25,KFC,Burger,Dessert,1,1314.0,Cash,9,2025-04-20,205,Active,1,2025-04-03,Cancelled,1314.0
C3690,Male,Teenager,Lahore,2023-11-02,O7690,2025-03-25,KFC,Pizza,Italian,4,357.27,Card,3,2024-09-02,253,Inactive,5,2025-06-17,Cancelled,1429.08
C3052,Female,Teenager,Islamabad,2024-09-19,O7052,2025-03-25,Burger King,Fries,Continental,4,978.91,Wallet,45,2025-03-25,207,Inactive,2,2025-03-20,Delivered,3915.64
C1425,Other,Senior,Multan,2024-01-05,O5425,2025-03-25,Burger King,Pasta,Chinese,3,1496.37,Card,1,2025-01-15,300,Inactive,3,2025-05-29,Delayed,4489.11
C6994,Male,Senior,Peshawar,2025-01-20,O10994,2025-03-25,Burger King,Fries,Italian,2,1365.26,Wallet,6,2025-06-30,22,Inactive,5,2024-11-08,Delivered,2730.52
C3218,Other,Adult,Peshawar,2025-02-11,O7218,2025-03-25,Subway,Burger,Dessert,1,930.43,Wallet,18,2025-07-28,226,Active,2,2025-03-30,Delayed,930.43
C4334,Male,Senior,Islamabad,2024-10-17,O8334,2025-03-25,Burger King,Sandwich,Italian,5,1028.86,Card,21,2025-03-28,359,Active,3,2025-03-10,Delivered,5144.3
C5034,Female,Teenager,Multan,2024-08-22,O9034,2025-03-25,Pizza Hut,Burger,Chinese,5,341.83,Cash,49,2025-01-24,153,Inactive,4,2024-10-30,Delivered,1709.15
C2894,Male,Adult,Karachi,2025-02-04,O6894,2025-03-25,Burger King,Pizza,Italian,2,140.19,Cash,45,2025-08-20,444,Inactive,3,2025-06-04,Cancelled,280.38
C5853,Female,Senior,Lahore,2025-01-02,O9853,2025-03-26,McDonald's,Pasta,Italian,3,170.95,Card,30,2025-06-15,408,Active,3,2024-09-24,Delivered,512.85
C3924,Female,Adult,Peshawar,2023-11-12,O7924,2025-03-26,McDonald's,Sandwich,Dessert,3,1455.41,Wallet,48,2025-06-21,445,Active,2,2025-01-07,Delivered,4366.23
C4350,Other,Adult,Islamabad,2024-02-09,O8350,2025-03-26,Pizza Hut,Burger,Fast Food,3,1173.63,Wallet,4,2025-07-13,196,Active,4,2025-04-25,Delayed,3520.89
C5725,Male,Adult,Islamabad,2024-01-01,O9725,2025-03-26,Burger King,Burger,Chinese,5,1497.3,Card,45,2025-06-12,63,Active,5,2025-01-17,Delayed,7486.5
C2862,Male,Teenager,Lahore,2023-11-03,O6862,2025-03-26,Subway,Pizza,Fast Food,2,948.63,Wallet,6,2025-05-28,231,Inactive,2,2025-06-26,Delayed,1897.26
C3259,Male,Senior,Lahore,2024-05-03,O7259,2025-03-27,Burger King,Burger,Italian,1,1163.81,Cash,38,2024-12-22,96,Active,3,2025-01-13,Delivered,1163.81
C5549,Male,Adult,Multan,2024-01-29,O9549,2025-03-27,McDonald's,Pizza,Dessert,5,576.92,Cash,35,2024-10-19,3,Inactive,4,2025-05-15,Delivered,2884.6
C4597,Male,Teenager,Lahore,2025-04-27,O8597,2025-03-27,Pizza Hut,Burger,Italian,2,1189.59,Cash,33,2025-05-20,7,Inactive,4,2025-02-07,Cancelled,2379.18
C4807,Female,Senior,Multan,2023-08-25,O8807,2025-03-27,KFC,Fries,Fast Food,4,1262.65,Cash,21,2025-02-18,214,Active,1,2025-03-29,Cancelled,5050.6
C2789,Female,Senior,Peshawar,2024-08-10,O6789,2025-03-27,Pizza Hut,Pasta,Dessert,1,787.94,Wallet,8,2024-10-09,293,Inactive,5,2024-09-17,Delivered,787.94
C4519,Other,Senior,Karachi,2024-10-27,O8519,2025-03-27,KFC,Pasta,Continental,5,1371.56,Wallet,45,2025-04-16,343,Active,1,2025-08-10,Cancelled,6857.8
C5292,Female,Teenager,Peshawar,2023-11-08,O9292,2025-03-27,Burger King,Sandwich,Continental,1,1033.76,Card,15,2025-04-07,139,Active,4,2024-09-22,Delayed,1033.76
C3544,Female,Senior,Islamabad,2024-07-22,O7544,2025-03-28,Pizza Hut,Burger,Chinese,5,243.94,Cash,35,2025-03-06,479,Inactive,5,2025-02-07,Delivered,1219.7
C5940,Male,Adult,Karachi,2024-09-20,O9940,2025-03-28,KFC,Fries,Fast Food,5,847.95,Card,26,2024-10-18,363,Active,1,2025-07-27,Delivered,4239.75
C1383,Female,Senior,Karachi,2023-12-04,O5383,2025-03-28,McDonald's,Sandwich,Chinese,1,456.24,Wallet,44,2025-08-12,78,Active,2,2024-09-16,Delayed,456.24
C1272,Other,Teenager,Multan,2024-08-06,O5272,2025-03-28,Subway,Pizza,Italian,4,1403.24,Wallet,5,2025-05-16,295,Active,2,2025-02-16,Delayed,5612.96
C1261,Male,Senior,Peshawar,2024-04-12,O5261,2025-03-29,McDonald's,Fries,Chinese,5,978.21,Card,24,2024-10-27,147,Active,5,2024-09-16,Delivered,4891.05
C3984,Female,Senior,Islamabad,2025-01-20,O7984,2025-03-29,Pizza Hut,Sandwich,Italian,1,1211.11,Cash,16,2025-08-04,453,Active,3,2025-07-26,Delayed,1211.11
C3134,Other,Senior,Multan,2024-01-18,O7134,2025-03-29,Subway,Burger,Italian,5,1499.37,Wallet,19,2025-01-21,312,Inactive,5,2024-12-25,Delivered,7496.85
C1130,Female,Senior,Lahore,2023-10-13,O5130,2025-03-29,Pizza Hut,Burger,Italian,4,218.16,Card,9,2025-04-23,161,Active,2,2024-11-08,Delayed,872.64
C1720,Male,Senior,Multan,2025-03-07,O5720,2025-03-29,Subway,Pasta,Continental,4,1326.39,Card,21,2025-05-23,477,Active,2,2025-01-10,Delayed,5305.56
C1026,Male,Senior,Karachi,2024-12-17,O5026,2025-03-29,KFC,Pasta,Chinese,2,345.08,Card,3,2025-03-18,288,Active,4,2025-07-15,Delayed,690.16
C3160,Other,Teenager,Karachi,2024-12-29,O7160,2025-03-29,McDonald's,Burger,Dessert,1,738.08,Cash,25,2025-01-10,39,Inactive,5,2025-07-13,Delivered,738.08
C1382,Female,Teenager,Islamabad,2025-03-13,O5382,2025-03-29,McDonald's,Burger,Continental,2,1043.85,Wallet,18,2025-08-16,491,Active,4,2025-03-30,Delivered,2087.7
C5937,Female,Senior,Multan,2025-03-04,O9937,2025-03-30,KFC,Pizza,Continental,3,300.81,Cash,33,2025-06-02,221,Inactive,3,2025-05-08,Cancelled,902.43
C6908,Female,Senior,Karachi,2023-12-14,O10908,2025-03-30,KFC,Pasta,Italian,3,971.11,Card,29,2025-08-02,84,Active,5,2024-10-21,Cancelled,2913.33
C1282,Other,Teenager,Multan,2025-05-15,O5282,2025-03-30,Subway,Burger,Italian,2,1125.03,Card,5,2025-06-24,402,Active,5,2025-01-03,Delivered,2250.06
C5328,Female,Adult,Lahore,2024-09-12,O9328,2025-03-30,McDonald's,Pizza,Fast Food,4,320.83,Wallet,47,2025-04-17,288,Inactive,1,2025-01-15,Cancelled,1283.32
C2986,Female,Adult,Karachi,2024-11-22,O6986,2025-03-30,Burger King,Pasta,Fast Food,3,695.74,Cash,9,2025-08-07,83,Active,1,2025-04-01,Delivered,2087.22
C2284,Female,Senior,Multan,2024-09-23,O6284,2025-03-30,Subway,Burger,Italian,4,647.97,Wallet,34,2025-08-06,243,Active,1,2025-03-31,Cancelled,2591.88
C2094,Female,Adult,Multan,2024-05-25,O6094,2025-03-30,McDonald's,Burger,Dessert,3,1291.27,Card,20,2024-10-29,474,Inactive,2,2025-02-21,Delayed,3873.81
C6631,Male,Adult,Peshawar,2024-04-22,O10631,2025-03-31,Subway,Sandwich,Fast Food,3,1202.05,Wallet,14,2025-02-23,338,Active,4,2025-06-20,Delivered,3606.15
C3502,Female,Teenager,Islamabad,2025-02-11,O7502,2025-03-31,McDonald's,Burger,Italian,3,1192.98,Cash,39,2025-07-28,26,Inactive,1,2025-06-28,Delivered,3578.94
C4555,Other,Adult,Peshawar,2024-08-17,O8555,2025-03-31,Burger King,Sandwich,Dessert,1,389.34,Cash,36,2025-02-14,82,Active,3,2025-04-27,Cancelled,389.34
C1284,Female,Adult,Karachi,2025-02-20,O5284,2025-03-31,KFC,Fries,Chinese,5,466.48,Wallet,43,2025-05-27,90,Active,2,2025-07-29,Delayed,2332.4
C2761,Other,Teenager,Islamabad,2024-12-19,O6761,2025-03-31,KFC,Pasta,Italian,4,1314.37,Cash,9,2025-04-14,500,Inactive,3,2025-08-15,Delayed,5257.48
C1471,Female,Teenager,Karachi,2024-11-17,O5471,2025-03-31,Burger King,Pizza,Dessert,3,176.88,Card,40,2025-06-10,490,Active,5,2025-02-11,Delayed,530.64
C3512,Female,Teenager,Peshawar,2025-03-12,O7512,2025-03-31,McDonald's,Fries,Fast Food,2,1180.03,Card,9,2025-06-12,209,Active,1,2024-12-06,Cancelled,2360.06
C6768,Male,Senior,Peshawar,2024-03-13,O10768,2025-03-31,Burger King,Pasta,Fast Food,1,1068.6,Wallet,25,2025-06-25,35,Inactive,5,2025-02-22,Cancelled,1068.6
C4280,Female,Teenager,Multan,2024-10-03,O8280,2025-03-31,Subway,Pizza,Italian,3,957.59,Wallet,11,2025-01-08,153,Active,2,2024-09-13,Delayed,2872.77
C5970,Female,Teenager,Peshawar,2024-10-22,O9970,2025-03-31,McDonald's,Fries,Italian,5,337.81,Card,19,2025-01-20,424,Active,3,2025-02-22,Delivered,1689.05
C5229,Male,Teenager,Lahore,2024-10-27,O9229,2025-03-31,Pizza Hut,Sandwich,Italian,1,1449.8,Cash,42,2025-08-10,489,Inactive,5,2025-02-28,Delayed,1449.8
C4873,Other,Senior,Multan,2024-07-14,O8873,2025-03-31,Pizza Hut,Pasta,Continental,2,168.8,Card,38,2025-01-24,246,Inactive,5,2025-05-04,Delivered,337.6
C6246,Male,Senior,Karachi,2024-12-02,O10246,2025-03-31,Burger King,Fries,Dessert,3,141.79,Cash,34,2025-02-16,181,Inactive,2,2025-05-21,Cancelled,425.37
C3656,Female,Adult,Islamabad,2024-07-02,O7656,2025-03-31,McDonald's,Sandwich,Continental,1,192.16,Card,40,2025-02-10,345,Active,4,2024-12-31,Cancelled,192.16
C5712,Female,Adult,Karachi,2025-01-17,O9712,2025-03-31,McDonald's,Pasta,Dessert,5,438.08,Cash,34,2025-08-12,353,Active,4,2025-04-03,Delayed,2190.4
C2142,Other,Adult,Lahore,2025-06-11,O6142,2025-04-01,McDonald's,Burger,Chinese,4,932.18,Wallet,32,2025-06-20,445,Active,2,2025-05-11,Delayed,3728.72
C4277,Male,Adult,Peshawar,2024-07-29,O8277,2025-04-01,Subway,Pasta,Dessert,2,1324.05,Card,34,2025-07-25,24,Active,4,2024-12-17,Delivered,2648.1
C1876,Other,Teenager,Islamabad,2025-01-18,O5876,2025-04-01,Pizza Hut,Pasta,Fast Food,3,456.04,Card,32,2025-06-29,74,Active,5,2025-01-23,Cancelled,1368.12
C4649,Other,Teenager,Multan,2024-03-09,O8649,2025-04-01,Burger King,Pizza,Fast Food,3,523.28,Wallet,2,2025-08-04,165,Active,1,2025-06-30,Cancelled,1569.84
C5620,Female,Adult,Peshawar,2024-05-09,O9620,2025-04-01,McDonald's,Pasta,Dessert,1,249.35,Card,12,2024-10-19,495,Inactive,4,2024-09-05,Delayed,249.35
C2062,Female,Teenager,Karachi,2025-04-08,O6062,2025-04-01,Burger King,Pizza,Continental,4,342.37,Wallet,11,2025-05-03,180,Inactive,5,2025-07-31,Delivered,1369.48
C3197,Female,Senior,Multan,2023-11-09,O7197,2025-04-01,KFC,Burger,Italian,3,253.6,Cash,4,2025-03-11,316,Inactive,1,2025-01-05,Cancelled,760.8
C6195,Male,Adult,Karachi,2024-11-28,O10195,2025-04-01,Burger King,Sandwich,Fast Food,4,166.06,Cash,4,2025-08-20,417,Inactive,3,2025-04-25,Delivered,664.24
C5488,Female,Senior,Islamabad,2024-03-23,O9488,2025-04-01,Burger King,Pasta,Italian,4,1213.47,Wallet,21,2024-10-29,330,Inactive,5,2025-03-17,Cancelled,4853.88
C4764,Other,Senior,Islamabad,2024-09-27,O8764,2025-04-01,Pizza Hut,Sandwich,Italian,5,826.73,Cash,4,2025-04-19,342,Active,3,2025-06-02,Cancelled,4133.65
C3867,Other,Adult,Lahore,2024-07-15,O7867,2025-04-01,Burger King,Burger,Italian,4,1003.15,Card,28,2025-08-14,476,Active,2,2024-09-11,Delayed,4012.6
C1703,Male,Adult,Islamabad,2024-07-10,O5703,2025-04-01,Pizza Hut,Pasta,Continental,5,274.7,Card,12,2025-01-30,214,Active,2,2024-10-04,Delayed,1373.5
C1598,Male,Teenager,Multan,2024-10-26,O5598,2025-04-01,KFC,Pizza,Fast Food,3,494.42,Wallet,1,2025-03-19,374,Inactive,1,2025-07-21,Delivered,1483.26
C2910,Female,Adult,Lahore,2024-11-19,O6910,2025-04-01,Pizza Hut,Burger,Continental,1,1100.22,Wallet,18,2025-06-04,315,Inactive,5,2024-10-20,Delivered,1100.22
C4890,Male,Senior,Islamabad,2025-01-21,O8890,2025-04-02,Pizza Hut,Pizza,Italian,1,718.68,Cash,18,2025-06-23,498,Inactive,5,2025-01-09,Delayed,718.68
C3918,Male,Senior,Multan,2024-11-30,O7918,2025-04-02,Pizza Hut,Fries,Italian,3,860.96,Wallet,6,2024-12-31,308,Inactive,2,2025-03-03,Delayed,2582.88
C5312,Other,Teenager,Multan,2024-06-17,O9312,2025-04-02,Subway,Sandwich,Fast Food,1,428.49,Wallet,29,2025-03-02,434,Inactive,5,2024-10-11,Delayed,428.49
C5989,Other,Adult,Peshawar,2024-09-08,O9989,2025-04-02,Pizza Hut,Pizza,Continental,5,498.44,Cash,31,2025-07-31,480,Inactive,2,2024-09-08,Cancelled,2492.2
C3201,Other,Teenager,Karachi,2023-12-30,O7201,2025-04-02,McDonald's,Burger,Continental,5,421.94,Wallet,2,2025-06-13,214,Inactive,3,2024-11-23,Delayed,2109.7
C1413,Other,Senior,Multan,2025-05-03,O5413,2025-04-02,KFC,Fries,Continental,3,370.45,Cash,32,2025-08-09,355,Inactive,1,2024-12-12,Delayed,1111.35
C5026,Male,Teenager,Islamabad,2023-12-19,O9026,2025-04-03,Burger King,Fries,Fast Food,3,1363.76,Wallet,32,2024-11-30,347,Active,2,2024-12-02,Delayed,4091.28
C2241,Male,Senior,Lahore,2024-01-09,O6241,2025-04-03,KFC,Pasta,Dessert,4,1381.28,Cash,43,2024-11-13,284,Active,4,2024-12-05,Delayed,5525.12
C2953,Female,Adult,Lahore,2024-08-13,O6953,2025-04-03,KFC,Pasta,Continental,5,1052.73,Card,45,2025-07-17,469,Inactive,3,2024-11-28,Delivered,5263.65
C5306,Male,Senior,Karachi,2024-04-15,O9306,2025-04-03,McDonald's,Pizza,Dessert,4,122.54,Card,4,2024-10-03,45,Inactive,3,2025-02-13,Cancelled,490.16
C5883,Female,Adult,Islamabad,2025-05-07,O9883,2025-04-03,Subway,Pasta,Fast Food,5,308.69,Card,27,2025-05-27,150,Inactive,3,2025-03-29,Cancelled,1543.45
C2913,Male,Adult,Islamabad,2023-10-16,O6913,2025-04-03,Pizza Hut,Burger,Chinese,4,951.21,Wallet,22,2025-08-18,123,Active,3,2025-08-02,Cancelled,3804.84
C1795,Other,Senior,Multan,2025-02-25,O5795,2025-04-03,KFC,Sandwich,Fast Food,1,882.37,Wallet,49,2025-07-31,479,Inactive,1,2024-09-08,Delayed,882.37
C1034,Male,Senior,Peshawar,2024-12-15,O5034,2025-04-04,McDonald's,Sandwich,Italian,5,403.82,Cash,8,2025-06-30,203,Active,3,2025-04-03,Delivered,2019.1
C1944,Other,Adult,Peshawar,2024-01-07,O5944,2025-04-04,KFC,Sandwich,Chinese,5,311.82,Card,44,2025-02-11,144,Active,5,2025-03-05,Delivered,1559.1
C2627,Female,Senior,Islamabad,2024-01-06,O6627,2025-04-04,Burger King,Pasta,Continental,4,1321.05,Cash,17,2024-12-29,396,Inactive,3,2025-07-25,Delivered,5284.2
C1348,Other,Senior,Multan,2024-03-26,O5348,2025-04-04,McDonald's,Fries,Continental,3,781.85,Card,47,2024-10-27,484,Inactive,1,2025-01-29,Delayed,2345.55
C1961,Female,Senior,Peshawar,2024-09-07,O5961,2025-04-04,McDonald's,Sandwich,Fast Food,4,1168.34,Card,16,2024-11-04,364,Inactive,4,2024-12-10,Cancelled,4673.36
C1388,Other,Teenager,Islamabad,2024-02-25,O5388,2025-04-04,KFC,Fries,Dessert,3,1042.46,Cash,9,2025-06-23,472,Inactive,4,2024-08-22,Cancelled,3127.38
C6381,Female,Adult,Islamabad,2025-03-02,O10381,2025-04-04,Subway,Fries,Continental,2,146.58,Wallet,23,2025-07-15,319,Inactive,1,2024-12-14,Delayed,293.16
C6759,Other,Senior,Lahore,2024-07-22,O10759,2025-04-04,Pizza Hut,Fries,Dessert,3,1021.17,Wallet,46,2024-09-28,334,Active,5,2025-03-10,Delivered,3063.51
C1268,Female,Adult,Islamabad,2025-01-27,O5268,2025-04-04,KFC,Pizza,Fast Food,4,1022.55,Cash,16,2025-08-02,192,Inactive,4,2025-08-10,Delayed,4090.2
C2582,Male,Teenager,Islamabad,2024-03-07,O6582,2025-04-05,KFC,Sandwich,Chinese,5,743.57,Wallet,37,2025-07-07,150,Inactive,1,2025-08-14,Delivered,3717.85
C2858,Other,Teenager,Karachi,2023-09-30,O6858,2025-04-05,Subway,Sandwich,Fast Food,4,207.0,Wallet,30,2025-02-20,125,Active,3,2025-07-28,Delayed,828.0
C4027,Other,Adult,Multan,2024-10-05,O8027,2025-04-05,Subway,Burger,Italian,2,232.9,Cash,3,2025-04-07,29,Active,3,2025-02-10,Delivered,465.8
C2585,Male,Senior,Lahore,2024-01-20,O6585,2025-04-05,Subway,Sandwich,Chinese,4,1416.37,Cash,21,2025-04-08,141,Active,3,2025-03-18,Delivered,5665.48
C3149,Female,Senior,Lahore,2025-04-10,O7149,2025-04-05,Burger King,Burger,Fast Food,5,124.74,Card,29,2025-06-13,200,Inactive,4,2024-09-24,Cancelled,623.7
C2242,Male,Adult,Peshawar,2024-05-05,O6242,2025-04-06,KFC,Burger,Chinese,2,319.82,Cash,16,2024-12-11,24,Active,2,2025-04-21,Delayed,639.64
C3131,Female,Teenager,Islamabad,2024-09-19,O7131,2025-04-06,KFC,Pasta,Fast Food,5,220.48,Cash,16,2025-04-18,226,Active,1,2025-03-05,Cancelled,1102.4
C4209,Other,Senior,Peshawar,2023-11-22,O8209,2025-04-06,KFC,Burger,Fast Food,3,1156.25,Card,13,2024-09-27,195,Active,4,2024-09-24,Delivered,3468.75
C6003,Male,Teenager,Lahore,2024-03-08,O10003,2025-04-06,Burger King,Sandwich,Dessert,4,1046.47,Wallet,7,2024-09-08,401,Active,4,2025-04-29,Delivered,4185.88
C5260,Other,Senior,Karachi,2025-06-14,O9260,2025-04-06,Subway,Pasta,Continental,4,850.88,Card,48,2025-07-04,12,Inactive,1,2025-07-14,Delivered,3403.52
C4604,Other,Senior,Peshawar,2024-09-06,O8604,2025-04-06,McDonald's,Fries,Continental,4,293.06,Cash,23,2025-03-28,107,Active,3,2025-02-11,Delayed,1172.24
C3849,Other,Senior,Lahore,2025-04-03,O7849,2025-04-06,Burger King,Sandwich,Dessert,5,1187.31,Cash,39,2025-07-12,26,Active,3,2025-04-03,Delivered,5936.55
C3935,Male,Senior,Lahore,2024-07-18,O7935,2025-04-06,McDonald's,Fries,Dessert,4,1160.13,Wallet,22,2025-08-09,320,Inactive,1,2025-03-03,Cancelled,4640.52
C4660,Other,Senior,Lahore,2024-12-08,O8660,2025-04-06,Subway,Pizza,Fast Food,2,444.64,Wallet,5,2025-02-01,392,Active,2,2025-04-18,Delivered,889.28
C4958,Male,Senior,Multan,2024-08-29,O8958,2025-04-06,Subway,Pasta,Dessert,1,250.5,Card,21,2024-10-29,454,Inactive,2,2024-11-26,Cancelled,250.5
C1554,Other,Adult,Karachi,2025-01-07,O5554,2025-04-06,Subway,Fries,Italian,2,1429.43,Wallet,43,2025-02-28,168,Inactive,4,2024-09-22,Delivered,2858.86
C4728,Other,Senior,Karachi,2024-09-18,O8728,2025-04-06,Burger King,Pizza,Continental,2,1243.94,Card,6,2025-05-29,480,Inactive,1,2025-03-22,Delivered,2487.88
C3348,Other,Senior,Islamabad,2023-10-24,O7348,2025-04-06,KFC,Pizza,Chinese,1,769.97,Cash,44,2025-04-07,30,Inactive,3,2025-03-14,Delivered,769.97
C2729,Female,Teenager,Peshawar,2024-09-07,O6729,2025-04-07,Burger King,Pizza,Fast Food,2,1425.17,Card,4,2025-08-16,165,Inactive,5,2025-01-14,Cancelled,2850.34
C2041,Female,Adult,Karachi,2023-12-17,O6041,2025-04-07,Subway,Burger,Fast Food,4,1464.88,Card,1,2025-07-22,282,Active,3,2025-01-18,Delayed,5859.52
C3751,Other,Adult,Islamabad,2023-09-30,O7751,2025-04-07,McDonald's,Burger,Italian,1,349.52,Card,4,2025-05-09,75,Active,4,2025-06-14,Delivered,349.52
C2971,Male,Teenager,Islamabad,2025-03-08,O6971,2025-04-07,Burger King,Fries,Continental,4,628.53,Cash,47,2025-04-23,460,Inactive,5,2024-12-21,Cancelled,2514.12
C6502,Other,Teenager,Islamabad,2024-09-04,O10502,2025-04-07,Subway,Fries,Chinese,5,1030.63,Wallet,37,2025-02-25,63,Active,3,2025-01-31,Delivered,5153.15
C4366,Other,Teenager,Karachi,2025-05-03,O8366,2025-04-07,KFC,Sandwich,Fast Food,1,409.67,Cash,45,2025-08-02,420,Active,5,2024-09-14,Delayed,409.67
C4999,Other,Teenager,Lahore,2024-10-30,O8999,2025-04-08,Burger King,Pizza,Fast Food,2,937.23,Cash,45,2025-07-31,216,Active,4,2025-02-06,Delayed,1874.46
C3608,Female,Adult,Lahore,2025-05-17,O7608,2025-04-08,Pizza Hut,Pizza,Fast Food,2,637.1,Wallet,41,2025-08-14,0,Inactive,3,2025-04-10,Cancelled,1274.2
C4270,Other,Teenager,Peshawar,2024-10-21,O8270,2025-04-08,Burger King,Burger,Italian,1,139.92,Wallet,20,2024-11-20,115,Active,3,2025-02-07,Cancelled,139.92
C3613,Male,Teenager,Islamabad,2024-09-29,O7613,2025-04-08,McDonald's,Fries,Continental,2,454.58,Cash,22,2025-08-12,125,Active,2,2025-01-24,Delivered,909.16
C5502,Male,Senior,Multan,2023-12-05,O9502,2025-04-08,Subway,Fries,Italian,4,1296.23,Cash,5,2025-02-27,110,Inactive,4,2024-09-13,Delivered,5184.92
C1028,Male,Teenager,Multan,2024-03-17,O5028,2025-04-08,McDonald's,Fries,Italian,1,1158.61,Wallet,17,2025-04-05,422,Inactive,5,2025-03-27,Delayed,1158.61
C4446,Female,Senior,Islamabad,2024-09-07,O8446,2025-04-09,Pizza Hut,Sandwich,Fast Food,3,581.41,Wallet,19,2025-02-03,364,Inactive,5,2024-08-21,Delayed,1744.23
C1212,Other,Teenager,Multan,2024-10-19,O5212,2025-04-09,KFC,Sandwich,Continental,3,701.39,Cash,16,2025-01-19,8,Inactive,4,2025-03-06,Delivered,2104.17
C1379,Female,Adult,Multan,2023-12-07,O5379,2025-04-09,McDonald's,Pasta,Chinese,1,520.92,Cash,48,2024-12-06,322,Inactive,1,2025-08-17,Cancelled,520.92
C3640,Male,Adult,Lahore,2023-08-23,O7640,2025-04-09,Pizza Hut,Burger,Continental,4,1061.58,Card,44,2025-06-12,69,Active,3,2025-07-20,Delivered,4246.32
C5808,Male,Senior,Karachi,2025-01-02,O9808,2025-04-09,McDonald's,Burger,Dessert,1,161.93,Card,10,2025-01-12,108,Active,5,2024-08-28,Cancelled,161.93
C6467,Male,Teenager,Multan,2025-01-14,O10467,2025-04-09,Burger King,Pasta,Fast Food,3,1168.68,Cash,38,2025-03-08,204,Active,5,2025-07-21,Delivered,3506.04
C4657,Female,Adult,Lahore,2024-02-10,O8657,2025-04-09,Burger King,Pasta,Italian,4,1210.62,Wallet,23,2024-10-27,348,Active,1,2025-07-23,Cancelled,4842.48
C4795,Other,Teenager,Lahore,2024-11-08,O8795,2025-04-09,Burger King,Pizza,Fast Food,1,1090.85,Wallet,28,2025-02-03,387,Inactive,1,2025-07-10,Cancelled,1090.85
C1058,Other,Teenager,Peshawar,2025-01-23,O5058,2025-04-09,Subway,Pizza,Dessert,2,1492.4,Cash,23,2025-03-13,87,Active,1,2024-09-03,Cancelled,2984.8
C5898,Male,Adult,Peshawar,2024-04-08,O9898,2025-04-09,Pizza Hut,Burger,Continental,5,810.66,Card,2,2025-03-30,163,Active,2,2025-02-04,Delivered,4053.3
C4613,Other,Senior,Lahore,2024-10-11,O8613,2025-04-09,McDonald's,Pizza,Dessert,5,668.88,Wallet,7,2025-01-22,70,Inactive,5,2025-08-03,Cancelled,3344.4
C5040,Male,Senior,Multan,2025-01-18,O9040,2025-04-09,Burger King,Pizza,Continental,1,352.96,Cash,6,2025-02-09,405,Inactive,4,2025-01-01,Cancelled,352.96
C3373,Female,Adult,Multan,2024-10-31,O7373,2025-04-10,KFC,Fries,Fast Food,1,694.2,Cash,41,2025-04-15,108,Inactive,4,2025-07-14,Cancelled,694.2
C3332,Female,Teenager,Karachi,2023-11-18,O7332,2025-04-10,Pizza Hut,Burger,Italian,1,590.91,Wallet,27,2024-11-05,54,Inactive,2,2024-08-30,Cancelled,590.91
C5926,Other,Teenager,Peshawar,2025-01-27,O9926,2025-04-10,McDonald's,Sandwich,Italian,3,245.89,Card,33,2025-03-20,144,Active,3,2024-11-06,Delayed,737.67
C1045,Female,Teenager,Karachi,2024-02-15,O5045,2025-04-10,Pizza Hut,Pizza,Continental,4,238.43,Cash,24,2025-01-28,353,Inactive,3,2025-02-01,Cancelled,953.72
C5294,Female,Adult,Multan,2024-05-23,O9294,2025-04-10,Pizza Hut,Burger,Dessert,5,1116.21,Cash,36,2024-09-13,247,Active,1,2025-04-13,Cancelled,5581.05
C1112,Other,Senior,Karachi,2024-03-30,O5112,2025-04-10,McDonald's,Pasta,Dessert,4,834.64,Wallet,2,2025-04-11,172,Active,5,2024-10-15,Delayed,3338.56
C2621,Other,Senior,Peshawar,2023-11-03,O6621,2025-04-10,McDonald's,Burger,Italian,2,705.85,Card,34,2025-05-22,70,Active,1,2025-08-10,Delayed,1411.7
C3199,Other,Senior,Peshawar,2025-04-05,O7199,2025-04-11,McDonald's,Pizza,Dessert,2,973.89,Wallet,8,2025-08-13,483,Active,1,2025-02-26,Cancelled,1947.78
C2792,Male,Adult,Lahore,2024-10-13,O6792,2025-04-11,Burger King,Pasta,Italian,5,826.66,Wallet,45,2025-06-19,410,Inactive,1,2025-04-08,Delayed,4133.3
C5432,Female,Senior,Peshawar,2023-11-22,O9432,2025-04-11,Subway,Pasta,Italian,5,963.85,Wallet,42,2025-07-15,124,Inactive,1,2024-12-01,Cancelled,4819.25
C6529,Male,Senior,Islamabad,2024-07-15,O10529,2025-04-11,KFC,Sandwich,Fast Food,3,202.92,Card,34,2025-03-14,69,Inactive,1,2025-01-24,Delayed,608.76
C3550,Female,Senior,Peshawar,2025-03-22,O7550,2025-04-11,Burger King,Burger,Italian,3,779.8,Cash,7,2025-07-24,254,Inactive,1,2024-11-25,Delayed,2339.4
C6189,Female,Adult,Islamabad,2023-09-21,O10189,2025-04-11,Pizza Hut,Pasta,Fast Food,1,820.62,Wallet,15,2024-12-25,74,Active,3,2025-05-20,Cancelled,820.62
C2353,Male,Senior,Islamabad,2024-01-30,O6353,2025-04-11,McDonald's,Fries,Chinese,2,498.6,Wallet,19,2025-01-29,14,Inactive,1,2025-07-01,Delivered,997.2
C1162,Other,Teenager,Multan,2025-03-01,O5162,2025-04-11,Subway,Pizza,Italian,5,119.28,Wallet,2,2025-04-18,405,Inactive,2,2025-03-04,Delayed,596.4
C1992,Male,Senior,Karachi,2023-10-26,O5992,2025-04-12,Pizza Hut,Sandwich,Continental,1,243.18,Wallet,24,2025-05-28,260,Active,2,2025-01-12,Cancelled,243.18
C5505,Male,Adult,Lahore,2024-02-07,O9505,2025-04-12,McDonald's,Sandwich,Continental,1,681.12,Wallet,37,2025-01-13,55,Inactive,3,2024-09-18,Delivered,681.12
C2520,Other,Teenager,Multan,2023-11-04,O6520,2025-04-12,Subway,Burger,Fast Food,3,1272.36,Card,22,2025-04-30,320,Active,5,2024-10-05,Cancelled,3817.08
C4132,Female,Teenager,Peshawar,2024-12-31,O8132,2025-04-12,KFC,Sandwich,Fast Food,4,1040.77,Card,20,2025-03-09,383,Active,5,2025-06-22,Cancelled,4163.08
C6680,Female,Senior,Karachi,2024-11-21,O10680,2025-04-12,McDonald's,Sandwich,Dessert,1,1453.16,Wallet,21,2025-02-02,20,Inactive,1,2025-05-11,Cancelled,1453.16
C6608,Other,Senior,Karachi,2024-06-07,O10608,2025-04-12,McDonald's,Pasta,Dessert,1,478.06,Wallet,37,2025-04-21,350,Inactive,2,2024-10-08,Delayed,478.06
C3694,Other,Senior,Lahore,2023-10-01,O7694,2025-04-12,KFC,Pasta,Fast Food,5,407.78,Cash,29,2025-03-06,308,Active,4,2025-01-28,Cancelled,2038.9
C6303,Other,Adult,Peshawar,2024-06-25,O10303,2025-04-12,KFC,Sandwich,Chinese,1,211.51,Cash,30,2025-05-31,147,Active,5,2024-11-05,Delayed,211.51
C2870,Male,Teenager,Lahore,2025-04-02,O6870,2025-04-12,Subway,Pasta,Chinese,2,769.54,Cash,25,2025-06-29,143,Inactive,4,2025-05-02,Delayed,1539.08
C6639,Male,Adult,Multan,2024-08-10,O10639,2025-04-12,McDonald's,Pasta,Italian,1,1290.8,Card,1,2025-08-04,86,Inactive,4,2025-02-06,Delivered,1290.8
C5661,Female,Adult,Lahore,2024-11-17,O9661,2025-04-12,Burger King,Pizza,Fast Food,4,1387.15,Cash,5,2025-01-09,82,Active,5,2025-06-08,Delayed,5548.6
C3225,Other,Senior,Karachi,2025-05-17,O7225,2025-04-12,Subway,Burger,Dessert,5,1150.43,Wallet,24,2025-05-18,328,Active,5,2024-12-23,Cancelled,5752.15
C1251,Female,Senior,Islamabad,2024-01-07,O5251,2025-04-13,Burger King,Fries,Fast Food,4,769.46,Wallet,28,2025-05-01,86,Active,4,2025-05-12,Delayed,3077.84
C4370,Other,Teenager,Lahore,2024-10-18,O8370,2025-04-13,Subway,Pizza,Continental,5,1086.45,Wallet,36,2025-06-15,414,Active,2,2024-09-18,Delayed,5432.25
C6933,Male,Senior,Lahore,2024-06-25,O10933,2025-04-13,Burger King,Fries,Dessert,5,868.23,Wallet,20,2025-07-28,166,Active,3,2024-09-15,Delivered,4341.15
C6824,Female,Senior,Karachi,2025-05-12,O10824,2025-04-13,Pizza Hut,Sandwich,Italian,3,542.18,Card,18,2025-08-19,137,Inactive,3,2024-11-24,Delayed,1626.54
C1458,Other,Adult,Karachi,2024-05-16,O5458,2025-04-13,KFC,Pizza,Continental,1,1487.78,Card,46,2025-04-16,254,Inactive,4,2025-01-07,Delayed,1487.78
C3391,Male,Adult,Multan,2024-05-30,O7391,2025-04-13,McDonald's,Sandwich,Continental,1,673.48,Wallet,39,2025-03-04,177,Active,5,2025-03-02,Delivered,673.48
C1414,Male,Senior,Karachi,2024-08-03,O5414,2025-04-13,Burger King,Pizza,Continental,5,280.16,Card,5,2025-05-26,30,Active,3,2025-04-29,Delivered,1400.8
C2298,Female,Adult,Lahore,2024-03-03,O6298,2025-04-13,McDonald's,Burger,Fast Food,5,248.29,Card,35,2025-03-03,177,Active,1,2024-12-13,Delayed,1241.45
C6647,Other,Teenager,Peshawar,2024-03-23,O10647,2025-04-14,McDonald's,Sandwich,Fast Food,1,900.17,Cash,45,2024-11-18,170,Inactive,5,2025-05-25,Delivered,900.17
C3270,Male,Teenager,Karachi,2025-03-15,O7270,2025-04-14,Pizza Hut,Pizza,Continental,2,480.48,Card,20,2025-08-10,387,Inactive,4,2025-07-26,Cancelled,960.96
C6408,Female,Adult,Islamabad,2023-12-04,O10408,2025-04-14,McDonald's,Burger,Italian,1,779.13,Cash,16,2024-10-18,109,Inactive,2,2024-12-22,Delayed,779.13
C2534,Male,Senior,Islamabad,2024-01-30,O6534,2025-04-14,McDonald's,Pizza,Dessert,3,763.34,Cash,48,2025-01-20,145,Inactive,1,2025-03-08,Delayed,2290.02
C6938,Female,Teenager,Islamabad,2024-07-29,O10938,2025-04-14,Pizza Hut,Pizza,Italian,1,849.31,Cash,36,2025-05-24,1,Active,1,2025-03-28,Cancelled,849.31
C2874,Other,Senior,Islamabad,2023-09-03,O6874,2025-04-14,KFC,Fries,Continental,5,830.99,Cash,33,2024-08-27,403,Active,5,2024-12-05,Cancelled,4154.95
C5755,Other,Senior,Multan,2024-12-06,O9755,2025-04-14,Subway,Sandwich,Italian,4,233.22,Wallet,20,2025-06-04,467,Inactive,3,2025-01-21,Cancelled,932.88
C6076,Female,Teenager,Multan,2024-11-14,O10076,2025-04-15,McDonald's,Sandwich,Dessert,1,388.59,Cash,29,2025-01-20,46,Active,5,2025-02-22,Delayed,388.59
C5863,Male,Teenager,Islamabad,2024-08-03,O9863,2025-04-15,KFC,Burger,Chinese,3,786.86,Card,41,2025-06-04,55,Active,5,2024-08-26,Delivered,2360.58
C4780,Female,Teenager,Karachi,2023-09-30,O8780,2025-04-15,Subway,Pizza,Dessert,5,390.28,Cash,13,2024-10-16,455,Active,3,2025-06-08,Delayed,1951.4
C6359,Male,Teenager,Multan,2025-01-30,O10359,2025-04-15,Pizza Hut,Fries,Fast Food,4,1424.32,Cash,16,2025-06-14,257,Active,2,2024-10-14,Cancelled,5697.28
C4090,Male,Teenager,Lahore,2024-09-26,O8090,2025-04-15,KFC,Sandwich,Continental,5,1010.06,Cash,45,2025-04-08,409,Active,1,2025-01-11,Delivered,5050.3
C5512,Male,Senior,Peshawar,2024-11-24,O9512,2025-04-15,Pizza Hut,Pizza,Chinese,1,594.87,Card,35,2025-05-08,12,Inactive,1,2024-09-03,Cancelled,594.87
C2952,Male,Adult,Lahore,2024-09-14,O6952,2025-04-15,Pizza Hut,Pizza,Fast Food,1,330.36,Cash,34,2025-04-24,73,Active,5,2025-03-26,Delayed,330.36
C3444,Other,Adult,Lahore,2023-11-13,O7444,2025-04-15,McDonald's,Pizza,Italian,2,746.19,Card,2,2024-10-06,376,Active,3,2024-08-24,Delayed,1492.38
C5561,Male,Senior,Karachi,2024-08-28,O9561,2025-04-15,Burger King,Pasta,Italian,2,312.38,Card,46,2024-10-13,269,Inactive,4,2024-08-28,Cancelled,624.76
C5522,Female,Senior,Karachi,2023-10-29,O9522,2025-04-15,KFC,Fries,Continental,5,416.99,Card,38,2024-09-05,252,Inactive,5,2024-11-24,Delivered,2084.95
C1321,Female,Teenager,Islamabad,2024-12-15,O5321,2025-04-16,KFC,Pizza,Fast Food,2,1369.32,Cash,5,2025-07-23,412,Inactive,4,2025-06-01,Delivered,2738.64
C5219,Other,Adult,Islamabad,2023-09-16,O9219,2025-04-16,Subway,Fries,Chinese,3,1113.41,Card,7,2024-09-01,317,Active,1,2025-08-11,Delayed,3340.23
C5006,Male,Senior,Peshawar,2025-01-14,O9006,2025-04-16,KFC,Burger,Fast Food,4,367.43,Cash,49,2025-05-07,487,Inactive,5,2024-12-14,Delayed,1469.72
C5249,Other,Adult,Multan,2024-10-21,O9249,2025-04-16,Subway,Sandwich,Italian,2,277.23,Wallet,30,2024-12-19,88,Active,3,2025-08-21,Cancelled,554.46
C6793,Female,Senior,Peshawar,2023-12-05,O10793,2025-04-16,McDonald's,Pizza,Dessert,4,125.81,Wallet,33,2025-01-05,486,Inactive,5,2025-07-28,Delayed,503.24
C3393,Male,Adult,Karachi,2023-12-28,O7393,2025-04-16,McDonald's,Pizza,Italian,1,327.98,Cash,34,2025-03-06,156,Inactive,3,2024-10-19,Delayed,327.98
C4103,Female,Adult,Multan,2024-05-01,O8103,2025-04-17,Burger King,Pasta,Chinese,3,1379.85,Cash,21,2024-09-16,138,Active,1,2024-09-04,Delivered,4139.55
C1637,Female,Adult,Peshawar,2025-05-09,O5637,2025-04-17,Pizza Hut,Burger,Chinese,4,1227.12,Cash,20,2025-07-30,229,Inactive,3,2025-07-09,Delayed,4908.48
C1948,Male,Teenager,Peshawar,2025-04-24,O5948,2025-04-17,Subway,Sandwich,Dessert,4,817.25,Cash,36,2025-05-12,68,Active,5,2025-07-12,Cancelled,3269.0
C3010,Female,Senior,Peshawar,2025-05-09,O7010,2025-04-17,McDonald's,Burger,Continental,2,1479.74,Wallet,14,2025-08-03,158,Active,2,2025-04-27,Delivered,2959.48
C3813,Male,Adult,Peshawar,2025-03-31,O7813,2025-04-18,KFC,Pizza,Dessert,2,467.96,Cash,9,2025-07-18,51,Active,1,2025-03-14,Delayed,935.92
C2762,Male,Adult,Multan,2024-04-06,O6762,2025-04-18,Subway,Burger,Continental,4,1290.58,Card,40,2025-03-21,29,Inactive,2,2024-12-31,Cancelled,5162.32
C1109,Other,Senior,Karachi,2025-06-12,O5109,2025-04-18,Subway,Pasta,Continental,5,1025.0,Cash,37,2025-06-18,432,Active,4,2024-10-29,Delivered,5125.0
C1209,Other,Senior,Lahore,2025-02-13,O5209,2025-04-18,McDonald's,Sandwich,Italian,1,691.09,Cash,2,2025-02-14,415,Inactive,1,2024-11-01,Delayed,691.09
C6491,Other,Senior,Multan,2024-12-05,O10491,2025-04-18,Subway,Fries,Fast Food,3,258.77,Cash,27,2025-02-10,100,Inactive,5,2025-03-20,Delayed,776.31
C5689,Female,Adult,Karachi,2024-08-22,O9689,2025-04-18,McDonald's,Pizza,Dessert,1,876.76,Card,34,2025-06-06,491,Inactive,2,2025-03-10,Cancelled,876.76
C4511,Other,Senior,Multan,2023-11-04,O8511,2025-04-18,Subway,Sandwich,Continental,4,739.0,Wallet,10,2024-11-23,294,Inactive,1,2025-04-12,Delivered,2956.0
C3204,Male,Adult,Lahore,2024-11-09,O7204,2025-04-18,KFC,Pasta,Fast Food,1,143.72,Cash,49,2025-07-30,1,Active,2,2025-07-09,Delayed,143.72
C2494,Male,Adult,Lahore,2023-10-16,O6494,2025-04-18,McDonald's,Pizza,Italian,1,359.01,Wallet,16,2025-01-30,138,Active,2,2025-06-24,Delayed,359.01
C4299,Male,Teenager,Peshawar,2024-12-15,O8299,2025-04-19,Pizza Hut,Sandwich,Dessert,2,1179.61,Card,16,2025-06-11,307,Active,3,2025-05-25,Delayed,2359.22
C2920,Male,Teenager,Karachi,2024-04-30,O6920,2025-04-19,Subway,Pasta,Italian,5,207.5,Card,48,2024-10-27,241,Inactive,1,2025-04-16,Delayed,1037.5
C1925,Other,Teenager,Lahore,2024-05-31,O5925,2025-04-19,KFC,Burger,Dessert,1,549.19,Cash,18,2025-08-21,242,Active,2,2025-06-23,Delayed,549.19
C5802,Female,Teenager,Karachi,2023-10-22,O9802,2025-04-19,McDonald's,Pasta,Continental,4,1351.55,Wallet,12,2025-06-24,25,Inactive,2,2025-02-03,Delivered,5406.2
C5870,Other,Senior,Karachi,2024-08-05,O9870,2025-04-20,Pizza Hut,Pizza,Italian,1,225.99,Cash,23,2025-04-09,76,Inactive,5,2024-12-29,Delivered,225.99
C2053,Female,Adult,Islamabad,2025-01-21,O6053,2025-04-20,Burger King,Fries,Fast Food,5,527.11,Card,17,2025-06-21,495,Active,1,2025-02-25,Cancelled,2635.55
C2256,Other,Teenager,Islamabad,2023-11-05,O6256,2025-04-20,Burger King,Burger,Chinese,3,801.5,Card,33,2024-09-25,353,Active,2,2024-12-16,Cancelled,2404.5
C6141,Male,Adult,Peshawar,2025-01-06,O10141,2025-04-20,Pizza Hut,Pasta,Dessert,5,1324.83,Cash,46,2025-02-04,329,Inactive,2,2025-05-19,Delivered,6624.15
C6382,Male,Adult,Peshawar,2024-03-12,O10382,2025-04-20,KFC,Sandwich,Fast Food,1,1083.65,Wallet,48,2024-11-30,131,Active,2,2024-09-21,Cancelled,1083.65
C3916,Other,Teenager,Islamabad,2024-10-09,O7916,2025-04-20,KFC,Pasta,Continental,2,226.3,Card,16,2024-11-06,105,Active,4,2024-08-23,Delivered,452.6
C1894,Female,Adult,Multan,2023-10-29,O5894,2025-04-20,Burger King,Sandwich,Chinese,2,588.96,Wallet,50,2025-07-12,188,Active,2,2025-07-16,Cancelled,1177.92
C2797,Male,Senior,Peshawar,2025-02-06,O6797,2025-04-20,KFC,Pasta,Fast Food,1,1323.72,Card,29,2025-06-21,111,Inactive,4,2025-08-11,Cancelled,1323.72
C1044,Female,Senior,Karachi,2023-09-28,O5044,2025-04-21,Pizza Hut,Sandwich,Continental,2,1332.19,Wallet,22,2025-02-19,298,Inactive,1,2025-03-19,Delayed,2664.38
C5089,Other,Senior,Karachi,2024-09-10,O9089,2025-04-21,KFC,Pizza,Fast Food,1,187.78,Cash,14,2025-04-21,219,Active,5,2025-06-20,Delayed,187.78
C4517,Male,Teenager,Multan,2024-12-05,O8517,2025-04-21,Burger King,Fries,Dessert,3,566.76,Cash,31,2025-04-07,91,Active,2,2024-10-06,Delayed,1700.28
C1227,Other,Adult,Multan,2023-10-24,O5227,2025-04-21,Subway,Pasta,Continental,2,1499.95,Wallet,7,2025-08-13,497,Inactive,5,2025-07-14,Cancelled,2999.9
C5705,Male,Adult,Multan,2023-09-26,O9705,2025-04-21,Subway,Fries,Dessert,5,1243.32,Cash,11,2025-02-22,408,Inactive,2,2024-10-18,Delivered,6216.6
C1412,Female,Teenager,Peshawar,2025-01-19,O5412,2025-04-21,Subway,Pizza,Fast Food,4,203.11,Wallet,22,2025-02-24,86,Active,3,2025-03-12,Delayed,812.44
C5598,Male,Adult,Peshawar,2023-11-06,O9598,2025-04-22,Pizza Hut,Burger,Dessert,5,172.96,Card,28,2024-11-14,162,Inactive,3,2025-03-30,Delivered,864.8
C2397,Male,Adult,Lahore,2024-12-20,O6397,2025-04-22,Burger King,Fries,Italian,3,267.39,Wallet,7,2025-02-26,422,Active,2,2025-02-12,Delayed,802.17
C4036,Other,Senior,Multan,2024-11-01,O8036,2025-04-22,KFC,Sandwich,Italian,1,837.28,Wallet,11,2025-08-14,218,Active,1,2025-07-28,Delayed,837.28
C2951,Other,Adult,Islamabad,2024-07-03,O6951,2025-04-22,Burger King,Sandwich,Dessert,2,535.15,Card,27,2025-07-10,87,Active,5,2025-07-04,Cancelled,1070.3
C3831,Female,Senior,Peshawar,2025-06-22,O7831,2025-04-22,Subway,Fries,Chinese,3,1228.43,Cash,24,2025-06-23,299,Active,5,2024-10-18,Delayed,3685.29
C4066,Other,Senior,Karachi,2024-10-21,O8066,2025-04-22,Subway,Sandwich,Dessert,3,587.41,Wallet,17,2025-03-24,4,Inactive,5,2025-02-06,Delayed,1762.23
C5214,Female,Senior,Peshawar,2024-03-03,O9214,2025-04-23,KFC,Pasta,Chinese,4,289.68,Wallet,38,2025-08-08,450,Inactive,1,2025-01-18,Delivered,1158.72
C3754,Other,Adult,Karachi,2024-07-23,O7754,2025-04-23,KFC,Sandwich,Fast Food,1,1290.08,Cash,17,2024-11-27,39,Active,1,2024-12-25,Cancelled,1290.08
C6900,Female,Adult,Lahore,2025-03-01,O10900,2025-04-23,McDonald's,Burger,Fast Food,2,271.82,Card,8,2025-04-25,437,Inactive,3,2024-10-09,Cancelled,543.64
C3646,Male,Teenager,Peshawar,2025-04-12,O7646,2025-04-23,Subway,Fries,Dessert,1,1403.6,Card,37,2025-07-16,31,Inactive,3,2025-07-20,Cancelled,1403.6
C4274,Other,Teenager,Lahore,2025-03-29,O8274,2025-04-23,Subway,Pizza,Dessert,3,1384.22,Card,40,2025-07-03,94,Active,1,2025-02-18,Delivered,4152.66
C6766,Male,Adult,Lahore,2024-11-20,O10766,2025-04-23,Burger King,Pasta,Chinese,2,803.96,Cash,5,2024-12-14,283,Inactive,4,2025-01-14,Delivered,1607.92
C5954,Female,Adult,Multan,2024-12-19,O9954,2025-04-23,KFC,Sandwich,Fast Food,1,761.93,Wallet,38,2025-08-12,259,Active,4,2025-05-04,Delayed,761.93
C4546,Other,Adult,Lahore,2024-12-09,O8546,2025-04-23,McDonald's,Burger,Chinese,3,1175.85,Wallet,10,2025-08-07,132,Inactive,4,2025-04-24,Delayed,3527.55
C5298,Male,Teenager,Peshawar,2025-04-05,O9298,2025-04-23,Pizza Hut,Pasta,Fast Food,3,106.7,Wallet,10,2025-05-05,198,Active,3,2024-11-14,Delivered,320.1
C4376,Male,Teenager,Islamabad,2024-12-26,O8376,2025-04-24,KFC,Sandwich,Italian,1,295.14,Cash,8,2025-05-14,324,Active,5,2025-07-23,Cancelled,295.14
C2592,Male,Adult,Karachi,2024-04-16,O6592,2025-04-24,Burger King,Burger,Continental,2,1298.33,Card,39,2024-12-27,55,Inactive,4,2024-09-14,Delayed,2596.66
C3422,Female,Senior,Islamabad,2024-06-17,O7422,2025-04-24,Pizza Hut,Burger,Fast Food,3,1166.83,Card,27,2025-05-02,333,Active,2,2024-11-02,Cancelled,3500.49
C3529,Female,Teenager,Karachi,2024-12-08,O7529,2025-04-24,KFC,Pizza,Fast Food,3,658.63,Cash,47,2025-06-20,84,Active,1,2025-05-25,Cancelled,1975.89
C5942,Female,Adult,Peshawar,2024-12-07,O9942,2025-04-24,Pizza Hut,Pizza,Continental,2,1247.54,Cash,48,2025-04-12,54,Inactive,5,2025-03-28,Cancelled,2495.08
C2869,Other,Senior,Multan,2024-09-03,O6869,2025-04-24,Burger King,Pizza,Fast Food,1,272.61,Card,7,2025-03-31,422,Inactive,3,2024-11-08,Delivered,272.61
C5484,Male,Adult,Islamabad,2024-04-28,O9484,2025-04-25,KFC,Pasta,Continental,2,230.53,Cash,34,2024-08-24,205,Active,1,2025-05-08,Delayed,461.06
C2891,Female,Senior,Islamabad,2023-10-04,O6891,2025-04-25,Subway,Pasta,Italian,1,340.32,Card,26,2024-10-07,307,Active,5,2025-03-21,Delivered,340.32
C5080,Female,Teenager,Peshawar,2023-09-13,O9080,2025-04-25,Pizza Hut,Sandwich,Dessert,5,356.91,Card,47,2025-08-04,262,Active,2,2025-05-09,Delivered,1784.55
C2815,Female,Senior,Multan,2024-01-27,O6815,2025-04-25,Burger King,Pasta,Italian,3,560.78,Wallet,32,2024-09-21,16,Inactive,1,2024-11-11,Cancelled,1682.34
C2108,Female,Senior,Peshawar,2024-11-02,O6108,2025-04-25,Burger King,Sandwich,Italian,4,1362.25,Card,8,2025-06-19,354,Active,4,2025-08-14,Delivered,5449.0
C3688,Male,Teenager,Karachi,2024-09-14,O7688,2025-04-25,KFC,Pasta,Dessert,4,566.39,Cash,42,2025-07-16,419,Inactive,4,2025-07-12,Delivered,2265.56
C6906,Female,Senior,Peshawar,2023-09-09,O10906,2025-04-25,Subway,Fries,Chinese,5,1373.1,Wallet,34,2025-01-21,332,Inactive,3,2025-04-21,Cancelled,6865.5
C4797,Other,Teenager,Islamabad,2023-11-27,O8797,2025-04-25,Subway,Pasta,Dessert,3,966.86,Cash,22,2025-01-31,100,Active,5,2024-11-15,Delivered,2900.58
C3989,Other,Teenager,Multan,2025-04-10,O7989,2025-04-25,KFC,Fries,Dessert,5,409.72,Wallet,46,2025-06-16,137,Inactive,1,2025-08-19,Cancelled,2048.6
C3698,Other,Senior,Multan,2024-11-21,O7698,2025-04-26,KFC,Pizza,Italian,1,475.81,Card,7,2024-12-13,263,Inactive,2,2024-10-21,Delayed,475.81
C2235,Other,Adult,Islamabad,2024-11-30,O6235,2025-04-26,KFC,Pizza,Chinese,1,646.43,Card,10,2025-01-27,438,Inactive,4,2025-04-14,Delivered,646.43
C3788,Female,Adult,Multan,2023-12-05,O7788,2025-04-26,Pizza Hut,Fries,Chinese,2,181.8,Card,21,2024-10-02,329,Active,3,2025-02-05,Cancelled,363.6
C3320,Male,Teenager,Lahore,2024-11-09,O7320,2025-04-26,Burger King,Pasta,Chinese,5,1498.36,Cash,20,2025-02-06,103,Active,5,2024-10-05,Delayed,7491.8
C6850,Other,Teenager,Multan,2024-09-18,O10850,2025-04-26,McDonald's,Burger,Chinese,3,310.67,Wallet,18,2024-10-09,69,Active,1,2025-07-27,Cancelled,932.01
C5302,Female,Senior,Islamabad,2024-12-08,O9302,2025-04-26,Pizza Hut,Sandwich,Continental,4,771.34,Wallet,27,2024-12-24,383,Inactive,2,2025-02-22,Delayed,3085.36
C2340,Other,Senior,Multan,2023-11-20,O6340,2025-04-27,KFC,Pizza,Chinese,3,1201.64,Card,4,2024-10-25,412,Active,1,2024-10-28,Cancelled,3604.92
C1858,Female,Teenager,Peshawar,2024-12-22,O5858,2025-04-27,Burger King,Burger,Chinese,1,429.47,Card,46,2025-02-28,461,Inactive,3,2025-06-20,Delivered,429.47
C4482,Other,Senior,Karachi,2023-10-20,O8482,2025-04-27,KFC,Pasta,Italian,1,412.44,Cash,19,2024-12-27,480,Inactive,5,2025-04-12,Delayed,412.44
C2799,Male,Senior,Multan,2025-02-15,O6799,2025-04-27,McDonald's,Pizza,Chinese,4,447.67,Wallet,22,2025-08-20,75,Inactive,1,2025-05-18,Delayed,1790.68
C4081,Male,Adult,Karachi,2024-09-28,O8081,2025-04-27,KFC,Sandwich,Continental,3,1399.58,Card,11,2025-02-13,313,Active,1,2025-04-23,Cancelled,4198.74
C4760,Other,Senior,Multan,2025-01-09,O8760,2025-04-27,Burger King,Pasta,Italian,1,1359.23,Cash,21,2025-02-23,171,Active,4,2025-05-12,Delayed,1359.23
C5695,Other,Adult,Multan,2024-11-30,O9695,2025-04-27,Pizza Hut,Pasta,Fast Food,1,1201.04,Cash,37,2025-08-10,194,Active,5,2024-09-04,Cancelled,1201.04
C3900,Female,Adult,Multan,2024-04-04,O7900,2025-04-27,KFC,Pasta,Fast Food,2,939.98,Cash,48,2025-02-08,300,Inactive,4,2025-05-08,Delayed,1879.96
C1154,Male,Adult,Karachi,2024-09-18,O5154,2025-04-27,Subway,Sandwich,Chinese,2,308.72,Wallet,24,2025-05-19,118,Active,5,2025-03-31,Delivered,617.44
C5640,Male,Teenager,Peshawar,2024-08-26,O9640,2025-04-27,Subway,Fries,Chinese,1,844.38,Card,2,2025-07-12,324,Inactive,1,2025-06-17,Delivered,844.38
C2607,Male,Teenager,Lahore,2024-07-19,O6607,2025-04-27,KFC,Pasta,Fast Food,2,455.11,Wallet,1,2025-04-21,104,Active,3,2024-11-06,Delivered,910.22
C1374,Female,Teenager,Islamabad,2024-10-09,O5374,2025-04-27,Burger King,Pizza,Fast Food,1,175.96,Cash,50,2024-12-30,236,Active,2,2025-06-16,Cancelled,175.96
C5645,Other,Adult,Karachi,2024-08-05,O9645,2025-04-28,Burger King,Pizza,Dessert,3,1064.24,Card,44,2025-02-23,284,Active,5,2024-09-15,Delayed,3192.72
C6114,Other,Teenager,Lahore,2025-01-10,O10114,2025-04-28,Pizza Hut,Sandwich,Italian,4,279.36,Wallet,36,2025-04-11,164,Inactive,5,2024-09-08,Delayed,1117.44
C1092,Other,Adult,Islamabad,2025-01-16,O5092,2025-04-28,McDonald's,Pizza,Dessert,3,838.38,Card,29,2025-07-31,217,Active,4,2025-01-22,Delayed,2515.14
C1403,Male,Senior,Islamabad,2024-06-22,O5403,2025-04-28,Subway,Fries,Chinese,4,1200.23,Wallet,14,2025-06-24,374,Active,1,2024-08-24,Cancelled,4800.92
C2234,Female,Adult,Islamabad,2024-02-27,O6234,2025-04-29,Burger King,Burger,Dessert,5,171.17,Card,26,2025-06-29,479,Active,5,2025-03-12,Cancelled,855.85
C6916,Other,Senior,Islamabad,2024-04-05,O10916,2025-04-29,Pizza Hut,Pasta,Continental,1,870.38,Cash,2,2025-06-12,125,Active,3,2024-12-05,Delivered,870.38
C6727,Female,Teenager,Karachi,2024-12-16,O10727,2025-04-29,KFC,Fries,Fast Food,3,420.17,Cash,46,2025-02-07,322,Inactive,4,2024-11-11,Cancelled,1260.51
C5889,Female,Senior,Karachi,2024-09-27,O9889,2025-04-29,McDonald's,Pizza,Italian,3,1073.83,Wallet,45,2025-08-03,485,Inactive,1,2024-12-19,Delayed,3221.49
C3269,Female,Senior,Lahore,2024-08-24,O7269,2025-04-29,Pizza Hut,Fries,Fast Food,2,1024.4,Card,26,2025-01-31,268,Active,1,2025-06-22,Delayed,2048.8
C2225,Male,Teenager,Karachi,2025-04-06,O6225,2025-04-29,Pizza Hut,Pizza,Chinese,5,1269.72,Cash,39,2025-05-16,157,Inactive,3,2024-12-28,Delivered,6348.6
C3362,Male,Senior,Karachi,2024-04-24,O7362,2025-04-29,McDonald's,Pasta,Chinese,4,1280.62,Wallet,29,2025-06-26,312,Active,2,2025-06-20,Cancelled,5122.48
C5053,Other,Teenager,Islamabad,2024-11-21,O9053,2025-04-29,Pizza Hut,Fries,Chinese,3,259.84,Cash,33,2025-08-05,205,Inactive,3,2025-05-14,Delivered,779.52
C1963,Female,Senior,Karachi,2024-08-31,O5963,2025-04-29,Burger King,Sandwich,Dessert,1,976.63,Cash,3,2024-11-01,181,Active,5,2024-09-27,Delayed,976.63
C5175,Male,Teenager,Lahore,2024-08-15,O9175,2025-04-30,Subway,Pizza,Dessert,3,1368.81,Cash,41,2025-03-04,176,Inactive,5,2025-07-15,Delayed,4106.43
C5427,Female,Adult,Peshawar,2025-03-27,O9427,2025-04-30,McDonald's,Sandwich,Continental,2,850.43,Card,18,2025-05-13,230,Active,1,2025-03-08,Cancelled,1700.86
C2485,Female,Adult,Islamabad,2024-08-06,O6485,2025-04-30,Subway,Pizza,Continental,4,1106.48,Wallet,22,2024-11-04,484,Inactive,4,2025-05-14,Delivered,4425.92
C1111,Male,Adult,Islamabad,2024-01-30,O5111,2025-04-30,Pizza Hut,Fries,Italian,3,330.8,Wallet,12,2025-01-14,300,Active,2,2024-12-08,Cancelled,992.4
C3172,Other,Adult,Lahore,2024-04-04,O7172,2025-04-30,McDonald's,Sandwich,Fast Food,4,783.93,Cash,31,2025-07-18,170,Active,3,2025-05-08,Delivered,3135.72
C4733,Female,Teenager,Multan,2024-09-25,O8733,2025-04-30,McDonald's,Burger,Fast Food,3,1049.72,Cash,18,2025-03-12,41,Active,2,2025-03-29,Delivered,3149.16
C2175,Male,Teenager,Islamabad,2024-11-12,O6175,2025-04-30,Subway,Pasta,Chinese,4,232.01,Card,32,2024-12-29,313,Active,4,2025-02-17,Delayed,928.04
C5082,Male,Adult,Islamabad,2024-04-14,O9082,2025-05-01,Subway,Pizza,Fast Food,2,475.07,Cash,12,2025-02-15,319,Active,4,2025-07-06,Delivered,950.14
C1816,Other,Adult,Peshawar,2023-12-24,O5816,2025-05-01,McDonald's,Sandwich,Chinese,1,125.73,Card,32,2024-11-18,251,Active,5,2025-04-02,Delayed,125.73
C1516,Other,Senior,Peshawar,2025-04-19,O5516,2025-05-01,KFC,Sandwich,Dessert,1,669.37,Cash,34,2025-07-31,359,Inactive,1,2025-03-30,Delivered,669.37
C1813,Male,Senior,Peshawar,2023-10-17,O5813,2025-05-01,McDonald's,Fries,Continental,1,755.72,Cash,5,2024-08-27,182,Active,2,2024-12-23,Delayed,755.72
C2977,Male,Adult,Islamabad,2024-07-11,O6977,2025-05-01,Subway,Fries,Dessert,1,983.45,Wallet,38,2024-11-28,63,Inactive,4,2025-07-21,Cancelled,983.45
C5205,Other,Adult,Islamabad,2025-02-06,O9205,2025-05-01,Subway,Burger,Chinese,1,312.31,Card,29,2025-03-07,450,Active,5,2024-10-05,Delayed,312.31
C1276,Male,Teenager,Peshawar,2024-05-16,O5276,2025-05-02,Burger King,Sandwich,Continental,1,1375.87,Cash,40,2025-02-11,125,Active,5,2025-02-03,Cancelled,1375.87
C3744,Male,Adult,Karachi,2024-01-01,O7744,2025-05-02,KFC,Fries,Chinese,3,678.43,Card,15,2025-03-28,406,Active,4,2025-05-07,Cancelled,2035.29
C6180,Male,Senior,Karachi,2025-02-19,O10180,2025-05-02,Subway,Pasta,Fast Food,3,977.17,Cash,11,2025-03-22,309,Inactive,5,2024-12-13,Cancelled,2931.51
C1337,Female,Senior,Peshawar,2023-09-13,O5337,2025-05-02,Burger King,Burger,Chinese,1,549.47,Wallet,42,2024-10-12,345,Active,3,2025-08-04,Delayed,549.47
C1392,Male,Senior,Karachi,2024-09-09,O5392,2025-05-02,Subway,Burger,Italian,2,732.99,Cash,41,2024-09-24,210,Inactive,5,2025-02-28,Cancelled,1465.98
C1441,Other,Adult,Lahore,2024-10-22,O5441,2025-05-02,Burger King,Burger,Continental,3,1125.9,Cash,7,2025-06-21,175,Active,4,2025-08-19,Delayed,3377.7
C1775,Other,Adult,Multan,2024-04-03,O5775,2025-05-02,Subway,Sandwich,Chinese,5,1389.33,Cash,8,2025-06-14,74,Active,5,2025-07-24,Cancelled,6946.65
C6397,Other,Adult,Islamabad,2024-11-11,O10397,2025-05-02,McDonald's,Burger,Continental,2,1356.54,Card,9,2024-12-10,377,Active,3,2025-02-01,Delayed,2713.08
C4986,Female,Adult,Multan,2023-11-16,O8986,2025-05-02,Burger King,Pizza,Fast Food,4,384.51,Cash,44,2025-05-17,209,Active,1,2024-11-29,Cancelled,1538.04
C2571,Female,Senior,Multan,2024-09-08,O6571,2025-05-03,Burger King,Sandwich,Continental,5,975.15,Card,27,2025-03-19,443,Active,5,2025-05-12,Delayed,4875.75
C2939,Male,Adult,Islamabad,2024-02-08,O6939,2025-05-03,KFC,Pasta,Fast Food,3,1239.5,Wallet,31,2025-02-08,303,Inactive,3,2025-02-23,Delivered,3718.5
C2307,Other,Teenager,Islamabad,2024-02-11,O6307,2025-05-03,Burger King,Sandwich,Dessert,2,1196.77,Card,29,2025-02-24,227,Inactive,5,2025-08-18,Delayed,2393.54
C1540,Male,Senior,Multan,2023-10-27,O5540,2025-05-03,McDonald's,Pasta,Fast Food,4,798.62,Cash,7,2024-10-21,11,Inactive,4,2024-11-22,Delayed,3194.48
C6941,Female,Senior,Multan,2024-07-04,O10941,2025-05-03,Burger King,Burger,Italian,4,935.99,Card,17,2025-03-30,158,Active,5,2024-11-26,Delivered,3743.96
C4946,Female,Adult,Peshawar,2024-10-08,O8946,2025-05-03,McDonald's,Burger,Fast Food,4,436.08,Card,14,2024-12-29,453,Inactive,1,2025-04-23,Cancelled,1744.32
C4052,Female,Adult,Peshawar,2024-04-25,O8052,2025-05-04,Pizza Hut,Pasta,Italian,1,758.75,Cash,25,2025-07-21,67,Active,1,2025-01-23,Delivered,758.75
C6800,Other,Teenager,Multan,2024-08-14,O10800,2025-05-04,Burger King,Pizza,Continental,3,548.68,Card,48,2025-03-26,260,Active,5,2024-08-24,Delivered,1646.04
C2657,Male,Adult,Lahore,2025-01-09,O6657,2025-05-04,KFC,Pizza,Chinese,4,851.2,Wallet,12,2025-06-30,350,Active,3,2025-01-11,Delivered,3404.8
C5713,Female,Teenager,Karachi,2024-01-14,O9713,2025-05-04,Subway,Pizza,Italian,2,1039.7,Wallet,35,2024-11-29,262,Inactive,2,2025-05-11,Cancelled,2079.4
C3434,Female,Senior,Peshawar,2025-05-13,O7434,2025-05-04,Burger King,Sandwich,Dessert,1,1168.05,Cash,48,2025-06-15,153,Inactive,3,2024-09-14,Delayed,1168.05
C1023,Male,Teenager,Lahore,2024-11-19,O5023,2025-05-04,Pizza Hut,Pizza,Italian,1,572.1,Cash,43,2025-07-09,472,Active,4,2025-01-22,Cancelled,572.1
C4671,Male,Senior,Islamabad,2024-12-28,O8671,2025-05-04,McDonald's,Sandwich,Chinese,2,1072.35,Wallet,26,2025-07-09,107,Inactive,2,2024-11-10,Cancelled,2144.7
C1643,Other,Teenager,Multan,2023-11-23,O5643,2025-05-04,KFC,Pasta,Continental,1,1083.88,Wallet,23,2025-02-25,60,Active,3,2024-12-24,Delivered,1083.88
C5991,Other,Senior,Karachi,2024-12-08,O9991,2025-05-05,Burger King,Burger,Continental,5,353.94,Cash,42,2025-02-14,112,Inactive,1,2024-11-02,Delayed,1769.7
C6817,Other,Senior,Lahore,2024-03-11,O10817,2025-05-05,Subway,Sandwich,Italian,4,1459.27,Cash,8,2024-08-27,344,Inactive,4,2024-08-25,Cancelled,5837.08
C3781,Female,Adult,Multan,2024-01-27,O7781,2025-05-05,KFC,Fries,Fast Food,3,499.97,Cash,22,2024-09-26,49,Active,4,2025-07-22,Delayed,1499.91
C2337,Female,Adult,Peshawar,2024-01-26,O6337,2025-05-05,Subway,Fries,Fast Food,5,1127.94,Card,28,2025-07-24,462,Active,1,2024-12-25,Delayed,5639.7
C2515,Female,Adult,Karachi,2024-08-24,O6515,2025-05-05,Burger King,Fries,Fast Food,5,1499.01,Wallet,18,2024-08-30,352,Active,5,2025-04-14,Delayed,7495.05
C1143,Male,Adult,Multan,2024-02-06,O5143,2025-05-06,Subway,Fries,Italian,4,1456.25,Wallet,47,2025-07-03,29,Inactive,2,2024-10-13,Cancelled,5825.0
C3741,Female,Senior,Lahore,2023-09-09,O7741,2025-05-06,Burger King,Fries,Fast Food,4,352.18,Wallet,4,2025-04-28,479,Inactive,2,2024-10-31,Delayed,1408.72
C1487,Other,Teenager,Multan,2023-09-08,O5487,2025-05-06,KFC,Pizza,Fast Food,5,1325.09,Card,18,2024-11-16,461,Active,2,2024-11-27,Cancelled,6625.45
C4796,Other,Adult,Karachi,2024-10-28,O8796,2025-05-06,Pizza Hut,Pizza,Continental,2,332.1,Cash,26,2024-11-25,89,Inactive,4,2024-10-23,Delivered,664.2
C5192,Male,Teenager,Peshawar,2024-01-13,O9192,2025-05-06,Burger King,Sandwich,Italian,3,1004.25,Card,2,2025-01-05,45,Active,1,2025-07-20,Cancelled,3012.75
C2101,Other,Teenager,Karachi,2024-08-31,O6101,2025-05-06,McDonald's,Pasta,Italian,3,682.28,Cash,47,2025-07-09,221,Inactive,4,2024-10-08,Delivered,2046.84
C5490,Male,Senior,Peshawar,2025-04-29,O9490,2025-05-06,McDonald's,Fries,Chinese,1,1071.75,Cash,21,2025-08-11,321,Inactive,3,2025-08-08,Cancelled,1071.75
C1659,Other,Senior,Karachi,2023-10-20,O5659,2025-05-06,Subway,Pasta,Dessert,1,1163.6,Wallet,15,2025-04-05,195,Active,4,2025-07-13,Cancelled,1163.6
C1009,Female,Teenager,Islamabad,2023-08-25,O5009,2025-05-07,Burger King,Pasta,Italian,2,382.73,Card,7,2024-12-03,355,Active,5,2025-06-01,Delayed,765.46
C6308,Other,Adult,Lahore,2024-02-01,O10308,2025-05-07,Pizza Hut,Pizza,Continental,4,434.95,Cash,20,2024-09-21,434,Inactive,1,2025-06-10,Delivered,1739.8
C2928,Other,Senior,Multan,2024-10-17,O6928,2025-05-07,Pizza Hut,Sandwich,Italian,4,463.79,Wallet,29,2025-08-15,245,Inactive,2,2025-01-15,Delayed,1855.16
C2501,Female,Adult,Lahore,2023-12-09,O6501,2025-05-07,KFC,Pasta,Chinese,1,132.38,Cash,20,2024-11-18,85,Active,5,2024-12-23,Cancelled,132.38
C1144,Other,Adult,Karachi,2024-01-13,O5144,2025-05-07,McDonald's,Burger,Fast Food,2,964.25,Card,35,2025-07-11,412,Active,4,2025-04-09,Cancelled,1928.5
C4852,Male,Adult,Lahore,2024-04-17,O8852,2025-05-08,McDonald's,Sandwich,Chinese,2,215.23,Card,48,2025-03-29,141,Active,3,2024-12-01,Delivered,430.46
C4960,Male,Senior,Karachi,2024-08-31,O8960,2025-05-08,Subway,Pasta,Dessert,1,906.73,Card,38,2025-08-11,406,Inactive,2,2025-07-23,Delivered,906.73
C6719,Other,Teenager,Multan,2024-04-11,O10719,2025-05-08,Subway,Pizza,Chinese,3,558.06,Wallet,12,2025-06-29,498,Inactive,3,2025-07-15,Delayed,1674.18
C6070,Male,Adult,Multan,2023-12-20,O10070,2025-05-08,KFC,Fries,Continental,3,257.37,Wallet,24,2025-01-03,276,Inactive,3,2025-02-16,Delayed,772.11
C6997,Other,Adult,Islamabad,2024-09-29,O10997,2025-05-08,McDonald's,Fries,Fast Food,5,335.64,Wallet,28,2025-02-11,322,Active,3,2025-07-07,Delivered,1678.2
C5139,Other,Senior,Peshawar,2024-04-06,O9139,2025-05-08,McDonald's,Fries,Fast Food,3,1152.12,Cash,9,2025-08-11,55,Inactive,5,2025-07-31,Delayed,3456.36
C2342,Other,Teenager,Lahore,2023-09-09,O6342,2025-05-08,Pizza Hut,Burger,Italian,4,904.32,Card,25,2024-10-27,21,Inactive,3,2025-05-20,Delivered,3617.28
C5220,Male,Teenager,Lahore,2023-12-15,O9220,2025-05-08,Subway,Fries,Continental,3,185.84,Wallet,16,2024-12-11,104,Inactive,4,2025-07-22,Delayed,557.52
C5162,Female,Senior,Islamabad,2024-07-19,O9162,2025-05-08,KFC,Sandwich,Dessert,1,1240.76,Card,17,2024-12-10,293,Inactive,5,2024-10-04,Delayed,1240.76
C5860,Other,Adult,Multan,2024-09-03,O9860,2025-05-08,Subway,Sandwich,Chinese,4,980.01,Card,11,2025-07-24,90,Inactive,2,2025-07-21,Cancelled,3920.04
C4706,Male,Senior,Peshawar,2023-10-10,O8706,2025-05-09,Burger King,Burger,Continental,1,165.82,Card,13,2025-06-08,436,Inactive,5,2025-01-16,Delivered,165.82
C1934,Male,Senior,Karachi,2025-02-08,O5934,2025-05-09,Pizza Hut,Fries,Fast Food,3,310.16,Wallet,29,2025-05-02,237,Active,3,2024-08-23,Cancelled,930.48
C3005,Female,Senior,Karachi,2024-02-19,O7005,2025-05-09,Pizza Hut,Fries,Italian,5,967.2,Card,37,2025-05-25,164,Active,1,2024-10-25,Delivered,4836.0
C6464,Other,Teenager,Lahore,2023-11-18,O10464,2025-05-09,Subway,Pizza,Chinese,3,1129.81,Wallet,36,2024-11-30,485,Active,2,2025-04-07,Delivered,3389.43
C5466,Other,Adult,Karachi,2024-01-13,O9466,2025-05-09,Subway,Fries,Italian,3,474.38,Card,10,2024-10-16,109,Inactive,4,2025-01-13,Cancelled,1423.14
C1919,Female,Adult,Lahore,2023-09-29,O5919,2025-05-09,McDonald's,Fries,Italian,2,1360.49,Cash,49,2024-12-11,162,Active,1,2025-03-21,Cancelled,2720.98
C1908,Female,Senior,Lahore,2024-05-10,O5908,2025-05-09,McDonald's,Pasta,Fast Food,3,1177.51,Card,39,2024-10-31,470,Inactive,2,2025-01-02,Delivered,3532.53
C4564,Male,Adult,Islamabad,2023-09-19,O8564,2025-05-09,Burger King,Burger,Italian,4,991.66,Card,20,2025-02-20,319,Active,3,2025-03-27,Delivered,3966.64
C3753,Female,Teenager,Lahore,2025-01-29,O7753,2025-05-09,Subway,Pizza,Italian,1,1458.48,Card,43,2025-04-29,206,Active,4,2024-09-17,Cancelled,1458.48
C3469,Female,Adult,Peshawar,2025-03-17,O7469,2025-05-09,Subway,Sandwich,Dessert,1,486.94,Wallet,21,2025-08-15,127,Active,5,2025-08-17,Delivered,486.94
C4464,Female,Teenager,Karachi,2024-09-12,O8464,2025-05-09,Subway,Pizza,Fast Food,3,619.67,Cash,35,2024-09-24,437,Active,4,2025-03-05,Delayed,1859.01
C4049,Other,Teenager,Karachi,2024-03-31,O8049,2025-05-10,Subway,Pizza,Italian,3,999.26,Card,20,2025-01-15,210,Inactive,4,2025-07-06,Cancelled,2997.78
C1258,Female,Adult,Karachi,2023-09-08,O5258,2025-05-10,Subway,Pasta,Italian,1,1224.69,Card,30,2025-08-07,476,Active,1,2025-02-23,Delayed,1224.69
C1377,Female,Adult,Islamabad,2025-04-06,O5377,2025-05-10,KFC,Fries,Italian,5,949.42,Wallet,48,2025-05-27,18,Inactive,1,2024-09-30,Delayed,4747.1
C2838,Female,Senior,Islamabad,2024-07-30,O6838,2025-05-11,McDonald's,Sandwich,Italian,5,607.62,Cash,37,2024-09-01,285,Active,4,2024-12-30,Delivered,3038.1
C3351,Female,Adult,Peshawar,2024-10-13,O7351,2025-05-11,Pizza Hut,Sandwich,Dessert,5,888.4,Card,11,2025-08-17,305,Active,3,2025-03-24,Cancelled,4442.0
C1442,Female,Senior,Lahore,2024-09-11,O5442,2025-05-11,McDonald's,Sandwich,Chinese,2,1110.6,Cash,32,2025-06-30,438,Inactive,3,2025-01-28,Delayed,2221.2
C5758,Other,Teenager,Lahore,2024-10-05,O9758,2025-05-11,Subway,Sandwich,Continental,5,799.64,Cash,45,2025-06-17,162,Inactive,4,2025-04-13,Delivered,3998.2
C3937,Other,Teenager,Peshawar,2024-04-12,O7937,2025-05-11,Burger King,Burger,Dessert,5,717.42,Cash,10,2025-06-03,139,Active,4,2025-06-29,Delayed,3587.1
C2736,Other,Adult,Lahore,2024-09-22,O6736,2025-05-11,Subway,Fries,Dessert,1,1157.24,Wallet,14,2025-08-21,152,Inactive,2,2025-01-26,Delivered,1157.24
C5336,Male,Adult,Peshawar,2024-11-02,O9336,2025-05-11,KFC,Burger,Chinese,1,764.52,Wallet,27,2025-05-16,157,Inactive,2,2025-01-18,Delayed,764.52
C2904,Other,Teenager,Lahore,2024-11-07,O6904,2025-05-11,KFC,Pasta,Fast Food,2,593.34,Card,45,2025-07-18,409,Inactive,1,2025-05-02,Cancelled,1186.68
C1206,Other,Teenager,Islamabad,2025-05-30,O5206,2025-05-11,McDonald's,Pasta,Chinese,3,874.62,Cash,1,2025-07-09,383,Active,2,2024-10-18,Cancelled,2623.86
C6454,Other,Teenager,Peshawar,2025-02-11,O10454,2025-05-11,Subway,Sandwich,Italian,2,1160.2,Wallet,21,2025-08-15,181,Active,4,2025-03-25,Delivered,2320.4
C3183,Male,Teenager,Islamabad,2024-07-16,O7183,2025-05-12,KFC,Pasta,Continental,3,904.79,Cash,25,2024-09-07,355,Active,5,2025-06-15,Cancelled,2714.37
C6761,Other,Senior,Peshawar,2024-06-27,O10761,2025-05-12,Pizza Hut,Pizza,Fast Food,2,836.41,Card,44,2024-09-23,267,Active,4,2025-04-14,Cancelled,1672.82
C6867,Male,Senior,Peshawar,2024-06-26,O10867,2025-05-13,KFC,Burger,Chinese,3,980.75,Card,31,2025-03-05,186,Active,4,2025-03-25,Delayed,2942.25
C5841,Female,Teenager,Lahore,2025-01-21,O9841,2025-05-13,Pizza Hut,Pizza,Continental,5,1039.3,Card,9,2025-02-25,466,Inactive,1,2025-04-24,Delayed,5196.5
C6328,Male,Adult,Islamabad,2025-01-08,O10328,2025-05-13,Burger King,Sandwich,Italian,4,412.23,Wallet,40,2025-05-29,222,Active,5,2024-10-17,Cancelled,1648.92
C5871,Male,Senior,Islamabad,2023-11-11,O9871,2025-05-13,Burger King,Fries,Italian,3,1321.33,Wallet,14,2025-05-10,251,Active,5,2024-08-26,Delivered,3963.99
C5473,Female,Senior,Karachi,2024-04-03,O9473,2025-05-13,Pizza Hut,Sandwich,Chinese,2,211.07,Cash,24,2025-06-26,56,Active,5,2025-05-19,Cancelled,422.14
C6402,Male,Teenager,Lahore,2024-09-28,O10402,2025-05-14,Burger King,Sandwich,Chinese,2,916.97,Card,13,2025-05-02,8,Inactive,4,2024-10-11,Delivered,1833.94
C3819,Male,Adult,Karachi,2023-09-22,O7819,2025-05-14,KFC,Burger,Fast Food,1,1240.51,Wallet,17,2025-05-11,1,Inactive,4,2024-10-02,Delivered,1240.51
C6579,Other,Teenager,Islamabad,2024-08-08,O10579,2025-05-14,Pizza Hut,Fries,Continental,4,1424.6,Wallet,11,2025-02-23,14,Inactive,1,2024-08-31,Cancelled,5698.4
C4353,Male,Teenager,Islamabad,2024-12-12,O8353,2025-05-14,Burger King,Burger,Italian,5,1360.99,Wallet,17,2025-02-09,161,Inactive,4,2025-05-10,Delayed,6804.95
C1216,Male,Senior,Karachi,2023-11-18,O5216,2025-05-14,Subway,Pasta,Chinese,4,414.19,Cash,31,2025-06-28,278,Active,5,2025-04-21,Cancelled,1656.76
C2123,Male,Adult,Multan,2025-05-24,O6123,2025-05-14,KFC,Burger,Fast Food,5,433.17,Card,19,2025-06-15,411,Inactive,3,2025-04-19,Delivered,2165.85
C1738,Female,Teenager,Karachi,2024-10-08,O5738,2025-05-14,Subway,Pizza,Italian,5,877.27,Wallet,4,2025-06-09,286,Inactive,4,2024-09-27,Delayed,4386.35
C6974,Male,Senior,Multan,2023-08-24,O10974,2025-05-14,Burger King,Pasta,Fast Food,3,165.98,Wallet,15,2025-05-15,478,Inactive,4,2025-02-05,Cancelled,497.94
C2148,Other,Senior,Lahore,2023-12-04,O6148,2025-05-14,KFC,Pizza,Italian,4,1073.46,Cash,25,2025-05-02,294,Active,5,2025-05-04,Delayed,4293.84
C4196,Female,Adult,Peshawar,2024-08-31,O8196,2025-05-14,Pizza Hut,Sandwich,Chinese,2,1321.46,Card,33,2025-07-31,94,Active,4,2025-03-28,Delivered,2642.92
C6677,Female,Senior,Peshawar,2024-06-11,O10677,2025-05-14,McDonald's,Pizza,Dessert,2,289.17,Cash,11,2025-04-29,18,Active,1,2025-01-27,Cancelled,578.34
C6661,Female,Adult,Lahore,2024-12-30,O10661,2025-05-14,KFC,Pizza,Continental,2,517.78,Wallet,49,2025-07-21,321,Inactive,4,2024-11-13,Cancelled,1035.56
C1796,Male,Adult,Islamabad,2024-08-16,O5796,2025-05-14,McDonald's,Pizza,Fast Food,5,1259.93,Wallet,43,2025-01-31,437,Inactive,5,2025-05-17,Delivered,6299.65
C2309,Female,Adult,Lahore,2025-06-07,O6309,2025-05-15,Pizza Hut,Pasta,Fast Food,3,616.38,Card,12,2025-06-23,93,Active,5,2025-07-19,Delayed,1849.14
C5121,Other,Teenager,Multan,2025-02-02,O9121,2025-05-15,McDonald's,Pizza,Fast Food,2,181.48,Wallet,18,2025-02-23,446,Active,4,2024-09-10,Cancelled,362.96
C1138,Male,Senior,Multan,2024-09-28,O5138,2025-05-15,Subway,Burger,Italian,2,1308.63,Wallet,37,2025-01-06,471,Inactive,1,2025-08-13,Delivered,2617.26
C5709,Other,Teenager,Islamabad,2024-06-10,O9709,2025-05-15,Burger King,Fries,Continental,4,850.24,Wallet,49,2024-09-07,176,Inactive,3,2024-11-21,Delivered,3400.96
C3822,Male,Teenager,Lahore,2023-08-22,O7822,2025-05-15,Subway,Pasta,Fast Food,3,1131.68,Card,1,2024-08-21,98,Inactive,5,2025-07-31,Delayed,3395.04
C4457,Female,Teenager,Lahore,2023-10-08,O8457,2025-05-15,KFC,Fries,Fast Food,2,917.63,Cash,50,2025-08-16,77,Active,3,2024-12-29,Cancelled,1835.26
C6763,Female,Senior,Lahore,2024-12-23,O10763,2025-05-15,KFC,Sandwich,Continental,1,853.03,Wallet,42,2025-03-14,192,Inactive,4,2024-08-29,Delivered,853.03
C3958,Other,Teenager,Lahore,2023-08-22,O7958,2025-05-15,Pizza Hut,Burger,Chinese,5,1116.23,Wallet,11,2024-10-13,349,Active,5,2024-09-19,Cancelled,5581.15
C6760,Male,Senior,Lahore,2023-09-21,O10760,2025-05-16,McDonald's,Sandwich,Fast Food,3,1017.81,Wallet,42,2025-06-10,358,Active,5,2024-11-26,Delivered,3053.43
C6080,Female,Adult,Multan,2024-09-23,O10080,2025-05-16,Pizza Hut,Pizza,Chinese,5,734.85,Cash,25,2025-04-08,127,Active,3,2025-06-20,Cancelled,3674.25
C5059,Female,Senior,Karachi,2024-09-05,O9059,2025-05-16,KFC,Pizza,Italian,1,512.26,Wallet,20,2025-05-16,300,Active,1,2024-10-13,Delayed,512.26
C4224,Male,Teenager,Karachi,2024-11-30,O8224,2025-05-17,KFC,Pasta,Continental,4,278.06,Cash,21,2025-04-03,370,Active,3,2025-01-05,Delayed,1112.24
C2820,Female,Senior,Multan,2024-10-01,O6820,2025-05-17,Subway,Pasta,Chinese,1,685.07,Card,12,2024-10-06,410,Inactive,1,2025-08-06,Cancelled,685.07
C1387,Female,Senior,Islamabad,2023-09-03,O5387,2025-05-17,KFC,Fries,Fast Food,4,1167.28,Wallet,21,2025-04-03,358,Inactive,5,2025-03-03,Delivered,4669.12
C2419,Other,Adult,Karachi,2025-03-13,O6419,2025-05-17,Burger King,Burger,Dessert,3,619.63,Cash,32,2025-06-27,334,Inactive,1,2024-09-02,Delayed,1858.89
C1957,Male,Teenager,Islamabad,2024-11-16,O5957,2025-05-17,McDonald's,Pizza,Chinese,1,142.26,Wallet,20,2025-03-28,368,Inactive,3,2025-07-05,Delayed,142.26
C6372,Male,Teenager,Lahore,2023-10-31,O10372,2025-05-17,Pizza Hut,Pasta,Dessert,4,940.77,Card,11,2024-10-03,384,Inactive,2,2024-08-29,Delivered,3763.08
C1323,Other,Adult,Karachi,2023-12-28,O5323,2025-05-18,McDonald's,Sandwich,Chinese,4,1361.56,Cash,18,2024-12-08,41,Inactive,3,2025-04-14,Cancelled,5446.24
C4011,Female,Teenager,Islamabad,2024-05-13,O8011,2025-05-18,Pizza Hut,Pasta,Italian,4,750.05,Card,20,2025-07-02,53,Inactive,3,2025-05-24,Cancelled,3000.2
C5362,Male,Teenager,Karachi,2025-03-03,O9362,2025-05-18,Subway,Pizza,Fast Food,3,230.18,Wallet,11,2025-04-07,341,Active,5,2025-03-24,Cancelled,690.54
C1590,Female,Senior,Lahore,2025-05-20,O5590,2025-05-18,Subway,Sandwich,Continental,1,1340.45,Wallet,23,2025-06-29,92,Active,3,2025-03-07,Cancelled,1340.45
C3271,Female,Teenager,Islamabad,2024-11-17,O7271,2025-05-18,Pizza Hut,Sandwich,Fast Food,1,359.52,Card,12,2025-02-13,54,Active,4,2025-03-08,Delivered,359.52
C4273,Male,Teenager,Peshawar,2023-11-11,O8273,2025-05-18,Subway,Pasta,Dessert,2,1024.98,Cash,40,2025-02-20,183,Active,1,2024-11-24,Delayed,2049.96
C6658,Other,Senior,Peshawar,2024-07-04,O10658,2025-05-18,Pizza Hut,Pasta,Continental,4,639.15,Cash,47,2025-02-03,61,Active,2,2024-12-27,Delayed,2556.6
C3024,Other,Teenager,Lahore,2023-10-14,O7024,2025-05-18,McDonald's,Sandwich,Chinese,3,838.2,Cash,21,2024-09-09,473,Active,4,2025-06-17,Delayed,2514.6
C5140,Female,Senior,Islamabad,2025-05-18,O9140,2025-05-18,Burger King,Fries,Fast Food,2,651.18,Card,28,2025-08-13,105,Active,1,2025-03-30,Delivered,1302.36
C5148,Female,Adult,Peshawar,2024-02-24,O9148,2025-05-18,McDonald's,Burger,Fast Food,2,1257.05,Card,34,2024-12-12,158,Inactive,3,2025-02-12,Delayed,2514.1
C4135,Male,Teenager,Karachi,2024-10-07,O8135,2025-05-19,Burger King,Pasta,Fast Food,5,295.69,Cash,39,2024-12-27,383,Inactive,4,2025-07-14,Delivered,1478.45
C3494,Male,Adult,Islamabad,2024-03-16,O7494,2025-05-19,Pizza Hut,Fries,Italian,4,247.11,Wallet,35,2025-05-16,233,Inactive,1,2025-02-14,Delayed,988.44
C5609,Other,Adult,Peshawar,2025-02-19,O9609,2025-05-19,Burger King,Pasta,Fast Food,3,691.15,Wallet,13,2025-07-08,437,Active,4,2024-10-10,Cancelled,2073.45
C2343,Male,Teenager,Islamabad,2024-03-29,O6343,2025-05-19,McDonald's,Pizza,Italian,2,542.2,Cash,17,2025-01-24,464,Inactive,4,2025-07-23,Cancelled,1084.4
C5704,Male,Senior,Multan,2023-10-21,O9704,2025-05-19,McDonald's,Sandwich,Fast Food,3,277.04,Wallet,33,2025-01-23,483,Active,4,2024-12-26,Delayed,831.12
C2240,Other,Senior,Islamabad,2023-10-12,O6240,2025-05-19,McDonald's,Burger,Continental,1,1366.48,Card,19,2025-08-08,491,Inactive,1,2024-09-11,Delivered,1366.48
C5098,Other,Senior,Karachi,2024-07-26,O9098,2025-05-19,Burger King,Burger,Continental,2,568.4,Card,21,2025-02-15,162,Active,1,2025-02-06,Delayed,1136.8
C3033,Other,Senior,Multan,2024-06-07,O7033,2025-05-19,KFC,Pasta,Dessert,3,1433.58,Cash,17,2025-02-09,407,Active,1,2025-08-11,Delivered,4300.74
C1838,Male,Teenager,Peshawar,2023-12-16,O5838,2025-05-19,Subway,Burger,Italian,4,598.81,Card,32,2025-07-28,246,Active,1,2025-06-08,Delayed,2395.24
C5877,Female,Teenager,Multan,2025-02-12,O9877,2025-05-19,McDonald's,Pasta,Italian,2,1236.39,Card,37,2025-05-13,173,Inactive,4,2025-02-13,Cancelled,2472.78
C2860,Other,Adult,Peshawar,2025-04-21,O6860,2025-05-20,McDonald's,Pizza,Continental,1,308.67,Wallet,47,2025-07-13,87,Active,3,2025-05-18,Delivered,308.67
C5935,Female,Adult,Multan,2024-03-22,O9935,2025-05-20,KFC,Burger,Continental,1,1270.43,Cash,22,2025-06-19,76,Inactive,5,2025-07-25,Delayed,1270.43
C3157,Female,Senior,Karachi,2024-11-15,O7157,2025-05-20,Subway,Fries,Fast Food,4,1213.04,Cash,23,2025-05-20,64,Inactive,2,2025-04-19,Delayed,4852.16
C3382,Other,Teenager,Karachi,2024-02-19,O7382,2025-05-20,Burger King,Pizza,Fast Food,4,327.87,Card,38,2025-06-24,300,Active,2,2025-07-21,Delivered,1311.48
C2038,Male,Adult,Lahore,2024-05-05,O6038,2025-05-20,Burger King,Pasta,Chinese,1,603.52,Cash,36,2025-04-21,57,Active,5,2025-05-04,Cancelled,603.52
C4560,Other,Senior,Peshawar,2024-08-03,O8560,2025-05-20,KFC,Sandwich,Dessert,5,1421.5,Card,47,2024-12-13,402,Inactive,4,2025-01-09,Delivered,7107.5
C1635,Female,Adult,Karachi,2024-03-09,O5635,2025-05-20,Burger King,Fries,Continental,3,416.49,Cash,32,2025-07-25,165,Inactive,2,2024-11-30,Delayed,1249.47
C5814,Male,Teenager,Islamabad,2023-09-28,O9814,2025-05-20,Burger King,Burger,Continental,2,161.73,Cash,6,2025-08-20,8,Active,4,2025-01-06,Delivered,323.46
C2121,Male,Senior,Peshawar,2023-09-06,O6121,2025-05-20,Burger King,Pasta,Continental,4,583.54,Wallet,13,2025-02-02,490,Active,2,2025-04-12,Delayed,2334.16
C1856,Female,Teenager,Multan,2024-02-23,O5856,2025-05-21,KFC,Sandwich,Italian,4,1243.1,Wallet,38,2025-07-07,475,Inactive,4,2025-06-09,Delayed,4972.4
C1481,Male,Adult,Multan,2025-05-11,O5481,2025-05-21,McDonald's,Pasta,Fast Food,5,645.05,Wallet,11,2025-08-01,243,Active,4,2025-08-05,Delivered,3225.25
C5998,Female,Adult,Karachi,2024-10-18,O9998,2025-05-21,Burger King,Burger,Dessert,1,1496.02,Card,18,2025-02-23,211,Inactive,5,2024-10-04,Cancelled,1496.02
C2755,Other,Senior,Peshawar,2023-11-02,O6755,2025-05-21,McDonald's,Sandwich,Chinese,4,502.84,Card,47,2025-08-15,211,Active,5,2024-11-06,Delayed,2011.36
C5190,Other,Senior,Peshawar,2025-04-30,O9190,2025-05-21,Burger King,Pasta,Chinese,4,624.79,Card,43,2025-06-11,441,Inactive,5,2025-01-06,Delivered,2499.16
C3548,Female,Adult,Islamabad,2024-12-03,O7548,2025-05-21,Subway,Fries,Italian,3,164.6,Card,26,2025-01-22,154,Inactive,1,2024-10-12,Cancelled,493.8
C5584,Female,Senior,Lahore,2024-06-23,O9584,2025-05-21,KFC,Burger,Italian,5,428.98,Wallet,9,2025-07-06,258,Inactive,2,2025-05-16,Delayed,2144.9
C1658,Female,Teenager,Islamabad,2024-08-27,O5658,2025-05-21,KFC,Burger,Dessert,2,108.62,Cash,40,2024-11-28,132,Inactive,1,2024-09-28,Delivered,217.24
C5501,Other,Senior,Lahore,2025-02-25,O9501,2025-05-22,Subway,Burger,Chinese,4,1497.89,Wallet,5,2025-07-29,462,Inactive,4,2024-08-30,Cancelled,5991.56
C3796,Female,Teenager,Islamabad,2024-06-11,O7796,2025-05-22,Pizza Hut,Burger,Italian,4,892.73,Card,34,2024-09-04,355,Active,1,2024-10-24,Cancelled,3570.92
C5544,Other,Senior,Peshawar,2024-04-09,O9544,2025-05-22,KFC,Pasta,Fast Food,2,1373.27,Card,4,2025-08-01,189,Active,1,2025-01-06,Delayed,2746.54
C2066,Other,Adult,Karachi,2023-11-13,O6066,2025-05-22,Pizza Hut,Pasta,Fast Food,3,901.81,Card,25,2024-09-05,252,Active,5,2024-12-19,Cancelled,2705.43
C1872,Other,Teenager,Islamabad,2024-08-03,O5872,2025-05-22,Subway,Pizza,Fast Food,5,401.14,Card,12,2025-03-08,385,Active,3,2025-02-08,Cancelled,2005.7
C4991,Other,Senior,Peshawar,2024-09-15,O8991,2025-05-22,Pizza Hut,Burger,Fast Food,1,1117.64,Cash,31,2025-02-28,369,Inactive,1,2025-06-19,Delayed,1117.64
C1940,Other,Senior,Multan,2025-01-17,O5940,2025-05-22,Subway,Fries,Fast Food,1,205.79,Wallet,13,2025-08-16,240,Active,1,2025-07-04,Cancelled,205.79
C4268,Male,Senior,Multan,2024-03-12,O8268,2025-05-22,Subway,Pasta,Chinese,4,524.94,Cash,14,2025-04-17,488,Inactive,3,2025-01-23,Delayed,2099.76
C3759,Male,Senior,Islamabad,2024-09-04,O7759,2025-05-23,Subway,Pasta,Dessert,3,237.94,Card,12,2025-01-07,256,Inactive,4,2024-11-12,Cancelled,713.82
C2351,Male,Senior,Lahore,2024-06-25,O6351,2025-05-23,McDonald's,Fries,Chinese,3,461.14,Card,45,2025-01-25,299,Inactive,3,2025-08-09,Cancelled,1383.42
C5847,Male,Teenager,Lahore,2024-10-22,O9847,2025-05-23,Subway,Sandwich,Fast Food,1,459.35,Wallet,50,2024-12-30,492,Active,5,2025-07-10,Delivered,459.35
C1922,Male,Teenager,Lahore,2024-10-11,O5922,2025-05-23,Pizza Hut,Pizza,Chinese,4,543.08,Card,11,2024-11-27,332,Inactive,5,2025-02-06,Delayed,2172.32
C6540,Female,Adult,Islamabad,2024-10-04,O10540,2025-05-23,McDonald's,Sandwich,Dessert,2,697.87,Wallet,18,2024-11-01,412,Active,2,2024-10-05,Delayed,1395.74
C2316,Female,Senior,Multan,2025-04-08,O6316,2025-05-23,Pizza Hut,Pizza,Dessert,5,783.99,Cash,7,2025-07-04,110,Active,4,2024-11-27,Delivered,3919.95
C5072,Male,Senior,Karachi,2024-02-29,O9072,2025-05-23,Pizza Hut,Burger,Continental,2,931.35,Wallet,23,2025-01-25,208,Active,2,2024-08-29,Delivered,1862.7
C5764,Male,Teenager,Multan,2024-10-26,O9764,2025-05-23,KFC,Burger,Italian,3,994.5,Card,36,2024-11-08,168,Inactive,4,2024-10-26,Delayed,2983.5
C2166,Female,Adult,Lahore,2025-05-28,O6166,2025-05-24,McDonald's,Fries,Dessert,3,111.42,Card,40,2025-06-04,169,Inactive,3,2024-09-11,Delayed,334.26
C4336,Female,Adult,Peshawar,2024-10-31,O8336,2025-05-24,Subway,Fries,Italian,2,919.58,Cash,11,2025-05-18,129,Inactive,4,2025-05-18,Cancelled,1839.16
C2746,Female,Adult,Islamabad,2024-06-23,O6746,2025-05-24,Subway,Fries,Fast Food,2,485.63,Cash,37,2024-10-10,292,Active,2,2024-10-10,Delayed,971.26
C1812,Male,Adult,Islamabad,2023-11-21,O5812,2025-05-24,Pizza Hut,Burger,Italian,3,1409.13,Cash,11,2025-08-13,353,Active,2,2025-01-23,Delivered,4227.39
C2244,Female,Teenager,Peshawar,2024-08-25,O6244,2025-05-24,KFC,Burger,Continental,2,720.93,Cash,44,2025-07-30,404,Active,5,2024-09-25,Delivered,1441.86
C6179,Male,Adult,Islamabad,2024-04-06,O10179,2025-05-24,Burger King,Pasta,Continental,4,121.1,Wallet,23,2024-12-17,123,Active,4,2025-05-31,Delayed,484.4
C4240,Male,Adult,Peshawar,2024-09-27,O8240,2025-05-24,McDonald's,Fries,Chinese,1,219.93,Wallet,22,2024-12-18,382,Inactive,2,2025-03-29,Delivered,219.93
C5452,Male,Adult,Peshawar,2025-04-04,O9452,2025-05-24,McDonald's,Pasta,Italian,5,930.26,Cash,21,2025-06-29,178,Inactive,5,2025-07-16,Delayed,4651.3
C1745,Female,Senior,Karachi,2024-12-22,O5745,2025-05-25,Burger King,Sandwich,Fast Food,3,327.59,Wallet,50,2025-02-04,309,Active,4,2024-10-27,Cancelled,982.77
C5792,Female,Teenager,Peshawar,2024-11-26,O9792,2025-05-25,McDonald's,Sandwich,Dessert,5,725.18,Wallet,6,2025-07-23,339,Active,1,2025-07-23,Delivered,3625.9
C1051,Female,Senior,Islamabad,2024-07-26,O5051,2025-05-25,KFC,Burger,Continental,1,250.24,Wallet,5,2025-02-07,170,Inactive,3,2024-09-01,Delivered,250.24
C5741,Other,Senior,Lahore,2023-10-27,O9741,2025-05-25,Subway,Pasta,Dessert,4,578.47,Wallet,24,2025-08-16,68,Inactive,5,2025-08-19,Delayed,2313.88
C3480,Other,Teenager,Karachi,2024-02-20,O7480,2025-05-25,Burger King,Fries,Italian,5,1141.03,Wallet,49,2025-03-13,115,Inactive,5,2025-06-01,Delivered,5705.15
C4037,Male,Senior,Islamabad,2024-09-03,O8037,2025-05-25,McDonald's,Sandwich,Italian,4,411.39,Cash,31,2025-03-16,447,Active,5,2025-03-07,Cancelled,1645.56
C2527,Other,Teenager,Islamabad,2023-09-04,O6527,2025-05-25,McDonald's,Pasta,Fast Food,5,817.06,Cash,47,2025-03-28,64,Active,5,2025-01-30,Delivered,4085.3
C1196,Male,Teenager,Lahore,2024-08-22,O5196,2025-05-26,McDonald's,Burger,Italian,3,157.55,Card,32,2024-08-30,394,Inactive,3,2024-11-23,Delayed,472.65
C1439,Other,Adult,Lahore,2024-11-29,O5439,2025-05-26,KFC,Fries,Fast Food,4,192.51,Card,7,2025-06-01,370,Active,3,2024-09-21,Delivered,770.04
C5944,Male,Adult,Peshawar,2024-09-26,O9944,2025-05-26,Pizza Hut,Burger,Fast Food,1,846.49,Cash,15,2025-06-29,387,Active,2,2025-04-30,Delayed,846.49
C2186,Other,Teenager,Peshawar,2024-01-21,O6186,2025-05-26,Burger King,Pizza,Continental,5,720.3,Wallet,13,2024-10-01,271,Active,3,2025-06-06,Cancelled,3601.5
C3520,Female,Adult,Karachi,2024-04-02,O7520,2025-05-26,Burger King,Pasta,Dessert,5,479.24,Cash,1,2024-10-10,251,Inactive,5,2025-02-24,Delayed,2396.2
C2047,Female,Adult,Peshawar,2024-02-05,O6047,2025-05-26,McDonald's,Sandwich,Chinese,2,145.95,Cash,12,2025-06-15,486,Active,2,2024-11-20,Delayed,291.9
C6741,Other,Senior,Multan,2024-10-10,O10741,2025-05-26,Burger King,Fries,Dessert,2,933.9,Cash,19,2024-11-15,152,Inactive,4,2025-03-14,Delivered,1867.8
C1863,Female,Adult,Peshawar,2023-10-03,O5863,2025-05-26,Subway,Fries,Fast Food,4,127.56,Card,32,2024-10-22,130,Inactive,1,2024-11-24,Delayed,510.24
C5977,Female,Teenager,Lahore,2024-04-25,O9977,2025-05-27,Burger King,Sandwich,Italian,4,882.35,Card,42,2024-09-12,248,Inactive,5,2025-04-16,Delayed,3529.4
C1333,Female,Senior,Peshawar,2023-10-10,O5333,2025-05-27,Burger King,Burger,Italian,4,1197.23,Cash,50,2025-02-21,406,Inactive,4,2025-07-25,Cancelled,4788.92
C5005,Male,Teenager,Multan,2024-11-25,O9005,2025-05-27,McDonald's,Burger,Dessert,1,549.79,Card,8,2025-01-07,470,Active,4,2024-09-26,Delayed,549.79
C2359,Male,Senior,Islamabad,2025-02-03,O6359,2025-05-27,KFC,Pizza,Chinese,3,310.36,Card,3,2025-02-28,12,Inactive,4,2025-05-30,Delayed,931.08
C6918,Female,Adult,Peshawar,2024-04-01,O10918,2025-05-27,Subway,Fries,Chinese,5,1298.67,Cash,30,2025-04-21,251,Active,1,2025-03-12,Cancelled,6493.35
C4150,Other,Teenager,Multan,2023-09-13,O8150,2025-05-27,Subway,Sandwich,Dessert,2,137.94,Cash,40,2025-02-04,92,Inactive,4,2024-12-14,Delayed,275.88
C6920,Male,Adult,Multan,2024-11-24,O10920,2025-05-27,McDonald's,Burger,Chinese,2,1068.41,Card,29,2025-07-19,149,Active,2,2024-09-04,Delivered,2136.82
C4889,Female,Adult,Islamabad,2024-12-05,O8889,2025-05-27,McDonald's,Pizza,Italian,2,1397.55,Wallet,8,2025-05-25,333,Active,4,2024-10-27,Delayed,2795.1
C4412,Other,Adult,Islamabad,2024-01-17,O8412,2025-05-27,McDonald's,Pizza,Fast Food,1,882.12,Wallet,17,2025-02-17,178,Active,4,2025-07-20,Cancelled,882.12
C2780,Male,Teenager,Karachi,2024-06-15,O6780,2025-05-28,KFC,Pizza,Chinese,2,146.06,Wallet,6,2025-03-06,166,Active,2,2025-05-14,Cancelled,292.12
C6851,Other,Adult,Multan,2024-07-08,O10851,2025-05-28,Pizza Hut,Pasta,Chinese,3,586.56,Wallet,26,2024-10-09,300,Inactive,4,2024-12-05,Cancelled,1759.68
C5966,Female,Teenager,Karachi,2024-09-02,O9966,2025-05-28,Burger King,Fries,Fast Food,3,324.74,Cash,40,2025-02-23,376,Active,2,2024-12-02,Delayed,974.22
C6894,Female,Adult,Lahore,2025-05-11,O10894,2025-05-28,McDonald's,Pizza,Dessert,1,216.76,Cash,13,2025-05-16,361,Inactive,5,2024-12-22,Delayed,216.76
C1171,Female,Adult,Islamabad,2025-02-26,O5171,2025-05-28,Pizza Hut,Burger,Continental,1,1273.46,Wallet,18,2025-07-15,430,Active,5,2024-11-22,Cancelled,1273.46
C4142,Female,Teenager,Multan,2024-02-22,O8142,2025-05-28,Pizza Hut,Fries,Dessert,2,1180.28,Cash,24,2025-04-23,302,Inactive,5,2025-03-23,Delivered,2360.56
C2139,Male,Senior,Multan,2023-11-21,O6139,2025-05-28,McDonald's,Burger,Dessert,4,565.1,Cash,7,2025-07-28,157,Inactive,2,2025-08-19,Delayed,2260.4
C3509,Female,Senior,Multan,2023-10-30,O7509,2025-05-28,Subway,Pizza,Fast Food,2,220.14,Card,15,2024-12-17,56,Inactive,1,2024-11-23,Cancelled,440.28
C3069,Female,Teenager,Multan,2025-03-23,O7069,2025-05-28,Subway,Sandwich,Dessert,5,886.76,Wallet,44,2025-05-05,299,Inactive,4,2025-05-25,Delayed,4433.8
C4702,Male,Teenager,Karachi,2024-12-03,O8702,2025-05-29,Burger King,Fries,Dessert,4,127.31,Wallet,47,2025-05-10,420,Active,2,2024-09-16,Delivered,509.24
C3892,Female,Adult,Islamabad,2024-08-15,O7892,2025-05-29,Burger King,Burger,Fast Food,4,622.64,Cash,23,2025-04-11,239,Active,1,2024-11-07,Delayed,2490.56
C3030,Other,Teenager,Islamabad,2024-09-17,O7030,2025-05-29,KFC,Pizza,Fast Food,3,190.79,Card,18,2024-11-21,110,Active,5,2025-08-18,Delayed,572.37
C2772,Other,Adult,Islamabad,2025-02-18,O6772,2025-05-29,KFC,Burger,Continental,5,1425.51,Cash,12,2025-03-04,130,Inactive,4,2025-06-28,Delivered,7127.55
C3706,Other,Teenager,Karachi,2024-11-09,O7706,2025-05-29,KFC,Sandwich,Continental,5,1179.7,Wallet,27,2024-12-04,437,Inactive,5,2025-01-07,Delayed,5898.5
C1700,Other,Adult,Islamabad,2023-11-09,O5700,2025-05-29,Burger King,Sandwich,Italian,1,161.67,Wallet,40,2024-10-22,104,Inactive,5,2025-01-03,Delivered,161.67
C3044,Male,Teenager,Karachi,2024-01-01,O7044,2025-05-30,Pizza Hut,Pizza,Fast Food,2,412.08,Card,48,2024-11-07,466,Inactive,2,2025-07-22,Cancelled,824.16
C3305,Female,Adult,Islamabad,2025-01-24,O7305,2025-05-30,Pizza Hut,Pasta,Italian,5,921.51,Wallet,31,2025-04-21,469,Active,3,2025-08-04,Delivered,4607.55
C2363,Male,Senior,Multan,2025-04-11,O6363,2025-05-30,Subway,Sandwich,Chinese,1,889.53,Wallet,17,2025-06-09,408,Inactive,4,2024-10-07,Delayed,889.53
C5739,Female,Senior,Karachi,2024-09-26,O9739,2025-05-30,KFC,Fries,Fast Food,4,294.67,Wallet,25,2025-03-05,31,Active,4,2025-02-16,Cancelled,1178.68
C5453,Other,Adult,Peshawar,2024-11-02,O9453,2025-05-30,Subway,Pasta,Continental,5,1461.92,Card,23,2025-04-15,29,Active,5,2025-04-11,Delayed,7309.6
C2598,Male,Senior,Lahore,2025-01-18,O6598,2025-05-30,Subway,Pizza,Dessert,1,1021.91,Cash,36,2025-08-21,450,Inactive,2,2025-02-14,Delayed,1021.91
C3339,Female,Teenager,Lahore,2024-09-25,O7339,2025-05-31,Burger King,Sandwich,Continental,3,1345.26,Cash,33,2025-07-26,303,Active,4,2025-04-06,Delayed,4035.78
C5401,Female,Adult,Multan,2024-05-28,O9401,2025-05-31,Subway,Sandwich,Fast Food,4,974.2,Wallet,22,2025-05-09,10,Inactive,1,2024-09-28,Delivered,3896.8
C6236,Male,Teenager,Peshawar,2024-05-04,O10236,2025-05-31,Subway,Burger,Italian,2,858.97,Cash,12,2024-09-01,38,Inactive,3,2025-06-10,Delayed,1717.94
C3474,Male,Adult,Peshawar,2024-06-06,O7474,2025-05-31,Pizza Hut,Sandwich,Chinese,3,142.86,Card,28,2024-08-24,470,Active,3,2025-03-16,Delayed,428.58
C4903,Male,Teenager,Karachi,2024-09-13,O8903,2025-05-31,Subway,Pasta,Continental,3,1476.49,Wallet,29,2025-02-27,446,Active,4,2025-03-27,Delivered,4429.47
C1160,Female,Adult,Lahore,2024-03-03,O5160,2025-05-31,McDonald's,Pasta,Continental,3,651.75,Cash,15,2025-07-12,64,Active,4,2024-11-14,Cancelled,1955.25
C4998,Female,Teenager,Lahore,2024-11-17,O8998,2025-05-31,Subway,Sandwich,Dessert,1,594.8,Card,26,2025-01-07,399,Active,5,2024-12-20,Cancelled,594.8
C5930,Female,Adult,Multan,2023-12-17,O9930,2025-06-01,KFC,Pizza,Dessert,4,1203.18,Cash,48,2025-08-07,458,Inactive,5,2025-06-28,Delivered,4812.72
C6261,Male,Teenager,Peshawar,2024-09-06,O10261,2025-06-01,Pizza Hut,Pasta,Dessert,1,1401.43,Cash,45,2024-10-26,480,Active,2,2024-12-25,Cancelled,1401.43
C1600,Male,Adult,Lahore,2024-09-20,O5600,2025-06-01,Burger King,Burger,Fast Food,1,977.55,Card,23,2025-02-24,369,Inactive,2,2025-01-18,Delivered,977.55
C4290,Other,Senior,Islamabad,2023-10-28,O8290,2025-06-01,KFC,Fries,Continental,1,676.31,Card,9,2025-02-22,226,Inactive,3,2024-11-02,Cancelled,676.31
C5654,Other,Senior,Islamabad,2024-10-21,O9654,2025-06-01,McDonald's,Pasta,Continental,2,578.51,Cash,14,2024-11-15,76,Active,4,2024-10-26,Delivered,1157.02
C5611,Male,Adult,Islamabad,2024-03-04,O9611,2025-06-01,KFC,Pasta,Chinese,3,1458.72,Cash,25,2025-03-06,85,Active,1,2025-05-22,Delivered,4376.16
C4207,Other,Senior,Peshawar,2024-12-04,O8207,2025-06-01,Subway,Pasta,Fast Food,5,354.88,Card,20,2025-04-20,96,Inactive,3,2024-11-08,Delivered,1774.4
C4374,Male,Adult,Multan,2024-08-29,O8374,2025-06-01,Pizza Hut,Burger,Dessert,1,323.06,Card,17,2024-11-04,109,Inactive,4,2025-06-15,Cancelled,323.06
C1159,Male,Senior,Multan,2025-02-26,O5159,2025-06-01,KFC,Sandwich,Italian,2,1497.83,Card,29,2025-07-28,13,Active,4,2024-11-09,Delivered,2995.66
C2595,Female,Adult,Karachi,2024-11-28,O6595,2025-06-02,McDonald's,Fries,Continental,2,490.94,Card,49,2025-07-27,345,Active,3,2025-01-04,Delayed,981.88
C1713,Female,Teenager,Lahore,2024-02-04,O5713,2025-06-02,Subway,Pasta,Continental,2,1485.48,Card,46,2025-04-25,228,Active,1,2025-06-27,Delivered,2970.96
C3026,Female,Senior,Multan,2024-03-08,O7026,2025-06-02,McDonald's,Sandwich,Fast Food,1,749.26,Wallet,46,2024-11-07,449,Active,3,2025-07-20,Delayed,749.26
C5268,Other,Senior,Multan,2023-12-06,O9268,2025-06-02,Subway,Fries,Continental,1,963.42,Cash,39,2025-06-02,276,Active,2,2025-08-16,Cancelled,963.42
C5233,Male,Senior,Lahore,2023-10-10,O9233,2025-06-02,Pizza Hut,Burger,Dessert,4,240.27,Cash,5,2025-03-31,474,Active,4,2024-12-25,Cancelled,961.08
C1278,Female,Teenager,Multan,2024-08-22,O5278,2025-06-02,McDonald's,Pizza,Italian,2,1407.36,Wallet,46,2024-12-04,446,Inactive,3,2025-01-02,Delayed,2814.72
C6253,Other,Adult,Islamabad,2025-01-08,O10253,2025-06-02,Burger King,Sandwich,Chinese,4,684.57,Wallet,5,2025-06-10,255,Active,2,2024-12-02,Delivered,2738.28
C4638,Other,Senior,Islamabad,2025-05-16,O8638,2025-06-03,Pizza Hut,Fries,Dessert,3,1272.66,Cash,32,2025-07-10,57,Inactive,2,2025-05-28,Delivered,3817.98
C5458,Male,Senior,Lahore,2023-12-08,O9458,2025-06-03,Pizza Hut,Sandwich,Italian,1,467.57,Card,19,2025-07-02,308,Active,5,2025-05-06,Delayed,467.57
C4735,Other,Teenager,Islamabad,2025-01-08,O8735,2025-06-03,KFC,Fries,Dessert,5,296.54,Card,39,2025-01-19,29,Inactive,5,2024-08-28,Delivered,1482.7
C2721,Other,Adult,Multan,2024-12-29,O6721,2025-06-03,Subway,Pizza,Chinese,2,168.43,Cash,40,2025-05-15,218,Inactive,2,2025-05-31,Delayed,336.86
C5927,Female,Teenager,Multan,2023-09-12,O9927,2025-06-03,McDonald's,Burger,Fast Food,4,1217.08,Card,44,2025-06-13,307,Inactive,2,2025-02-11,Cancelled,4868.32
C1818,Male,Senior,Lahore,2024-03-13,O5818,2025-06-03,Subway,Sandwich,Dessert,1,590.25,Card,11,2025-04-29,146,Inactive,1,2025-03-25,Cancelled,590.25
C4174,Other,Senior,Peshawar,2023-11-24,O8174,2025-06-04,Pizza Hut,Fries,Continental,4,388.4,Card,42,2025-06-16,228,Active,4,2024-12-31,Cancelled,1553.6
C6913,Male,Adult,Multan,2024-12-15,O10913,2025-06-04,Burger King,Fries,Continental,2,773.38,Card,14,2025-01-31,131,Inactive,4,2025-06-30,Delayed,1546.76
C2796,Female,Adult,Lahore,2024-09-30,O6796,2025-06-04,McDonald's,Fries,Dessert,3,1427.41,Cash,45,2025-01-17,36,Active,5,2024-10-27,Cancelled,4282.23
C3734,Other,Teenager,Karachi,2024-06-04,O7734,2025-06-04,Pizza Hut,Fries,Continental,2,110.81,Cash,37,2024-10-01,490,Inactive,3,2024-09-27,Cancelled,221.62
C3196,Male,Teenager,Peshawar,2024-12-03,O7196,2025-06-04,KFC,Sandwich,Fast Food,4,304.01,Wallet,29,2025-01-25,410,Active,1,2024-09-22,Cancelled,1216.04
C3082,Other,Adult,Lahore,2025-06-29,O7082,2025-06-04,Subway,Burger,Chinese,3,857.02,Wallet,23,2025-07-08,64,Active,5,2024-12-03,Delivered,2571.06
C2602,Other,Senior,Islamabad,2024-04-27,O6602,2025-06-04,KFC,Burger,Continental,4,1279.47,Cash,50,2025-01-12,177,Inactive,3,2024-10-05,Delivered,5117.88
C6218,Other,Adult,Karachi,2024-02-20,O10218,2025-06-04,Subway,Pizza,Dessert,4,308.24,Card,42,2025-02-26,276,Active,3,2024-11-06,Delayed,1232.96
C6497,Female,Senior,Multan,2025-06-20,O10497,2025-06-04,KFC,Fries,Italian,4,857.22,Card,5,2025-06-29,355,Active,4,2025-05-03,Cancelled,3428.88
C1563,Female,Teenager,Multan,2024-08-21,O5563,2025-06-04,McDonald's,Fries,Continental,5,1309.83,Wallet,15,2025-02-15,8,Active,3,2025-04-01,Cancelled,6549.15
C6716,Other,Teenager,Peshawar,2025-01-20,O10716,2025-06-05,Burger King,Sandwich,Italian,2,678.2,Card,4,2025-03-28,458,Active,3,2024-12-14,Delivered,1356.4
C3513,Male,Senior,Karachi,2024-07-20,O7513,2025-06-05,Burger King,Pasta,Italian,2,380.28,Card,30,2024-11-08,50,Inactive,1,2024-11-25,Delivered,760.56
C1765,Other,Senior,Peshawar,2024-01-04,O5765,2025-06-05,Subway,Sandwich,Italian,4,1060.12,Wallet,34,2025-07-01,40,Active,4,2025-06-20,Delivered,4240.48
C5495,Male,Adult,Multan,2025-03-17,O9495,2025-06-05,Subway,Pizza,Fast Food,3,1413.88,Wallet,37,2025-08-07,489,Active,1,2024-09-22,Delayed,4241.64
C3014,Female,Senior,Multan,2024-05-09,O7014,2025-06-05,KFC,Burger,Italian,4,412.8,Cash,34,2024-08-25,453,Inactive,4,2025-02-15,Delayed,1651.2
C5058,Other,Adult,Lahore,2024-03-01,O9058,2025-06-05,Subway,Burger,Chinese,1,302.93,Wallet,18,2025-01-20,214,Inactive,3,2025-05-05,Cancelled,302.93
C6198,Other,Senior,Peshawar,2024-08-28,O10198,2025-06-05,McDonald's,Pasta,Continental,1,428.69,Cash,17,2025-05-03,374,Inactive,2,2025-02-14,Cancelled,428.69
C6107,Male,Senior,Multan,2024-03-26,O10107,2025-06-06,Burger King,Sandwich,Fast Food,1,742.73,Cash,41,2024-12-10,421,Inactive,3,2025-04-20,Delivered,742.73
C2171,Female,Teenager,Multan,2023-12-26,O6171,2025-06-06,Burger King,Sandwich,Italian,1,929.78,Wallet,45,2024-12-17,137,Active,3,2024-08-24,Delayed,929.78
C4988,Male,Adult,Lahore,2023-08-31,O8988,2025-06-06,KFC,Pasta,Italian,3,1116.36,Cash,45,2024-10-23,31,Inactive,5,2025-04-19,Delivered,3349.08
C2140,Other,Adult,Lahore,2025-01-18,O6140,2025-06-06,Pizza Hut,Pasta,Continental,4,236.8,Wallet,27,2025-07-17,257,Active,3,2025-07-29,Cancelled,947.2
C6664,Male,Senior,Islamabad,2025-01-07,O10664,2025-06-06,Subway,Sandwich,Fast Food,3,851.7,Cash,20,2025-04-29,411,Inactive,2,2025-07-19,Delayed,2555.1
C1470,Male,Teenager,Karachi,2025-01-05,O5470,2025-06-06,KFC,Sandwich,Italian,4,388.34,Cash,14,2025-01-25,235,Active,5,2025-04-09,Delivered,1553.36
C5305,Female,Adult,Lahore,2024-10-02,O9305,2025-06-06,Pizza Hut,Sandwich,Dessert,5,511.48,Wallet,28,2025-01-29,307,Active,3,2025-07-10,Delayed,2557.4
C2170,Male,Teenager,Islamabad,2024-03-22,O6170,2025-06-06,Subway,Pizza,Dessert,5,937.55,Card,49,2024-10-26,9,Active,3,2025-02-08,Delivered,4687.75
C1559,Male,Teenager,Multan,2023-10-18,O5559,2025-06-06,McDonald's,Pizza,Chinese,3,126.68,Card,1,2025-08-06,453,Active,3,2025-07-04,Delayed,380.04
C1312,Other,Adult,Multan,2024-02-08,O5312,2025-06-06,Subway,Sandwich,Continental,3,1203.33,Cash,10,2024-09-02,360,Inactive,1,2024-10-04,Cancelled,3609.99
C1802,Male,Adult,Islamabad,2023-12-21,O5802,2025-06-06,McDonald's,Pizza,Continental,1,205.13,Card,39,2025-04-16,90,Inactive,3,2024-09-19,Cancelled,205.13
C6436,Male,Teenager,Islamabad,2023-12-25,O10436,2025-06-06,Burger King,Pizza,Dessert,3,780.32,Card,26,2024-11-29,194,Active,5,2024-09-06,Delayed,2340.96
C6468,Female,Teenager,Karachi,2024-11-09,O10468,2025-06-06,Subway,Fries,Italian,4,574.97,Cash,18,2025-01-16,217,Active,1,2025-06-21,Delivered,2299.88
C1259,Female,Adult,Multan,2025-08-03,O5259,2025-06-07,McDonald's,Sandwich,Dessert,3,119.6,Card,46,2025-08-06,311,Inactive,5,2024-12-19,Delivered,358.8
C2635,Male,Teenager,Islamabad,2025-06-14,O6635,2025-06-07,Burger King,Pasta,Fast Food,4,608.96,Cash,39,2025-08-19,427,Active,5,2025-04-30,Delayed,2435.84
C4315,Other,Adult,Multan,2024-08-31,O8315,2025-06-07,Burger King,Burger,Chinese,5,173.87,Wallet,12,2025-02-12,321,Active,4,2024-10-19,Cancelled,869.35
C5699,Male,Teenager,Multan,2024-09-25,O9699,2025-06-07,KFC,Burger,Continental,4,983.0,Wallet,15,2025-02-07,41,Inactive,2,2024-11-17,Cancelled,3932.0
C5119,Male,Teenager,Peshawar,2024-03-25,O9119,2025-06-07,Subway,Pizza,Italian,3,653.81,Wallet,31,2024-12-14,3,Inactive,2,2025-01-01,Delivered,1961.43
C4236,Other,Teenager,Islamabad,2024-08-01,O8236,2025-06-07,Subway,Fries,Chinese,5,403.4,Wallet,2,2025-01-21,452,Inactive,3,2025-02-18,Delayed,2017.0
C1033,Female,Teenager,Lahore,2025-01-24,O5033,2025-06-07,McDonald's,Sandwich,Italian,5,617.81,Cash,21,2025-04-26,53,Inactive,5,2025-04-14,Cancelled,3089.05
C5628,Male,Teenager,Peshawar,2024-03-26,O9628,2025-06-08,Pizza Hut,Pizza,Dessert,5,716.92,Wallet,8,2024-10-28,292,Active,3,2025-08-11,Delayed,3584.6
C3381,Male,Teenager,Islamabad,2024-09-25,O7381,2025-06-08,Subway,Pasta,Italian,5,1468.24,Card,5,2025-07-16,388,Inactive,2,2024-08-21,Delayed,7341.2
C4000,Male,Adult,Karachi,2024-10-16,O8000,2025-06-08,Pizza Hut,Pasta,Chinese,3,399.7,Wallet,40,2025-03-13,380,Active,3,2025-06-02,Delivered,1199.1
C3008,Female,Senior,Peshawar,2024-06-03,O7008,2025-06-08,KFC,Burger,Dessert,5,717.92,Cash,19,2024-10-27,71,Active,3,2025-01-28,Delivered,3589.6
C5929,Male,Senior,Lahore,2024-03-25,O9929,2025-06-08,Subway,Sandwich,Dessert,1,1313.01,Card,44,2024-10-31,130,Active,1,2024-09-13,Delayed,1313.01
C4340,Other,Senior,Multan,2023-09-29,O8340,2025-06-08,McDonald's,Pizza,Fast Food,5,836.38,Card,14,2025-04-09,161,Active,1,2024-10-31,Delivered,4181.9
C5071,Male,Teenager,Islamabad,2024-10-29,O9071,2025-06-08,KFC,Burger,Continental,3,766.39,Card,50,2025-04-08,172,Inactive,4,2025-06-14,Cancelled,2299.17
C3207,Other,Senior,Karachi,2024-03-06,O7207,2025-06-08,Burger King,Sandwich,Continental,2,120.09,Cash,29,2025-03-24,424,Active,4,2025-05-23,Delayed,240.18
C1699,Other,Senior,Multan,2025-02-21,O5699,2025-06-08,Burger King,Fries,Fast Food,2,921.45,Wallet,15,2025-06-15,474,Active,2,2025-04-27,Cancelled,1842.9
C1930,Male,Teenager,Multan,2024-09-06,O5930,2025-06-08,Subway,Pasta,Fast Food,3,903.63,Wallet,21,2025-02-19,97,Active,5,2025-06-25,Delivered,2710.89
C1970,Other,Adult,Islamabad,2025-02-16,O5970,2025-06-08,KFC,Sandwich,Chinese,1,1366.77,Card,20,2025-08-07,157,Inactive,2,2024-11-27,Delayed,1366.77
C2099,Male,Senior,Peshawar,2023-08-31,O6099,2025-06-09,Pizza Hut,Pasta,Italian,5,738.43,Wallet,28,2024-10-18,296,Inactive,4,2025-07-12,Delayed,3692.15
C2739,Female,Adult,Islamabad,2025-03-08,O6739,2025-06-09,Burger King,Fries,Dessert,3,261.51,Wallet,3,2025-04-12,295,Active,5,2024-12-06,Delayed,784.53
C3770,Male,Senior,Multan,2023-11-18,O7770,2025-06-09,McDonald's,Fries,Dessert,1,940.91,Cash,4,2024-11-05,240,Inactive,5,2025-04-04,Cancelled,940.91
C4414,Female,Teenager,Lahore,2024-02-22,O8414,2025-06-09,Pizza Hut,Sandwich,Italian,1,703.24,Wallet,15,2025-01-25,308,Inactive,3,2025-01-03,Delayed,703.24
C6022,Female,Senior,Peshawar,2024-08-29,O10022,2025-06-09,Pizza Hut,Fries,Dessert,3,398.54,Card,37,2025-01-24,425,Inactive,2,2025-08-03,Delayed,1195.62
C1081,Female,Adult,Lahore,2025-06-02,O5081,2025-06-09,Subway,Pizza,Dessert,2,196.1,Cash,14,2025-08-17,423,Inactive,5,2024-09-12,Delivered,392.2
C1537,Other,Senior,Islamabad,2024-09-07,O5537,2025-06-09,McDonald's,Sandwich,Continental,4,356.27,Wallet,38,2025-05-09,389,Active,2,2024-10-02,Cancelled,1425.08
C3109,Female,Adult,Peshawar,2024-03-05,O7109,2025-06-09,Pizza Hut,Fries,Fast Food,1,1444.55,Card,36,2024-12-26,281,Inactive,5,2024-10-02,Delivered,1444.55
C1730,Female,Adult,Lahore,2024-11-11,O5730,2025-06-09,Burger King,Sandwich,Chinese,4,927.62,Wallet,33,2025-02-06,482,Inactive,5,2025-07-30,Delayed,3710.48
C1406,Other,Senior,Lahore,2024-02-20,O5406,2025-06-09,McDonald's,Pasta,Continental,1,1143.58,Cash,28,2025-08-03,184,Active,1,2025-02-10,Delayed,1143.58
C2435,Male,Senior,Islamabad,2024-09-12,O6435,2025-06-09,Subway,Pasta,Continental,2,250.11,Cash,8,2024-12-23,28,Active,5,2025-04-15,Delivered,500.22
C2806,Female,Senior,Karachi,2024-05-29,O6806,2025-06-09,Subway,Pasta,Italian,1,225.61,Card,14,2024-11-23,412,Active,5,2024-12-01,Delayed,225.61
C4080,Male,Senior,Karachi,2024-10-22,O8080,2025-06-09,Pizza Hut,Sandwich,Fast Food,2,1176.27,Wallet,17,2025-07-30,423,Inactive,4,2025-03-02,Delivered,2352.54
C4094,Female,Senior,Islamabad,2023-10-02,O8094,2025-06-09,Pizza Hut,Burger,Continental,4,1414.02,Cash,6,2025-01-09,13,Inactive,3,2024-12-02,Delivered,5656.08
C1221,Female,Adult,Peshawar,2024-12-23,O5221,2025-06-09,Pizza Hut,Burger,Italian,5,515.19,Card,38,2025-05-23,275,Inactive,1,2024-09-08,Delivered,2575.95
C5153,Female,Adult,Lahore,2024-06-16,O9153,2025-06-09,McDonald's,Pizza,Chinese,4,217.27,Cash,49,2025-07-28,299,Inactive,5,2024-11-13,Delayed,869.08
C1203,Female,Adult,Lahore,2024-10-17,O5203,2025-06-10,KFC,Sandwich,Italian,2,260.69,Card,6,2024-12-08,454,Active,3,2024-10-26,Delayed,521.38
C6550,Female,Teenager,Karachi,2024-01-04,O10550,2025-06-10,Pizza Hut,Sandwich,Chinese,3,1284.76,Cash,21,2024-10-13,203,Active,4,2025-01-14,Delivered,3854.28
C1491,Other,Teenager,Peshawar,2023-12-20,O5491,2025-06-10,Burger King,Pizza,Continental,4,528.92,Card,10,2025-04-06,105,Inactive,1,2024-11-03,Cancelled,2115.68
C3032,Other,Senior,Peshawar,2024-01-18,O7032,2025-06-10,KFC,Sandwich,Continental,1,1035.15,Card,50,2025-04-28,488,Active,4,2025-02-25,Cancelled,1035.15
C6691,Female,Senior,Karachi,2024-11-16,O10691,2025-06-10,McDonald's,Pasta,Dessert,1,1379.75,Card,22,2025-04-01,398,Active,4,2025-08-04,Cancelled,1379.75
C5734,Other,Senior,Islamabad,2024-05-11,O9734,2025-06-10,Burger King,Pasta,Dessert,5,1085.43,Cash,8,2025-06-02,88,Inactive,3,2025-01-06,Delayed,5427.15
C3876,Other,Teenager,Islamabad,2024-02-05,O7876,2025-06-10,Burger King,Pizza,Dessert,2,1048.82,Wallet,16,2025-01-15,479,Inactive,1,2025-01-14,Cancelled,2097.64
C3874,Male,Senior,Multan,2023-11-21,O7874,2025-06-10,Burger King,Fries,Fast Food,5,676.02,Card,10,2025-05-30,80,Inactive,2,2025-07-31,Cancelled,3380.1
C5819,Male,Adult,Karachi,2023-12-27,O9819,2025-06-10,Subway,Pasta,Fast Food,4,577.46,Card,26,2025-02-17,477,Inactive,3,2025-05-15,Delivered,2309.84
C2566,Other,Adult,Karachi,2023-10-01,O6566,2025-06-10,McDonald's,Burger,Continental,3,407.11,Cash,26,2024-08-21,448,Inactive,3,2024-11-16,Cancelled,1221.33
C1295,Female,Teenager,Islamabad,2023-10-19,O5295,2025-06-10,Pizza Hut,Pasta,Fast Food,4,634.67,Cash,50,2025-03-04,407,Active,1,2025-08-14,Cancelled,2538.68
C3409,Female,Senior,Multan,2024-11-19,O7409,2025-06-10,Burger King,Pizza,Italian,3,402.35,Cash,13,2025-03-17,164,Inactive,1,2025-07-17,Cancelled,1207.05
C1641,Male,Senior,Peshawar,2024-10-28,O5641,2025-06-10,KFC,Sandwich,Dessert,2,897.72,Card,11,2025-08-09,296,Active,2,2025-07-25,Cancelled,1795.44
C6803,Female,Teenager,Karachi,2023-09-15,O10803,2025-06-11,Burger King,Burger,Italian,1,285.99,Cash,16,2024-12-11,345,Active,2,2025-04-25,Delivered,285.99
C6827,Female,Adult,Peshawar,2023-11-14,O10827,2025-06-11,McDonald's,Pizza,Italian,1,453.01,Wallet,21,2024-08-22,120,Active,5,2025-07-16,Delivered,453.01
C4950,Female,Teenager,Multan,2024-10-09,O8950,2025-06-11,Burger King,Fries,Continental,3,433.82,Cash,19,2024-12-24,249,Active,5,2025-03-31,Delayed,1301.46
C1596,Male,Teenager,Islamabad,2024-08-11,O5596,2025-06-11,McDonald's,Burger,Dessert,2,772.48,Cash,11,2025-02-22,36,Inactive,2,2025-02-25,Delayed,1544.96
C3047,Female,Adult,Islamabad,2024-10-16,O7047,2025-06-11,KFC,Pasta,Dessert,5,1172.43,Cash,7,2025-02-14,465,Active,2,2025-01-02,Delivered,5862.15
C4447,Female,Teenager,Multan,2024-09-30,O8447,2025-06-11,McDonald's,Burger,Dessert,3,1332.01,Card,1,2024-12-31,489,Inactive,2,2025-03-28,Delivered,3996.03
C3595,Male,Senior,Peshawar,2024-12-27,O7595,2025-06-11,Burger King,Pizza,Italian,3,121.69,Card,44,2025-07-16,207,Inactive,4,2024-10-16,Cancelled,365.07
C6066,Other,Teenager,Multan,2024-11-06,O10066,2025-06-11,Burger King,Sandwich,Fast Food,2,1430.67,Card,45,2024-11-30,370,Inactive,3,2025-02-24,Cancelled,2861.34
C4474,Male,Adult,Multan,2024-05-05,O8474,2025-06-11,Pizza Hut,Fries,Continental,1,890.71,Card,29,2025-05-30,481,Active,5,2025-08-19,Delivered,890.71
C3301,Other,Teenager,Karachi,2024-04-02,O7301,2025-06-11,Burger King,Sandwich,Chinese,2,835.84,Wallet,25,2024-09-10,421,Active,3,2025-05-16,Cancelled,1671.68
C6037,Female,Adult,Islamabad,2023-08-22,O10037,2025-06-11,McDonald's,Fries,Italian,4,1442.66,Wallet,23,2025-04-13,318,Active,2,2025-04-08,Cancelled,5770.64
C3969,Female,Senior,Lahore,2024-02-25,O7969,2025-06-11,Subway,Burger,Continental,3,1108.34,Card,34,2024-12-14,136,Active,3,2024-10-25,Cancelled,3325.02
C2077,Other,Teenager,Karachi,2024-08-16,O6077,2025-06-12,KFC,Burger,Italian,4,633.75,Cash,11,2025-02-23,56,Inactive,3,2025-07-18,Delivered,2535.0
C3678,Male,Teenager,Lahore,2024-07-06,O7678,2025-06-12,Burger King,Pasta,Fast Food,4,305.44,Wallet,9,2025-01-09,182,Inactive,1,2024-12-20,Delivered,1221.76
C6689,Other,Adult,Multan,2024-09-23,O10689,2025-06-12,Subway,Pizza,Chinese,4,1422.54,Card,36,2025-08-07,410,Active,3,2025-06-23,Cancelled,5690.16
C3523,Female,Adult,Karachi,2023-12-08,O7523,2025-06-12,McDonald's,Pizza,Chinese,2,493.92,Card,46,2024-08-28,374,Active,4,2025-06-27,Cancelled,987.84
C6534,Female,Senior,Lahore,2023-10-06,O10534,2025-06-12,McDonald's,Burger,Italian,1,368.57,Wallet,40,2024-11-21,109,Active,3,2025-01-06,Cancelled,368.57
C4022,Other,Senior,Multan,2024-12-03,O8022,2025-06-12,McDonald's,Pasta,Italian,1,1469.6,Card,20,2025-07-11,357,Active,4,2024-09-28,Delayed,1469.6
C2750,Other,Teenager,Peshawar,2025-06-18,O6750,2025-06-12,Burger King,Pizza,Dessert,1,231.36,Wallet,33,2025-07-28,284,Active,4,2025-06-18,Cancelled,231.36
C3745,Female,Teenager,Karachi,2024-11-07,O7745,2025-06-13,Pizza Hut,Fries,Dessert,5,314.16,Cash,5,2025-06-27,29,Active,5,2025-03-24,Delivered,1570.8
C4021,Male,Senior,Lahore,2024-07-02,O8021,2025-06-13,KFC,Sandwich,Fast Food,4,1136.51,Card,31,2025-05-29,123,Inactive,1,2025-07-21,Delayed,4546.04
C6925,Male,Senior,Peshawar,2024-09-13,O10925,2025-06-13,Subway,Sandwich,Fast Food,2,834.42,Wallet,33,2025-07-20,371,Inactive,3,2024-11-28,Delayed,1668.84
C5491,Other,Adult,Islamabad,2024-12-21,O9491,2025-06-13,McDonald's,Pizza,Italian,1,206.02,Card,3,2025-02-02,161,Inactive,1,2025-06-06,Delivered,206.02
C1792,Other,Adult,Multan,2025-07-20,O5792,2025-06-13,McDonald's,Pasta,Fast Food,1,119.53,Wallet,34,2025-07-28,320,Active,5,2025-06-02,Delivered,119.53
C6625,Other,Adult,Peshawar,2024-09-30,O10625,2025-06-14,McDonald's,Pasta,Continental,1,664.78,Card,6,2025-05-12,479,Active,3,2025-06-29,Delivered,664.78
C5642,Other,Senior,Karachi,2024-01-12,O9642,2025-06-14,KFC,Pasta,Italian,3,1027.67,Card,13,2025-03-12,245,Inactive,5,2024-10-26,Delivered,3083.01
C4029,Other,Senior,Karachi,2024-09-03,O8029,2025-06-14,Pizza Hut,Pasta,Chinese,3,1345.11,Card,18,2024-09-06,357,Active,1,2024-11-07,Delayed,4035.33
C4184,Other,Teenager,Lahore,2023-09-30,O8184,2025-06-14,Subway,Fries,Chinese,5,219.76,Card,10,2025-01-31,78,Active,4,2025-05-24,Cancelled,1098.8
C2368,Male,Adult,Peshawar,2024-05-30,O6368,2025-06-15,KFC,Fries,Chinese,1,1054.07,Wallet,33,2025-01-03,444,Inactive,5,2025-02-12,Cancelled,1054.07
C4756,Male,Teenager,Islamabad,2024-10-10,O8756,2025-06-15,KFC,Sandwich,Dessert,3,677.12,Card,13,2025-03-08,31,Inactive,1,2025-03-22,Delivered,2031.36
C2011,Female,Adult,Islamabad,2024-12-16,O6011,2025-06-15,Subway,Pizza,Fast Food,4,1315.07,Cash,14,2025-07-03,95,Inactive,5,2025-04-06,Delayed,5260.28
C5614,Male,Teenager,Karachi,2024-01-25,O9614,2025-06-15,Burger King,Fries,Dessert,2,446.11,Cash,26,2025-07-24,500,Inactive,3,2024-08-23,Delayed,892.22
C3604,Other,Teenager,Multan,2024-02-11,O7604,2025-06-15,Pizza Hut,Sandwich,Continental,5,800.94,Wallet,32,2024-10-05,69,Active,4,2024-11-30,Delayed,4004.7
C3396,Female,Teenager,Karachi,2023-10-17,O7396,2025-06-15,McDonald's,Burger,Chinese,3,1062.79,Card,14,2025-01-15,44,Inactive,2,2024-10-01,Delayed,3188.37
C2629,Female,Adult,Lahore,2024-09-17,O6629,2025-06-15,Burger King,Burger,Continental,4,244.72,Wallet,19,2025-07-02,199,Active,1,2024-11-21,Delayed,978.88
C1921,Other,Senior,Multan,2025-03-17,O5921,2025-06-15,Subway,Pasta,Continental,4,728.66,Wallet,42,2025-04-29,314,Active,4,2024-12-07,Cancelled,2914.64
C6501,Male,Adult,Islamabad,2024-05-16,O10501,2025-06-15,KFC,Fries,Continental,2,236.14,Card,27,2025-03-08,158,Inactive,5,2025-05-12,Delayed,472.28
C2003,Male,Senior,Islamabad,2024-11-03,O6003,2025-06-15,Subway,Fries,Fast Food,1,676.36,Card,40,2025-05-16,354,Inactive,1,2025-02-21,Delivered,676.36
C2305,Female,Adult,Karachi,2024-06-24,O6305,2025-06-15,McDonald's,Pasta,Continental,1,1009.06,Cash,6,2025-06-30,475,Active,2,2024-11-23,Delayed,1009.06
C1229,Male,Teenager,Multan,2023-09-24,O5229,2025-06-15,Subway,Sandwich,Chinese,5,754.11,Wallet,49,2024-11-21,313,Active,4,2024-10-26,Cancelled,3770.55
C2608,Female,Teenager,Islamabad,2023-11-01,O6608,2025-06-16,KFC,Pasta,Italian,5,542.58,Wallet,35,2024-12-10,189,Active,1,2025-06-14,Cancelled,2712.9
C6024,Other,Teenager,Multan,2025-05-26,O10024,2025-06-16,KFC,Pizza,Continental,3,461.03,Cash,15,2025-08-19,432,Active,1,2025-02-22,Delayed,1383.09
C3573,Other,Teenager,Lahore,2024-11-30,O7573,2025-06-16,KFC,Burger,Dessert,5,316.17,Wallet,40,2025-03-04,58,Active,2,2025-06-16,Delivered,1580.85
C2403,Other,Adult,Multan,2024-02-09,O6403,2025-06-16,Subway,Fries,Italian,5,1458.18,Wallet,25,2025-08-05,481,Active,1,2025-01-01,Cancelled,7290.9
C5443,Female,Senior,Multan,2025-02-27,O9443,2025-06-16,McDonald's,Burger,Dessert,5,348.82,Card,17,2025-07-23,386,Active,4,2024-10-17,Delayed,1744.1
C4901,Female,Adult,Islamabad,2025-05-11,O8901,2025-06-16,KFC,Fries,Dessert,3,784.63,Cash,17,2025-05-16,299,Inactive,2,2025-02-19,Delayed,2353.89
C1307,Other,Adult,Lahore,2025-03-06,O5307,2025-06-17,McDonald's,Fries,Dessert,3,1443.26,Wallet,38,2025-04-30,438,Inactive,2,2025-01-11,Cancelled,4329.78
C4863,Other,Adult,Islamabad,2025-05-11,O8863,2025-06-17,Pizza Hut,Sandwich,Italian,1,322.54,Wallet,45,2025-08-08,17,Active,3,2025-08-18,Delayed,322.54
C3268,Other,Teenager,Peshawar,2025-04-06,O7268,2025-06-17,Subway,Burger,Fast Food,2,611.24,Wallet,36,2025-06-06,420,Inactive,5,2025-03-15,Cancelled,1222.48
C3112,Other,Senior,Lahore,2024-06-21,O7112,2025-06-17,McDonald's,Pizza,Continental,1,1335.93,Wallet,42,2025-05-01,383,Active,2,2025-05-13,Delivered,1335.93
C1099,Male,Senior,Multan,2025-01-05,O5099,2025-06-17,Burger King,Fries,Fast Food,5,1108.18,Cash,2,2025-02-18,149,Active,3,2024-09-07,Cancelled,5540.9
C6033,Female,Adult,Islamabad,2024-05-24,O10033,2025-06-17,KFC,Burger,Continental,3,841.76,Card,32,2025-02-26,221,Inactive,5,2024-08-29,Delayed,2525.28
C2263,Male,Teenager,Multan,2023-10-05,O6263,2025-06-17,Pizza Hut,Pasta,Italian,2,1197.89,Card,27,2025-08-15,338,Inactive,1,2025-05-20,Cancelled,2395.78
C2292,Other,Adult,Lahore,2023-12-05,O6292,2025-06-17,Burger King,Pizza,Chinese,4,796.43,Cash,40,2025-06-27,95,Active,2,2025-03-19,Delivered,3185.72
C2377,Other,Teenager,Multan,2024-06-13,O6377,2025-06-18,KFC,Pizza,Dessert,1,1413.02,Wallet,20,2025-04-29,97,Active,4,2024-09-03,Delivered,1413.02
C2452,Female,Teenager,Karachi,2024-05-31,O6452,2025-06-18,Burger King,Sandwich,Dessert,4,1407.37,Card,24,2024-11-05,446,Active,4,2025-07-23,Delayed,5629.48
C4605,Other,Adult,Lahore,2023-10-14,O8605,2025-06-18,KFC,Fries,Fast Food,3,111.48,Wallet,47,2025-03-27,275,Inactive,1,2025-08-18,Cancelled,334.44
C2918,Other,Teenager,Islamabad,2024-03-18,O6918,2025-06-18,Burger King,Burger,Continental,3,891.09,Wallet,35,2025-07-21,182,Active,1,2025-06-13,Delayed,2673.27
C1629,Other,Teenager,Lahore,2024-04-11,O5629,2025-06-18,KFC,Fries,Dessert,3,811.4,Card,41,2025-05-03,198,Active,1,2025-06-05,Delayed,2434.2
C2866,Other,Adult,Lahore,2024-02-07,O6866,2025-06-18,Subway,Pizza,Continental,4,863.64,Wallet,40,2025-05-25,220,Active,4,2024-09-10,Delivered,3454.56
C2069,Other,Senior,Karachi,2024-12-21,O6069,2025-06-19,Subway,Fries,Dessert,3,148.78,Cash,20,2025-04-13,311,Inactive,3,2025-02-10,Delayed,446.34
C2057,Other,Senior,Peshawar,2024-04-14,O6057,2025-06-19,Subway,Sandwich,Continental,4,426.49,Card,48,2025-05-28,220,Inactive,4,2025-03-30,Cancelled,1705.96
C6879,Other,Senior,Peshawar,2024-07-10,O10879,2025-06-19,Burger King,Pizza,Italian,1,810.1,Cash,23,2024-09-24,338,Inactive,2,2025-05-08,Cancelled,810.1
C1884,Other,Adult,Multan,2024-10-30,O5884,2025-06-19,Pizza Hut,Fries,Dessert,3,145.56,Card,43,2025-05-18,8,Inactive,1,2024-11-11,Delayed,436.68
C5555,Female,Senior,Lahore,2024-05-04,O9555,2025-06-19,Subway,Sandwich,Chinese,5,887.69,Card,43,2024-12-26,265,Active,3,2024-11-17,Cancelled,4438.45
C5500,Other,Adult,Lahore,2025-02-06,O9500,2025-06-20,KFC,Fries,Italian,2,286.53,Wallet,17,2025-04-23,487,Inactive,2,2025-02-26,Delivered,573.06
C4776,Female,Teenager,Peshawar,2025-01-11,O8776,2025-06-20,Pizza Hut,Pasta,Chinese,5,912.72,Wallet,16,2025-01-22,292,Active,4,2025-08-11,Cancelled,4563.6
C3200,Female,Teenager,Lahore,2025-07-23,O7200,2025-06-20,McDonald's,Burger,Italian,2,1434.61,Card,32,2025-07-29,35,Active,4,2024-12-14,Cancelled,2869.22
C6609,Female,Adult,Lahore,2024-01-12,O10609,2025-06-20,McDonald's,Pizza,Chinese,5,1313.19,Wallet,6,2024-12-14,53,Inactive,1,2024-11-04,Cancelled,6565.95
C3767,Female,Adult,Karachi,2024-10-19,O7767,2025-06-20,Subway,Sandwich,Chinese,1,1163.48,Card,27,2025-07-06,468,Active,5,2025-05-03,Delivered,1163.48
C2636,Male,Adult,Islamabad,2024-11-22,O6636,2025-06-20,Pizza Hut,Pizza,Chinese,3,1272.06,Cash,35,2025-01-22,324,Inactive,2,2025-04-18,Delayed,3816.18
C5383,Male,Teenager,Multan,2023-09-08,O9383,2025-06-20,Subway,Burger,Fast Food,1,1255.59,Wallet,48,2025-08-13,220,Active,3,2024-10-04,Delivered,1255.59
C4754,Female,Teenager,Lahore,2025-02-02,O8754,2025-06-21,Subway,Burger,Continental,1,275.12,Card,10,2025-06-24,262,Active,4,2024-12-08,Cancelled,275.12
C6254,Other,Teenager,Islamabad,2024-04-01,O10254,2025-06-21,Subway,Burger,Italian,1,918.15,Cash,11,2024-11-01,96,Active,4,2024-12-19,Cancelled,918.15
C1767,Other,Teenager,Multan,2023-11-20,O5767,2025-06-21,McDonald's,Pizza,Continental,5,939.38,Cash,34,2024-12-29,393,Active,4,2025-04-16,Delivered,4696.9
C4488,Other,Teenager,Karachi,2024-12-09,O8488,2025-06-21,KFC,Sandwich,Fast Food,1,889.57,Card,25,2025-02-08,169,Active,1,2024-12-22,Cancelled,889.57
C4966,Male,Senior,Multan,2024-06-14,O8966,2025-06-21,Pizza Hut,Sandwich,Dessert,5,318.76,Card,26,2024-08-29,472,Inactive,4,2025-06-25,Delayed,1593.8
C4957,Female,Adult,Peshawar,2025-02-09,O8957,2025-06-21,Subway,Pizza,Continental,3,1094.56,Cash,19,2025-07-28,403,Active,4,2024-11-28,Delivered,3283.68
C2675,Male,Adult,Lahore,2025-01-04,O6675,2025-06-21,Burger King,Sandwich,Italian,2,918.39,Card,5,2025-08-16,33,Inactive,3,2025-02-01,Delayed,1836.78
C2715,Female,Senior,Lahore,2024-06-08,O6715,2025-06-21,Subway,Pizza,Chinese,1,254.44,Card,9,2025-08-20,191,Active,2,2024-09-02,Cancelled,254.44
C3468,Female,Adult,Peshawar,2024-04-29,O7468,2025-06-21,KFC,Pizza,Dessert,1,945.37,Wallet,1,2025-08-18,310,Active,4,2025-07-29,Cancelled,945.37
C5013,Female,Senior,Peshawar,2024-01-29,O9013,2025-06-21,Subway,Sandwich,Italian,5,210.27,Card,47,2025-06-29,62,Active,1,2025-02-24,Cancelled,1051.35
C4481,Other,Teenager,Multan,2024-04-27,O8481,2025-06-21,Pizza Hut,Pizza,Continental,5,798.52,Card,10,2025-06-24,361,Active,1,2025-01-04,Cancelled,3992.6
C5282,Female,Senior,Karachi,2025-01-24,O9282,2025-06-22,Pizza Hut,Sandwich,Dessert,1,393.43,Wallet,11,2025-02-12,158,Inactive,5,2025-07-06,Cancelled,393.43
C5767,Male,Adult,Multan,2023-11-24,O9767,2025-06-22,KFC,Sandwich,Italian,1,1465.65,Wallet,20,2025-06-08,31,Inactive,2,2025-01-03,Delivered,1465.65
C4323,Female,Senior,Lahore,2025-07-02,O8323,2025-06-22,KFC,Fries,Continental,5,1083.4,Card,5,2025-07-30,414,Inactive,5,2025-06-06,Delayed,5417.0
C4117,Male,Adult,Lahore,2024-10-30,O8117,2025-06-22,McDonald's,Burger,Continental,1,374.99,Cash,49,2025-03-23,394,Inactive,3,2024-12-04,Delayed,374.99
C2303,Male,Senior,Karachi,2025-01-20,O6303,2025-06-22,Pizza Hut,Burger,Italian,4,436.18,Card,33,2025-06-15,446,Active,3,2025-05-02,Delivered,1744.72
C1924,Female,Teenager,Lahore,2024-12-03,O5924,2025-06-22,Burger King,Sandwich,Fast Food,2,267.9,Card,22,2025-06-21,44,Active,1,2025-01-28,Cancelled,535.8
C6621,Male,Teenager,Lahore,2024-03-10,O10621,2025-06-22,Burger King,Pasta,Chinese,4,645.97,Cash,49,2025-04-12,237,Active,4,2025-04-21,Cancelled,2583.88
C4467,Female,Teenager,Peshawar,2024-12-03,O8467,2025-06-22,Burger King,Burger,Chinese,1,420.03,Cash,30,2025-07-03,471,Active,1,2025-08-16,Delayed,420.03
C2367,Female,Teenager,Karachi,2023-11-26,O6367,2025-06-22,Subway,Burger,Continental,3,433.3,Wallet,22,2024-11-09,455,Active,2,2024-12-03,Delayed,1299.9
C4153,Other,Senior,Peshawar,2023-10-24,O8153,2025-06-23,KFC,Sandwich,Dessert,2,1497.66,Card,39,2025-07-12,496,Active,3,2024-08-31,Cancelled,2995.32
C5405,Female,Teenager,Lahore,2023-09-22,O9405,2025-06-23,Subway,Pasta,Fast Food,2,670.25,Card,30,2025-01-05,237,Active,2,2024-11-05,Cancelled,1340.5
C2524,Male,Senior,Multan,2024-01-06,O6524,2025-06-23,KFC,Pizza,Dessert,4,1371.97,Cash,33,2025-05-14,362,Inactive,3,2025-02-21,Delivered,5487.88
C6087,Female,Senior,Karachi,2024-05-04,O10087,2025-06-23,Subway,Burger,Continental,1,1282.23,Wallet,5,2025-08-16,443,Inactive,3,2025-04-03,Delivered,1282.23
C1393,Male,Senior,Peshawar,2023-10-17,O5393,2025-06-23,McDonald's,Burger,Dessert,4,630.44,Cash,49,2024-12-13,4,Active,5,2025-06-13,Delivered,2521.76
C1701,Other,Teenager,Islamabad,2025-01-01,O5701,2025-06-24,KFC,Fries,Dessert,5,454.63,Wallet,45,2025-05-18,441,Active,3,2025-07-14,Cancelled,2273.15
C6725,Male,Adult,Karachi,2024-02-27,O10725,2025-06-24,KFC,Pizza,Fast Food,4,672.24,Card,44,2025-05-31,62,Inactive,2,2025-04-24,Cancelled,2688.96
C4723,Female,Adult,Multan,2023-11-21,O8723,2025-06-24,McDonald's,Sandwich,Dessert,4,1281.53,Cash,14,2025-06-04,136,Inactive,2,2025-06-28,Cancelled,5126.12
C6923,Female,Senior,Islamabad,2024-04-19,O10923,2025-06-24,Burger King,Sandwich,Continental,2,993.33,Wallet,33,2024-10-20,117,Inactive,2,2025-06-02,Delayed,1986.66
C5629,Other,Teenager,Peshawar,2025-01-04,O9629,2025-06-24,Burger King,Fries,Italian,5,1228.51,Wallet,44,2025-07-31,406,Active,2,2024-09-02,Delayed,6142.55
C2236,Female,Adult,Multan,2024-09-09,O6236,2025-06-24,Subway,Pasta,Continental,2,740.3,Wallet,31,2024-11-08,358,Active,1,2025-05-20,Delivered,1480.6
C5431,Female,Adult,Karachi,2024-10-04,O9431,2025-06-25,KFC,Fries,Fast Food,2,855.88,Card,20,2025-04-17,132,Inactive,1,2025-04-19,Delayed,1711.76
C5494,Male,Adult,Multan,2025-05-19,O9494,2025-06-25,KFC,Sandwich,Chinese,1,196.0,Cash,37,2025-07-26,152,Active,1,2025-04-21,Cancelled,196.0
C5337,Male,Adult,Lahore,2024-05-31,O9337,2025-06-25,Pizza Hut,Pasta,Italian,1,661.75,Wallet,25,2025-03-15,288,Active,3,2025-01-15,Cancelled,661.75
C1068,Male,Teenager,Islamabad,2024-07-12,O5068,2025-06-25,KFC,Burger,Fast Food,1,1216.18,Cash,44,2025-07-16,450,Active,4,2025-07-12,Delivered,1216.18
C1228,Female,Adult,Multan,2025-06-06,O5228,2025-06-25,McDonald's,Fries,Continental,2,1093.72,Card,23,2025-06-30,153,Active,2,2025-05-27,Delayed,2187.44
C2237,Female,Adult,Multan,2025-06-14,O6237,2025-06-25,Subway,Pasta,Chinese,2,1108.27,Cash,40,2025-07-30,50,Active,5,2025-08-17,Delayed,2216.54
C3837,Other,Teenager,Karachi,2023-11-02,O7837,2025-06-25,Subway,Pizza,Continental,1,826.87,Wallet,45,2024-12-15,249,Inactive,2,2025-01-03,Delayed,826.87
C2029,Other,Adult,Peshawar,2024-09-09,O6029,2025-06-25,Burger King,Pasta,Fast Food,1,1372.83,Cash,4,2025-01-17,400,Inactive,1,2025-03-13,Delivered,1372.83
C6486,Other,Teenager,Multan,2024-01-28,O10486,2025-06-26,Burger King,Fries,Continental,5,1305.89,Wallet,17,2025-03-04,185,Inactive,3,2024-09-17,Delivered,6529.45
C1324,Male,Senior,Lahore,2024-06-26,O5324,2025-06-26,Pizza Hut,Pasta,Dessert,3,467.52,Card,6,2025-02-08,438,Active,5,2025-05-23,Delivered,1402.56
C5869,Male,Senior,Islamabad,2023-12-27,O9869,2025-06-26,KFC,Sandwich,Continental,5,714.36,Cash,24,2025-08-16,75,Active,2,2024-10-28,Delivered,3571.8
C5972,Other,Adult,Karachi,2024-10-06,O9972,2025-06-26,KFC,Pizza,Dessert,4,1134.57,Card,10,2024-11-25,339,Active,5,2025-06-24,Delayed,4538.28
C1571,Female,Adult,Multan,2024-09-02,O5571,2025-06-26,KFC,Sandwich,Chinese,5,996.97,Card,26,2024-09-03,177,Active,4,2025-05-20,Cancelled,4984.85
C5886,Female,Adult,Islamabad,2024-11-11,O9886,2025-06-26,Burger King,Fries,Continental,3,1238.56,Card,6,2025-02-28,403,Inactive,2,2025-01-08,Cancelled,3715.68
C5837,Female,Teenager,Islamabad,2024-11-07,O9837,2025-06-26,Subway,Pizza,Dessert,3,359.84,Wallet,16,2024-12-30,486,Inactive,2,2024-11-15,Delivered,1079.52
C6798,Male,Senior,Peshawar,2024-10-11,O10798,2025-06-26,KFC,Burger,Fast Food,4,619.21,Cash,40,2025-07-18,86,Inactive,2,2024-12-01,Delayed,2476.84
C4933,Male,Teenager,Multan,2024-07-11,O8933,2025-06-27,Pizza Hut,Sandwich,Continental,1,906.37,Card,25,2024-11-02,251,Inactive,4,2025-02-20,Cancelled,906.37
C4018,Female,Senior,Islamabad,2024-03-06,O8018,2025-06-27,Pizza Hut,Pizza,Continental,5,898.63,Cash,11,2025-03-18,405,Active,3,2025-02-24,Cancelled,4493.15
C5861,Other,Adult,Karachi,2024-06-14,O9861,2025-06-27,Subway,Pizza,Italian,2,1094.45,Card,18,2025-07-05,329,Active,3,2024-11-25,Cancelled,2188.9
C5381,Female,Senior,Lahore,2024-02-18,O9381,2025-06-27,Pizza Hut,Pasta,Italian,3,1179.88,Wallet,26,2025-03-08,85,Inactive,2,2024-10-10,Delayed,3539.64
C4054,Other,Adult,Multan,2024-01-31,O8054,2025-06-27,KFC,Burger,Fast Food,3,436.72,Card,3,2024-11-12,245,Inactive,3,2024-09-19,Delivered,1310.16
C2357,Female,Teenager,Islamabad,2024-02-03,O6357,2025-06-27,KFC,Pizza,Italian,3,1063.78,Card,13,2024-10-04,96,Inactive,5,2024-12-28,Delayed,3191.34
C5958,Other,Adult,Karachi,2023-11-18,O9958,2025-06-28,Pizza Hut,Pizza,Dessert,4,580.47,Card,13,2024-12-12,453,Active,3,2025-06-23,Delayed,2321.88
C4607,Male,Teenager,Lahore,2024-09-05,O8607,2025-06-28,KFC,Fries,Italian,4,219.93,Wallet,40,2025-08-02,307,Active,3,2025-06-20,Delayed,879.72
C6009,Male,Adult,Peshawar,2024-09-25,O10009,2025-06-28,Subway,Burger,Chinese,5,1494.68,Cash,40,2024-12-27,407,Active,5,2025-02-28,Cancelled,7473.4
C1586,Female,Adult,Lahore,2024-10-10,O5586,2025-06-28,McDonald's,Fries,Chinese,5,197.17,Wallet,23,2025-01-28,375,Inactive,4,2025-08-03,Cancelled,985.85
C2849,Male,Adult,Peshawar,2023-12-21,O6849,2025-06-28,Burger King,Sandwich,Dessert,3,862.1,Wallet,8,2025-08-13,123,Active,1,2024-11-02,Cancelled,2586.3
C1528,Female,Adult,Peshawar,2025-03-21,O5528,2025-06-28,KFC,Fries,Continental,4,1263.08,Cash,18,2025-05-11,323,Active,4,2025-04-10,Cancelled,5052.32
C3522,Male,Senior,Karachi,2024-11-16,O7522,2025-06-29,McDonald's,Pizza,Dessert,4,836.21,Card,18,2025-06-21,482,Inactive,2,2024-10-06,Delivered,3344.84
C6523,Other,Senior,Islamabad,2024-08-03,O10523,2025-06-29,KFC,Burger,Continental,2,502.91,Wallet,30,2025-07-07,109,Active,5,2025-02-15,Delivered,1005.82
C3944,Other,Adult,Lahore,2023-10-12,O7944,2025-06-29,McDonald's,Pizza,Fast Food,3,859.56,Cash,24,2025-02-05,337,Inactive,2,2025-02-27,Delayed,2578.68
C3886,Other,Teenager,Multan,2024-03-15,O7886,2025-06-29,Subway,Pizza,Dessert,4,1202.95,Wallet,37,2025-01-04,183,Inactive,4,2024-11-04,Delayed,4811.8
C5487,Male,Teenager,Karachi,2024-02-25,O9487,2025-06-29,KFC,Sandwich,Chinese,3,880.72,Card,11,2025-01-30,318,Active,5,2025-05-10,Delayed,2642.16
C3493,Other,Adult,Karachi,2024-07-07,O7493,2025-06-29,McDonald's,Fries,Continental,2,221.64,Cash,20,2024-12-20,125,Active,3,2025-07-25,Delayed,443.28
C4012,Other,Senior,Lahore,2025-03-28,O8012,2025-06-29,KFC,Fries,Dessert,5,1158.75,Wallet,27,2025-06-27,500,Inactive,4,2024-12-22,Cancelled,5793.75
C2794,Other,Teenager,Multan,2024-11-30,O6794,2025-06-30,Subway,Sandwich,Dessert,3,728.59,Cash,3,2025-01-03,378,Active,5,2025-08-13,Cancelled,2185.77
C4222,Other,Adult,Karachi,2025-04-28,O8222,2025-06-30,McDonald's,Fries,Chinese,4,751.87,Cash,37,2025-06-13,418,Inactive,2,2024-09-22,Delayed,3007.48
C6839,Other,Senior,Peshawar,2024-05-14,O10839,2025-06-30,McDonald's,Fries,Chinese,2,400.74,Cash,30,2025-01-08,259,Inactive,1,2025-07-25,Delivered,801.48
C2103,Female,Senior,Peshawar,2024-09-10,O6103,2025-06-30,McDonald's,Pasta,Chinese,2,381.23,Card,11,2024-11-23,213,Active,1,2025-06-10,Cancelled,762.46
C4535,Male,Adult,Lahore,2024-10-21,O8535,2025-06-30,Subway,Fries,Chinese,4,847.96,Cash,47,2025-05-01,396,Inactive,1,2024-11-18,Delivered,3391.84
C4475,Female,Adult,Peshawar,2023-08-31,O8475,2025-06-30,Pizza Hut,Pasta,Chinese,1,707.94,Wallet,4,2025-02-25,497,Active,1,2025-04-25,Delayed,707.94
C6665,Female,Adult,Lahore,2025-01-22,O10665,2025-07-01,McDonald's,Burger,Continental,2,1390.03,Cash,27,2025-03-01,411,Inactive,2,2024-11-09,Delayed,2780.06
C3657,Other,Senior,Lahore,2023-11-05,O7657,2025-07-01,Burger King,Sandwich,Chinese,4,1181.44,Wallet,29,2025-05-16,32,Active,4,2025-04-05,Delivered,4725.76
C6267,Other,Teenager,Islamabad,2024-10-04,O10267,2025-07-01,Pizza Hut,Sandwich,Italian,2,481.77,Card,41,2025-05-20,257,Inactive,3,2025-06-06,Cancelled,963.54
C3959,Female,Senior,Peshawar,2024-04-14,O7959,2025-07-01,KFC,Fries,Italian,3,679.72,Cash,24,2024-10-07,162,Inactive,3,2024-10-04,Delayed,2039.16
C1065,Female,Senior,Peshawar,2024-11-10,O5065,2025-07-01,Subway,Sandwich,Chinese,3,474.8,Card,5,2025-06-15,247,Active,3,2025-07-24,Cancelled,1424.4
C3607,Female,Adult,Islamabad,2025-04-29,O7607,2025-07-01,Subway,Pasta,Italian,5,1073.32,Wallet,45,2025-05-10,258,Active,1,2025-03-11,Delivered,5366.6
C6862,Other,Teenager,Karachi,2025-01-09,O10862,2025-07-02,McDonald's,Burger,Dessert,4,699.35,Card,37,2025-07-02,190,Active,5,2025-01-16,Cancelled,2797.4
C5735,Other,Senior,Lahore,2024-06-05,O9735,2025-07-02,Pizza Hut,Pasta,Dessert,2,120.35,Cash,21,2025-03-09,137,Inactive,1,2024-11-11,Cancelled,240.7
C5143,Female,Teenager,Multan,2023-12-19,O9143,2025-07-02,Pizza Hut,Sandwich,Italian,2,290.15,Wallet,7,2025-02-13,343,Active,1,2025-06-23,Delayed,580.3
C1722,Male,Teenager,Multan,2025-02-16,O5722,2025-07-02,KFC,Burger,Continental,1,830.84,Card,3,2025-07-16,174,Inactive,3,2024-12-22,Delayed,830.84
C2907,Female,Senior,Peshawar,2024-05-06,O6907,2025-07-02,Subway,Pizza,Chinese,2,1360.98,Cash,23,2024-11-06,431,Inactive,3,2024-11-17,Delayed,2721.96
C1588,Female,Adult,Lahore,2024-11-07,O5588,2025-07-02,KFC,Pasta,Fast Food,3,140.42,Card,13,2024-11-23,176,Active,4,2025-07-24,Cancelled,421.26
C1419,Other,Adult,Karachi,2024-10-28,O5419,2025-07-03,Burger King,Pizza,Italian,4,119.07,Card,6,2025-08-21,470,Inactive,5,2024-08-26,Delayed,476.28
C3475,Female,Adult,Multan,2024-07-16,O7475,2025-07-03,McDonald's,Burger,Italian,5,652.96,Card,21,2024-09-14,381,Active,3,2025-06-29,Cancelled,3264.8
C5421,Male,Teenager,Peshawar,2023-09-03,O9421,2025-07-03,Pizza Hut,Pasta,Continental,3,1079.09,Card,7,2025-03-11,349,Inactive,5,2025-03-05,Delayed,3237.27
C4503,Other,Senior,Islamabad,2025-04-29,O8503,2025-07-03,KFC,Pizza,Fast Food,1,1192.89,Cash,46,2025-08-21,349,Inactive,4,2025-07-09,Cancelled,1192.89
C6637,Male,Adult,Karachi,2024-02-25,O10637,2025-07-03,KFC,Pizza,Fast Food,1,826.17,Card,28,2025-08-09,136,Active,2,2024-11-08,Delayed,826.17
C1999,Female,Senior,Peshawar,2024-03-30,O5999,2025-07-03,Pizza Hut,Fries,Continental,5,282.61,Card,9,2025-08-13,443,Active,1,2024-11-19,Delivered,1413.05
C2222,Other,Senior,Lahore,2025-04-18,O6222,2025-07-03,Burger King,Pasta,Chinese,5,668.46,Cash,37,2025-07-19,48,Active,5,2025-01-03,Cancelled,3342.3
C1269,Female,Teenager,Islamabad,2025-05-24,O5269,2025-07-04,Subway,Pasta,Italian,1,1127.93,Cash,22,2025-07-18,65,Inactive,5,2025-01-04,Delivered,1127.93
C2255,Male,Adult,Karachi,2024-05-09,O6255,2025-07-04,Pizza Hut,Pizza,Italian,4,150.03,Cash,22,2024-12-03,34,Active,1,2025-05-15,Cancelled,600.12
C1236,Male,Senior,Multan,2024-06-16,O5236,2025-07-04,Pizza Hut,Pizza,Italian,3,279.66,Cash,17,2024-11-25,264,Active,3,2025-05-09,Delayed,838.98
C4622,Female,Teenager,Karachi,2024-12-09,O8622,2025-07-04,Subway,Fries,Italian,4,346.78,Wallet,13,2024-12-26,131,Inactive,4,2025-07-22,Delivered,1387.12
C2323,Other,Senior,Multan,2025-02-13,O6323,2025-07-05,Burger King,Pasta,Italian,3,405.58,Cash,8,2025-05-10,203,Inactive,3,2025-03-09,Cancelled,1216.74
C1339,Other,Senior,Islamabad,2025-07-19,O5339,2025-07-05,McDonald's,Fries,Italian,5,974.41,Card,47,2025-08-04,442,Active,4,2024-12-12,Delivered,4872.05
C2600,Other,Adult,Peshawar,2024-09-02,O6600,2025-07-05,Burger King,Sandwich,Dessert,5,1179.15,Wallet,6,2025-04-15,378,Inactive,4,2024-08-31,Delayed,5895.75
C4565,Other,Teenager,Karachi,2024-02-16,O8565,2025-07-05,Subway,Sandwich,Dessert,4,1159.45,Cash,16,2025-07-02,340,Active,3,2024-11-25,Cancelled,4637.8
C4515,Male,Adult,Peshawar,2025-01-11,O8515,2025-07-05,Burger King,Fries,Fast Food,3,650.4,Wallet,29,2025-07-23,84,Active,3,2025-02-24,Delivered,1951.2
C2085,Male,Adult,Karachi,2025-06-02,O6085,2025-07-05,Subway,Burger,Continental,1,1296.09,Cash,49,2025-06-16,106,Active,3,2024-08-25,Delayed,1296.09
C2448,Male,Adult,Lahore,2024-04-23,O6448,2025-07-05,Pizza Hut,Pasta,Chinese,5,761.98,Wallet,27,2024-09-26,374,Inactive,3,2025-02-24,Delayed,3809.9
C1966,Female,Adult,Peshawar,2024-12-12,O5966,2025-07-05,Subway,Burger,Continental,5,541.4,Wallet,13,2025-03-09,17,Inactive,4,2025-04-21,Delayed,2707.0
C2507,Female,Adult,Lahore,2024-10-17,O6507,2025-07-05,KFC,Pizza,Dessert,2,1101.06,Wallet,13,2025-06-18,425,Active,4,2024-09-29,Delivered,2202.12
C2809,Other,Adult,Lahore,2024-08-13,O6809,2025-07-05,Pizza Hut,Pizza,Fast Food,5,629.51,Wallet,37,2025-04-11,370,Active,1,2025-08-01,Delayed,3147.55
C4289,Other,Teenager,Karachi,2024-11-18,O8289,2025-07-06,Pizza Hut,Fries,Italian,2,944.17,Card,23,2025-06-12,267,Inactive,1,2024-12-17,Cancelled,1888.34
C2659,Female,Adult,Peshawar,2025-07-04,O6659,2025-07-06,McDonald's,Sandwich,Italian,1,721.41,Wallet,32,2025-08-07,153,Inactive,5,2025-02-13,Delivered,721.41
C2942,Female,Teenager,Karachi,2023-09-11,O6942,2025-07-06,Pizza Hut,Pasta,Fast Food,5,1464.32,Card,49,2024-10-10,184,Inactive,4,2025-05-22,Delayed,7321.6
C2664,Male,Senior,Lahore,2023-12-13,O6664,2025-07-06,McDonald's,Burger,Italian,2,342.4,Wallet,24,2025-01-15,333,Active,2,2024-09-04,Delayed,684.8
C6675,Female,Teenager,Islamabad,2024-03-31,O10675,2025-07-07,Subway,Burger,Italian,1,540.82,Wallet,16,2024-12-09,127,Inactive,5,2025-05-07,Delayed,540.82
C3154,Female,Senior,Lahore,2023-10-17,O7154,2025-07-07,Pizza Hut,Burger,Continental,2,269.61,Wallet,27,2024-09-22,435,Active,1,2025-01-08,Delayed,539.22
C1886,Male,Teenager,Multan,2024-01-28,O5886,2025-07-07,Subway,Burger,Fast Food,1,494.19,Card,13,2025-06-17,134,Inactive,5,2025-04-15,Delivered,494.19
C4792,Male,Adult,Islamabad,2024-10-01,O8792,2025-07-07,McDonald's,Pizza,Continental,4,602.52,Card,19,2025-05-16,164,Inactive,3,2024-09-30,Delayed,2410.08
C4498,Male,Teenager,Lahore,2023-10-11,O8498,2025-07-07,Burger King,Pasta,Continental,5,1116.92,Wallet,50,2025-05-24,392,Inactive,5,2024-12-30,Delivered,5584.6
C4673,Other,Adult,Islamabad,2024-09-21,O8673,2025-07-07,Burger King,Pizza,Dessert,3,981.76,Wallet,17,2024-11-29,131,Inactive,2,2025-05-31,Delayed,2945.28
C2086,Other,Adult,Islamabad,2025-04-05,O6086,2025-07-07,Pizza Hut,Sandwich,Continental,2,1227.21,Wallet,47,2025-06-11,106,Inactive,4,2025-05-12,Delivered,2454.42
C2320,Male,Teenager,Karachi,2024-08-25,O6320,2025-07-07,Burger King,Fries,Continental,4,1256.21,Cash,4,2024-12-01,34,Active,2,2024-12-13,Delayed,5024.84
C5356,Other,Teenager,Lahore,2024-10-06,O9356,2025-07-08,McDonald's,Burger,Dessert,3,1244.58,Wallet,37,2025-07-10,244,Active,2,2025-03-11,Delivered,3733.74
C4922,Female,Adult,Peshawar,2024-07-24,O8922,2025-07-08,KFC,Fries,Fast Food,1,636.71,Cash,8,2025-07-17,182,Inactive,5,2025-03-14,Delayed,636.71
C6880,Male,Teenager,Peshawar,2024-08-24,O10880,2025-07-08,Pizza Hut,Pizza,Fast Food,3,594.07,Card,1,2025-02-26,452,Inactive,2,2025-07-01,Delayed,1782.21
C4590,Male,Teenager,Peshawar,2024-01-24,O8590,2025-07-08,Pizza Hut,Pizza,Chinese,1,1103.42,Cash,38,2024-09-17,298,Inactive,1,2025-02-16,Delayed,1103.42
C6666,Female,Adult,Karachi,2025-01-05,O10666,2025-07-08,Subway,Burger,Italian,4,715.23,Cash,24,2025-03-20,105,Inactive,2,2024-08-21,Cancelled,2860.92
C2718,Other,Adult,Karachi,2024-12-25,O6718,2025-07-08,KFC,Pizza,Continental,5,383.28,Wallet,38,2025-06-13,136,Active,3,2025-01-25,Cancelled,1916.4
C5231,Male,Senior,Multan,2023-12-16,O9231,2025-07-08,Burger King,Burger,Chinese,1,1160.7,Card,25,2025-04-05,371,Active,1,2024-09-04,Delayed,1160.7
C2031,Other,Teenager,Islamabad,2024-12-16,O6031,2025-07-08,McDonald's,Fries,Dessert,1,1001.93,Card,16,2025-03-15,426,Active,4,2024-12-15,Delivered,1001.93
C5245,Other,Teenager,Lahore,2024-11-28,O9245,2025-07-08,KFC,Fries,Chinese,1,543.28,Cash,8,2025-08-08,72,Active,5,2024-10-11,Delivered,543.28
C2415,Other,Teenager,Peshawar,2024-05-05,O6415,2025-07-09,McDonald's,Sandwich,Italian,4,125.36,Wallet,30,2025-06-23,301,Active,2,2025-02-13,Delivered,501.44
C6487,Other,Adult,Peshawar,2025-06-09,O10487,2025-07-09,KFC,Pizza,Fast Food,2,240.56,Card,37,2025-06-17,117,Active,3,2025-05-09,Delayed,481.12
C2961,Female,Senior,Multan,2024-09-16,O6961,2025-07-09,Subway,Pizza,Chinese,3,362.75,Wallet,12,2025-05-30,187,Active,5,2025-02-14,Delayed,1088.25
C5648,Male,Teenager,Peshawar,2025-04-10,O9648,2025-07-09,Pizza Hut,Burger,Chinese,1,1232.57,Cash,39,2025-04-16,158,Inactive,3,2024-09-19,Delayed,1232.57
C1131,Other,Adult,Islamabad,2023-11-12,O5131,2025-07-09,Subway,Fries,Dessert,5,724.01,Wallet,19,2025-05-14,165,Inactive,5,2025-05-14,Cancelled,3620.05
C1368,Other,Senior,Lahore,2025-02-17,O5368,2025-07-09,Pizza Hut,Pizza,Chinese,2,1035.71,Cash,38,2025-07-01,138,Inactive,3,2024-11-30,Cancelled,2071.42
C4935,Female,Teenager,Lahore,2023-11-16,O8935,2025-07-10,Pizza Hut,Fries,Chinese,3,1445.65,Cash,3,2025-01-06,424,Inactive,3,2025-08-15,Delivered,4336.95
C6321,Other,Senior,Multan,2024-09-10,O10321,2025-07-10,Subway,Pizza,Italian,2,675.36,Wallet,19,2025-07-07,413,Active,3,2025-02-19,Delivered,1350.72
C5200,Female,Senior,Karachi,2025-01-10,O9200,2025-07-10,KFC,Burger,Fast Food,4,489.75,Card,48,2025-07-17,307,Active,4,2025-03-13,Delivered,1959.0
C5396,Female,Adult,Karachi,2024-08-29,O9396,2025-07-10,Burger King,Sandwich,Continental,1,728.79,Card,34,2025-07-06,172,Active,2,2025-02-07,Delayed,728.79
C6237,Other,Senior,Karachi,2023-10-03,O10237,2025-07-10,McDonald's,Sandwich,Continental,5,852.44,Card,31,2024-09-26,325,Active,4,2025-05-17,Delayed,4262.2
C6448,Other,Senior,Karachi,2023-09-01,O10448,2025-07-10,KFC,Pasta,Fast Food,3,262.76,Card,24,2024-12-24,64,Active,2,2025-04-10,Cancelled,788.28
C2421,Other,Senior,Multan,2024-02-11,O6421,2025-07-10,Pizza Hut,Burger,Dessert,1,1158.58,Card,24,2025-06-22,16,Inactive,1,2024-10-24,Delayed,1158.58
C4968,Female,Teenager,Lahore,2025-05-12,O8968,2025-07-11,Pizza Hut,Burger,Chinese,3,555.8,Cash,23,2025-07-08,179,Active,5,2025-01-10,Cancelled,1667.4
C4076,Other,Adult,Islamabad,2024-03-06,O8076,2025-07-11,Pizza Hut,Fries,Continental,4,428.75,Card,4,2025-04-20,398,Inactive,5,2025-07-29,Delayed,1715.0
C2547,Other,Adult,Karachi,2024-09-15,O6547,2025-07-11,Burger King,Burger,Chinese,4,813.3,Cash,25,2025-03-06,308,Active,3,2025-02-10,Delayed,3253.2
C1431,Other,Senior,Multan,2024-02-17,O5431,2025-07-11,Pizza Hut,Fries,Italian,4,1195.98,Card,4,2025-01-29,394,Active,4,2025-04-01,Delivered,4783.92
C5519,Female,Senior,Islamabad,2025-04-19,O9519,2025-07-11,Pizza Hut,Fries,Chinese,1,236.27,Card,9,2025-05-17,189,Active,4,2025-02-02,Delivered,236.27
C2039,Other,Adult,Karachi,2024-06-11,O6039,2025-07-11,McDonald's,Pizza,Chinese,1,1136.94,Wallet,30,2025-01-01,183,Active,5,2025-04-25,Delayed,1136.94
C3818,Female,Senior,Islamabad,2023-12-27,O7818,2025-07-11,Subway,Fries,Fast Food,2,559.49,Wallet,41,2025-03-19,297,Inactive,3,2024-08-22,Delivered,1118.98
C5988,Male,Senior,Lahore,2024-09-30,O9988,2025-07-11,KFC,Burger,Italian,5,986.95,Cash,24,2025-05-11,388,Inactive,1,2024-11-29,Delivered,4934.75
C6772,Male,Senior,Peshawar,2024-02-14,O10772,2025-07-11,Subway,Sandwich,Dessert,5,209.02,Wallet,36,2025-05-04,103,Active,4,2025-05-05,Delivered,1045.1
C4703,Male,Adult,Multan,2025-02-18,O8703,2025-07-12,Burger King,Burger,Continental,1,838.08,Card,6,2025-06-24,14,Inactive,1,2024-08-22,Cancelled,838.08
C3376,Male,Adult,Multan,2024-02-07,O7376,2025-07-12,Pizza Hut,Sandwich,Italian,1,845.52,Cash,35,2024-09-02,418,Active,3,2024-08-29,Delivered,845.52
C3620,Other,Teenager,Karachi,2023-10-20,O7620,2025-07-12,McDonald's,Pasta,Italian,5,136.09,Cash,11,2024-11-20,249,Inactive,5,2024-12-07,Delivered,680.45
C5623,Male,Adult,Karachi,2025-01-06,O9623,2025-07-12,Subway,Pizza,Fast Food,5,877.43,Wallet,25,2025-05-30,479,Active,4,2025-08-04,Delivered,4387.15
C4848,Male,Adult,Karachi,2025-03-22,O8848,2025-07-12,Pizza Hut,Sandwich,Chinese,1,1467.6,Cash,3,2025-08-05,171,Active,2,2025-05-23,Delayed,1467.6
C6007,Female,Teenager,Lahore,2024-11-16,O10007,2025-07-12,Subway,Pasta,Fast Food,2,424.37,Card,38,2024-11-24,115,Inactive,1,2025-04-16,Cancelled,848.74
C1536,Female,Adult,Karachi,2024-02-26,O5536,2025-07-12,McDonald's,Pasta,Italian,4,259.47,Card,50,2024-10-12,104,Active,4,2024-10-13,Delivered,1037.88
C6659,Female,Senior,Islamabad,2024-09-30,O10659,2025-07-12,Burger King,Pizza,Dessert,4,856.25,Wallet,19,2024-10-24,331,Active,2,2024-09-29,Delivered,3425.0
C1525,Other,Teenager,Peshawar,2024-09-08,O5525,2025-07-12,McDonald's,Sandwich,Chinese,5,357.07,Card,43,2025-08-21,344,Active,4,2025-04-14,Cancelled,1785.35
C5391,Female,Adult,Lahore,2024-01-21,O9391,2025-07-12,McDonald's,Sandwich,Continental,1,926.71,Cash,39,2025-08-19,463,Active,4,2025-03-28,Delayed,926.71
C2824,Other,Teenager,Multan,2024-12-04,O6824,2025-07-13,Subway,Pizza,Italian,1,659.46,Cash,16,2025-02-17,336,Active,5,2025-01-27,Delivered,659.46
C1405,Male,Senior,Multan,2024-09-10,O5405,2025-07-13,Pizza Hut,Sandwich,Italian,2,1385.1,Cash,8,2025-04-18,94,Active,4,2025-05-23,Delayed,2770.2
C2268,Other,Adult,Karachi,2025-02-06,O6268,2025-07-13,Pizza Hut,Sandwich,Dessert,1,577.03,Card,25,2025-04-04,468,Active,4,2025-08-04,Cancelled,577.03
C1804,Other,Adult,Karachi,2025-06-10,O5804,2025-07-13,Pizza Hut,Pasta,Italian,3,401.4,Card,3,2025-08-11,195,Active,2,2025-02-19,Delivered,1204.2
C6295,Other,Adult,Lahore,2023-10-30,O10295,2025-07-13,KFC,Burger,Dessert,5,938.73,Card,25,2024-12-17,404,Inactive,2,2025-06-25,Delayed,4693.65
C6787,Male,Teenager,Lahore,2025-05-27,O10787,2025-07-13,Pizza Hut,Fries,Italian,4,219.43,Card,50,2025-07-18,477,Inactive,2,2024-09-26,Delivered,877.72
C6126,Male,Teenager,Multan,2023-09-18,O10126,2025-07-13,KFC,Fries,Dessert,3,509.45,Card,11,2025-04-29,183,Inactive,4,2024-10-24,Delayed,1528.35
C3853,Female,Teenager,Islamabad,2024-05-16,O7853,2025-07-13,McDonald's,Fries,Chinese,2,249.38,Card,5,2025-01-17,67,Inactive,4,2025-08-12,Delayed,498.76
C3968,Male,Senior,Multan,2024-10-07,O7968,2025-07-14,Subway,Sandwich,Chinese,3,1067.69,Wallet,14,2025-07-23,232,Inactive,4,2025-05-15,Delayed,3203.07
C2503,Female,Teenager,Multan,2025-07-30,O6503,2025-07-14,KFC,Pasta,Fast Food,3,1092.45,Cash,37,2025-08-02,392,Inactive,2,2024-09-08,Delivered,3277.35
C3859,Female,Senior,Peshawar,2024-10-11,O7859,2025-07-14,Subway,Burger,Chinese,1,599.54,Cash,12,2025-06-03,352,Inactive,3,2024-10-30,Delayed,599.54
C5662,Other,Adult,Islamabad,2025-04-07,O9662,2025-07-14,Burger King,Burger,Fast Food,2,1364.09,Cash,3,2025-05-02,141,Active,1,2025-06-30,Delivered,2728.18
C2051,Male,Senior,Peshawar,2025-06-26,O6051,2025-07-14,Subway,Burger,Chinese,5,207.6,Cash,16,2025-08-15,289,Active,5,2024-08-22,Cancelled,1038.0
C3249,Other,Senior,Multan,2024-03-07,O7249,2025-07-14,McDonald's,Sandwich,Continental,1,679.09,Cash,8,2024-11-27,21,Active,5,2024-11-25,Cancelled,679.09
C1866,Female,Adult,Karachi,2025-02-06,O5866,2025-07-14,Subway,Pasta,Dessert,1,689.93,Wallet,4,2025-02-28,286,Active,4,2025-08-06,Delayed,689.93
C6885,Male,Senior,Karachi,2023-12-10,O10885,2025-07-14,McDonald's,Sandwich,Dessert,4,1432.84,Cash,45,2025-06-02,12,Inactive,4,2025-07-06,Delivered,5731.36
C4378,Male,Adult,Peshawar,2024-07-07,O8378,2025-07-14,Pizza Hut,Burger,Continental,1,1427.96,Card,48,2025-01-10,42,Inactive,5,2024-12-26,Delivered,1427.96
C6652,Female,Teenager,Multan,2024-08-24,O10652,2025-07-14,Pizza Hut,Pasta,Continental,5,1241.34,Cash,1,2024-09-01,388,Active,5,2024-12-27,Delivered,6206.7
C3324,Other,Senior,Lahore,2025-03-15,O7324,2025-07-15,KFC,Pizza,Dessert,4,712.87,Card,17,2025-06-03,372,Inactive,5,2024-12-08,Cancelled,2851.48
C3072,Male,Senior,Peshawar,2024-12-25,O7072,2025-07-15,Burger King,Pasta,Dessert,2,855.91,Cash,39,2025-06-17,169,Inactive,3,2025-01-28,Cancelled,1711.82
C4220,Female,Senior,Karachi,2024-04-21,O8220,2025-07-15,KFC,Pasta,Italian,5,595.56,Wallet,7,2025-04-07,272,Active,2,2025-03-31,Delivered,2977.8
C3546,Male,Senior,Lahore,2023-08-31,O7546,2025-07-15,KFC,Sandwich,Italian,3,601.2,Card,38,2025-07-02,2,Inactive,3,2025-08-17,Cancelled,1803.6
C4064,Male,Senior,Islamabad,2024-02-07,O8064,2025-07-16,McDonald's,Burger,Fast Food,2,162.9,Card,22,2025-04-21,159,Inactive,5,2025-01-17,Delayed,325.8
C3448,Female,Adult,Multan,2024-04-21,O7448,2025-07-16,Pizza Hut,Pasta,Fast Food,1,413.33,Card,24,2025-07-06,441,Active,4,2025-05-08,Cancelled,413.33
C6927,Other,Teenager,Peshawar,2024-12-31,O10927,2025-07-16,KFC,Pasta,Chinese,1,833.47,Cash,38,2025-03-05,133,Inactive,4,2025-01-13,Cancelled,833.47
C4072,Female,Teenager,Multan,2024-11-27,O8072,2025-07-16,Pizza Hut,Sandwich,Italian,5,296.69,Card,36,2025-06-30,8,Inactive,5,2024-11-14,Delivered,1483.45
C4230,Male,Teenager,Islamabad,2023-10-18,O8230,2025-07-16,Subway,Sandwich,Italian,3,1045.54,Wallet,22,2025-04-13,333,Inactive,3,2025-07-28,Delayed,3136.62
C1404,Female,Senior,Multan,2024-05-19,O5404,2025-07-16,Pizza Hut,Pizza,Italian,2,1388.47,Cash,13,2025-01-31,66,Inactive,3,2025-05-17,Cancelled,2776.94
C5496,Male,Teenager,Lahore,2025-05-25,O9496,2025-07-16,McDonald's,Burger,Italian,3,884.06,Cash,11,2025-07-11,406,Active,2,2024-10-31,Delayed,2652.18
C5461,Other,Senior,Peshawar,2025-03-22,O9461,2025-07-16,Subway,Fries,Continental,5,646.61,Cash,24,2025-08-14,119,Active,2,2025-01-28,Delayed,3233.05
C3036,Male,Adult,Karachi,2023-09-23,O7036,2025-07-17,Burger King,Sandwich,Continental,2,1258.93,Wallet,14,2025-04-29,15,Inactive,2,2024-11-03,Delivered,2517.86
C2289,Female,Adult,Karachi,2025-01-03,O6289,2025-07-17,Subway,Pasta,Fast Food,5,1414.93,Card,1,2025-07-23,496,Inactive,5,2025-02-20,Delivered,7074.65
C6333,Other,Teenager,Islamabad,2024-09-28,O10333,2025-07-17,Pizza Hut,Pizza,Italian,3,781.45,Cash,20,2025-05-20,255,Inactive,4,2025-05-25,Cancelled,2344.35
C3395,Male,Teenager,Karachi,2023-10-01,O7395,2025-07-17,Pizza Hut,Pizza,Dessert,3,650.94,Wallet,5,2025-07-02,472,Inactive,4,2025-05-19,Delivered,1952.82
C2249,Male,Teenager,Lahore,2024-11-02,O6249,2025-07-17,Subway,Sandwich,Dessert,4,1166.41,Cash,44,2025-07-13,32,Inactive,3,2024-12-13,Cancelled,4665.64
C1110,Other,Adult,Islamabad,2024-12-10,O5110,2025-07-17,KFC,Sandwich,Chinese,1,830.92,Wallet,29,2025-05-01,387,Inactive,1,2025-04-19,Delayed,830.92
C2354,Other,Senior,Peshawar,2023-08-30,O6354,2025-07-17,KFC,Pasta,Fast Food,3,688.65,Wallet,40,2024-09-25,274,Active,2,2025-04-13,Cancelled,2065.95
C2009,Male,Teenager,Multan,2024-08-03,O6009,2025-07-17,Subway,Sandwich,Dessert,3,1149.13,Wallet,29,2024-11-29,57,Active,4,2025-02-26,Delivered,3447.39
C6277,Male,Adult,Multan,2024-06-17,O10277,2025-07-17,KFC,Pizza,Dessert,3,1059.46,Cash,16,2025-08-03,422,Inactive,1,2024-09-11,Delayed,3178.38
C3315,Female,Adult,Multan,2024-03-07,O7315,2025-07-18,Subway,Pizza,Continental,4,269.01,Card,27,2025-04-02,166,Active,1,2025-06-19,Delivered,1076.04
C4219,Female,Adult,Peshawar,2024-07-07,O8219,2025-07-18,McDonald's,Pasta,Italian,1,1434.07,Cash,32,2025-04-08,160,Inactive,3,2025-04-08,Delivered,1434.07
C2311,Other,Adult,Islamabad,2024-01-01,O6311,2025-07-18,McDonald's,Sandwich,Chinese,1,1171.34,Card,17,2025-01-14,56,Inactive,4,2025-08-21,Delayed,1171.34
C5736,Male,Senior,Multan,2025-04-08,O9736,2025-07-18,Subway,Burger,Fast Food,1,791.45,Card,25,2025-05-03,497,Inactive,5,2024-08-26,Cancelled,791.45
C1208,Male,Adult,Karachi,2024-04-27,O5208,2025-07-18,Burger King,Pasta,Dessert,2,1382.25,Cash,20,2024-12-29,423,Active,1,2025-08-16,Delayed,2764.5
C1014,Other,Senior,Multan,2025-02-12,O5014,2025-07-18,Subway,Pasta,Continental,2,928.25,Card,7,2025-06-19,491,Inactive,4,2024-11-03,Delivered,1856.5
C3790,Female,Adult,Islamabad,2024-08-31,O7790,2025-07-18,Burger King,Fries,Fast Food,4,542.53,Cash,11,2024-09-22,62,Active,3,2025-04-04,Delivered,2170.12
C3056,Female,Teenager,Multan,2024-09-07,O7056,2025-07-18,Pizza Hut,Pizza,Chinese,1,1399.33,Card,8,2024-12-20,83,Inactive,3,2025-04-02,Delayed,1399.33
C3776,Other,Adult,Peshawar,2023-10-02,O7776,2025-07-19,Burger King,Sandwich,Continental,4,875.57,Card,24,2024-10-22,62,Inactive,5,2024-11-11,Delayed,3502.28
C3481,Other,Adult,Lahore,2024-08-23,O7481,2025-07-19,McDonald's,Pizza,Chinese,1,990.93,Cash,35,2024-09-11,90,Inactive,3,2024-10-27,Delivered,990.93
C6924,Other,Adult,Lahore,2025-02-03,O10924,2025-07-19,Pizza Hut,Burger,Fast Food,5,1474.38,Cash,11,2025-02-28,488,Inactive,3,2025-02-06,Delivered,7371.9
C5658,Other,Adult,Multan,2023-09-24,O9658,2025-07-19,Subway,Burger,Continental,5,1495.46,Cash,19,2024-12-30,179,Inactive,5,2025-06-27,Delayed,7477.3
C2150,Male,Teenager,Karachi,2024-12-23,O6150,2025-07-19,KFC,Pasta,Dessert,1,162.88,Card,5,2025-06-15,412,Active,3,2025-03-25,Delayed,162.88
C6929,Male,Senior,Peshawar,2025-01-27,O10929,2025-07-19,Pizza Hut,Sandwich,Continental,4,1443.76,Card,25,2025-07-24,62,Active,2,2025-07-08,Delayed,5775.04
C6987,Other,Teenager,Islamabad,2025-05-25,O10987,2025-07-19,KFC,Sandwich,Continental,3,1146.02,Card,34,2025-08-18,349,Inactive,2,2024-12-15,Delayed,3438.06
C2399,Other,Senior,Peshawar,2024-12-30,O6399,2025-07-19,KFC,Sandwich,Chinese,5,470.74,Cash,37,2025-04-02,268,Active,4,2025-08-18,Delivered,2353.7
C4542,Other,Teenager,Multan,2024-07-25,O8542,2025-07-19,Burger King,Sandwich,Italian,4,935.31,Card,9,2024-12-12,236,Inactive,3,2025-08-12,Delivered,3741.24
C5912,Male,Senior,Multan,2025-03-20,O9912,2025-07-19,Subway,Fries,Dessert,4,784.79,Wallet,31,2025-04-19,285,Active,3,2025-01-13,Delayed,3139.16
C6626,Male,Teenager,Islamabad,2024-12-20,O10626,2025-07-20,Burger King,Pizza,Fast Food,5,832.52,Wallet,14,2025-05-11,493,Inactive,1,2025-03-07,Delayed,4162.6
C3489,Male,Teenager,Lahore,2025-02-09,O7489,2025-07-20,KFC,Pizza,Italian,5,364.08,Cash,31,2025-05-17,344,Active,3,2025-06-01,Delayed,1820.4
C3864,Female,Adult,Lahore,2024-03-17,O7864,2025-07-20,Subway,Sandwich,Chinese,1,1052.03,Cash,46,2024-12-12,170,Inactive,3,2024-10-09,Delivered,1052.03
C6838,Female,Senior,Multan,2024-07-05,O10838,2025-07-20,Pizza Hut,Pasta,Italian,3,672.95,Card,12,2025-05-04,5,Inactive,3,2024-12-20,Cancelled,2018.85
C6600,Other,Teenager,Multan,2025-02-27,O10600,2025-07-20,McDonald's,Fries,Chinese,1,589.04,Cash,11,2025-08-05,426,Inactive,5,2025-03-17,Delivered,589.04
C5716,Other,Teenager,Karachi,2023-10-11,O9716,2025-07-21,Pizza Hut,Pizza,Fast Food,3,782.02,Card,17,2024-09-19,397,Active,4,2025-04-29,Delivered,2346.06
C2624,Other,Teenager,Multan,2024-08-02,O6624,2025-07-21,Subway,Fries,Fast Food,2,825.01,Card,27,2025-03-06,312,Inactive,2,2025-08-18,Delivered,1650.02
C1179,Female,Senior,Karachi,2025-05-16,O5179,2025-07-21,KFC,Pizza,Chinese,5,784.12,Cash,8,2025-07-11,383,Inactive,5,2025-01-27,Delayed,3920.6
C4201,Other,Senior,Peshawar,2024-09-17,O8201,2025-07-21,Burger King,Sandwich,Italian,3,1072.21,Cash,8,2025-06-13,206,Active,4,2025-06-09,Cancelled,3216.63
C5313,Male,Teenager,Karachi,2024-08-22,O9313,2025-07-21,McDonald's,Sandwich,Chinese,4,375.66,Wallet,40,2025-02-12,400,Active,1,2025-07-01,Cancelled,1502.64
C1042,Female,Senior,Karachi,2024-08-16,O5042,2025-07-21,Burger King,Pizza,Chinese,3,186.03,Card,8,2024-09-13,13,Active,2,2025-05-30,Cancelled,558.09
C2466,Female,Adult,Karachi,2025-03-17,O6466,2025-07-21,Pizza Hut,Burger,Continental,5,364.18,Wallet,49,2025-06-01,111,Inactive,3,2024-10-04,Delayed,1820.9
C1163,Other,Teenager,Islamabad,2024-07-20,O5163,2025-07-21,Burger King,Pasta,Italian,1,328.8,Wallet,31,2025-06-25,336,Inactive,5,2025-04-03,Delayed,328.8
C5120,Male,Adult,Islamabad,2025-03-17,O9120,2025-07-21,Pizza Hut,Pasta,Fast Food,1,1258.16,Wallet,18,2025-03-31,23,Active,3,2025-03-30,Delayed,1258.16
C2385,Female,Teenager,Multan,2023-10-22,O6385,2025-07-21,KFC,Sandwich,Continental,1,997.72,Cash,45,2025-08-21,76,Inactive,5,2025-07-21,Delivered,997.72
C6073,Female,Adult,Multan,2023-09-01,O10073,2025-07-22,Burger King,Burger,Chinese,4,572.34,Cash,16,2024-11-10,461,Inactive,5,2025-06-17,Cancelled,2289.36
C6226,Male,Adult,Lahore,2024-09-03,O10226,2025-07-22,KFC,Sandwich,Fast Food,2,1296.19,Card,41,2025-03-01,60,Active,2,2025-02-28,Delayed,2592.38
C2850,Other,Teenager,Karachi,2024-04-29,O6850,2025-07-22,KFC,Fries,Fast Food,2,233.23,Cash,23,2025-08-11,471,Active,3,2024-12-26,Delayed,466.46
C2023,Other,Teenager,Islamabad,2024-07-09,O6023,2025-07-22,Burger King,Sandwich,Continental,5,145.81,Cash,21,2024-09-27,91,Active,1,2024-09-13,Delayed,729.05
C5136,Female,Senior,Islamabad,2024-12-07,O9136,2025-07-22,Pizza Hut,Sandwich,Chinese,5,1146.52,Cash,26,2025-02-23,47,Active,4,2025-02-05,Delayed,5732.6
C4167,Female,Teenager,Peshawar,2024-03-12,O8167,2025-07-22,Pizza Hut,Pizza,Continental,4,742.88,Cash,22,2025-05-21,208,Active,4,2025-07-02,Delayed,2971.52
C1617,Male,Teenager,Lahore,2023-10-29,O5617,2025-07-22,McDonald's,Pizza,Italian,4,1291.96,Card,38,2024-10-25,234,Inactive,5,2024-12-12,Cancelled,5167.84
C3077,Female,Senior,Peshawar,2024-07-13,O7077,2025-07-22,Burger King,Fries,Continental,3,718.02,Cash,40,2025-03-17,432,Active,1,2024-10-08,Cancelled,2154.06
C1289,Other,Senior,Islamabad,2023-12-27,O5289,2025-07-22,McDonald's,Pasta,Continental,1,1248.74,Wallet,34,2025-01-16,91,Inactive,1,2025-04-23,Delayed,1248.74
C2461,Male,Teenager,Multan,2024-08-21,O6461,2025-07-23,KFC,Burger,Fast Food,2,1003.4,Cash,33,2025-07-15,89,Active,1,2025-03-08,Delivered,2006.8
C4023,Female,Teenager,Peshawar,2025-01-30,O8023,2025-07-23,Pizza Hut,Fries,Continental,2,1490.84,Wallet,16,2025-03-28,143,Inactive,3,2025-08-20,Delayed,2981.68
C6225,Female,Teenager,Peshawar,2024-10-06,O10225,2025-07-23,Burger King,Fries,Italian,2,1228.67,Cash,39,2024-12-28,183,Active,1,2025-07-08,Cancelled,2457.34
C1777,Other,Adult,Peshawar,2023-10-27,O5777,2025-07-23,KFC,Burger,Italian,1,408.98,Wallet,12,2025-01-12,414,Inactive,3,2025-04-11,Delivered,408.98
C5865,Female,Adult,Lahore,2024-10-28,O9865,2025-07-24,Subway,Burger,Continental,5,433.61,Wallet,5,2025-07-09,412,Inactive,4,2025-02-06,Delivered,2168.05
C6349,Other,Teenager,Karachi,2024-12-02,O10349,2025-07-24,Burger King,Pasta,Italian,4,1031.56,Card,33,2024-12-23,435,Inactive,2,2025-05-12,Delivered,4126.24
C5045,Other,Senior,Multan,2024-07-06,O9045,2025-07-24,McDonald's,Pasta,Fast Food,5,973.72,Cash,11,2025-05-06,108,Active,2,2025-04-10,Delivered,4868.6
C4442,Female,Senior,Peshawar,2024-03-09,O8442,2025-07-24,McDonald's,Pizza,Dessert,3,1469.28,Cash,41,2025-04-23,446,Inactive,1,2025-07-16,Delayed,4407.84
C6209,Female,Adult,Lahore,2025-01-25,O10209,2025-07-24,Subway,Pasta,Fast Food,5,327.33,Cash,22,2025-02-08,60,Inactive,1,2025-06-19,Cancelled,1636.65
C4038,Male,Senior,Lahore,2023-12-19,O8038,2025-07-24,McDonald's,Fries,Continental,5,413.16,Cash,12,2025-05-17,184,Active,4,2025-06-23,Cancelled,2065.8
C3863,Male,Senior,Peshawar,2024-01-29,O7863,2025-07-24,Burger King,Pizza,Fast Food,4,630.11,Wallet,41,2024-10-05,108,Active,4,2025-05-16,Delayed,2520.44
C2275,Female,Teenager,Karachi,2023-10-21,O6275,2025-07-25,McDonald's,Pasta,Chinese,3,392.35,Cash,33,2025-08-15,431,Active,4,2025-06-06,Cancelled,1177.05
C2650,Male,Senior,Karachi,2025-01-29,O6650,2025-07-25,KFC,Fries,Chinese,5,1421.81,Card,5,2025-03-28,351,Inactive,2,2025-07-12,Cancelled,7109.05
C1320,Female,Teenager,Islamabad,2024-04-05,O5320,2025-07-25,Subway,Pizza,Italian,5,1026.53,Card,20,2025-03-12,132,Inactive,5,2025-01-02,Delayed,5132.65
C5382,Female,Adult,Islamabad,2024-06-17,O9382,2025-07-25,Pizza Hut,Pizza,Chinese,3,906.33,Wallet,43,2024-11-08,288,Inactive,2,2024-11-30,Cancelled,2718.99
C4905,Male,Adult,Islamabad,2024-05-27,O8905,2025-07-25,Subway,Fries,Dessert,2,248.26,Wallet,40,2025-04-02,382,Active,2,2025-05-12,Cancelled,496.52
C6105,Other,Senior,Multan,2024-04-23,O10105,2025-07-25,Burger King,Pizza,Dessert,1,325.01,Wallet,4,2024-08-28,364,Active,3,2024-09-23,Delayed,325.01
C3723,Female,Senior,Peshawar,2024-06-06,O7723,2025-07-25,KFC,Sandwich,Continental,5,197.12,Wallet,36,2025-05-07,203,Active,1,2024-12-03,Delivered,985.6
C3962,Other,Senior,Lahore,2025-07-02,O7962,2025-07-25,Subway,Sandwich,Italian,4,242.15,Wallet,22,2025-07-04,139,Active,1,2024-10-22,Delivered,968.6
C2689,Female,Adult,Lahore,2025-02-27,O6689,2025-07-25,Subway,Pizza,Fast Food,2,1410.59,Cash,7,2025-06-21,400,Inactive,4,2025-03-11,Delayed,2821.18
C5572,Other,Adult,Multan,2024-08-11,O9572,2025-07-26,Burger King,Sandwich,Italian,4,916.95,Wallet,37,2025-06-19,55,Active,2,2024-08-25,Cancelled,3667.8
C3452,Male,Adult,Karachi,2023-11-22,O7452,2025-07-26,Pizza Hut,Sandwich,Fast Food,5,363.04,Wallet,12,2024-09-15,258,Active,3,2025-07-16,Delayed,1815.2
C4709,Male,Adult,Karachi,2023-11-12,O8709,2025-07-26,KFC,Sandwich,Chinese,3,240.04,Card,27,2024-10-16,4,Inactive,4,2025-06-26,Delivered,720.12
C1117,Male,Adult,Lahore,2024-02-13,O5117,2025-07-26,Subway,Pasta,Italian,2,1162.08,Wallet,46,2025-04-17,246,Active,3,2025-03-29,Cancelled,2324.16
C6116,Other,Senior,Multan,2023-10-02,O10116,2025-07-26,KFC,Fries,Italian,3,333.35,Cash,11,2024-12-29,94,Inactive,3,2025-01-09,Delayed,1000.05
C1386,Male,Adult,Islamabad,2025-02-20,O5386,2025-07-26,KFC,Sandwich,Continental,4,145.98,Wallet,16,2025-07-15,419,Inactive,2,2024-12-12,Delivered,583.92
C6663,Female,Senior,Karachi,2024-02-10,O10663,2025-07-26,Pizza Hut,Pizza,Dessert,1,277.44,Wallet,17,2025-04-04,381,Active,4,2025-06-24,Delivered,277.44
C6989,Female,Teenager,Islamabad,2024-05-01,O10989,2025-07-26,Burger King,Burger,Italian,5,649.35,Wallet,3,2025-01-05,301,Active,3,2025-02-10,Delivered,3246.75
C4393,Male,Adult,Lahore,2024-06-16,O8393,2025-07-26,McDonald's,Sandwich,Fast Food,5,1253.18,Cash,16,2024-12-16,55,Active,3,2025-05-19,Delivered,6265.9
C3543,Other,Teenager,Islamabad,2024-02-16,O7543,2025-07-27,KFC,Burger,Italian,4,1479.19,Wallet,43,2025-04-22,196,Inactive,5,2025-01-14,Delivered,5916.76
C3682,Male,Adult,Lahore,2023-12-22,O7682,2025-07-27,Subway,Pasta,Fast Food,2,316.96,Cash,20,2025-03-23,45,Inactive,5,2025-01-25,Delivered,633.92
C1098,Female,Senior,Multan,2025-05-16,O5098,2025-07-27,KFC,Fries,Continental,2,610.22,Cash,3,2025-07-27,301,Inactive,2,2025-08-04,Cancelled,1220.44
C3275,Male,Senior,Peshawar,2024-04-17,O7275,2025-07-27,Burger King,Pizza,Chinese,3,106.66,Card,16,2024-09-24,76,Active,1,2025-08-01,Delayed,319.98
C1371,Male,Adult,Islamabad,2025-03-19,O5371,2025-07-28,Subway,Sandwich,Fast Food,1,562.12,Cash,16,2025-07-22,133,Inactive,3,2025-02-14,Delayed,562.12
C2867,Male,Teenager,Multan,2024-09-27,O6867,2025-07-28,KFC,Pizza,Dessert,1,213.08,Cash,31,2024-11-29,330,Active,5,2024-09-16,Delivered,213.08
C2511,Male,Teenager,Multan,2024-12-26,O6511,2025-07-28,McDonald's,Sandwich,Chinese,1,1199.63,Cash,41,2025-06-09,374,Inactive,3,2025-06-10,Delayed,1199.63
C5408,Female,Adult,Multan,2025-02-02,O9408,2025-07-28,McDonald's,Pasta,Chinese,1,1435.72,Wallet,42,2025-08-21,239,Inactive,5,2025-08-03,Delivered,1435.72
C5672,Female,Teenager,Islamabad,2024-10-02,O9672,2025-07-28,Burger King,Burger,Italian,5,494.93,Card,5,2025-06-04,118,Inactive,5,2024-10-22,Delayed,2474.65
C3771,Male,Teenager,Karachi,2024-05-14,O7771,2025-07-28,KFC,Sandwich,Continental,5,599.16,Card,16,2024-10-14,314,Inactive,2,2025-01-14,Delayed,2995.8
C6729,Female,Adult,Karachi,2023-11-13,O10729,2025-07-28,Burger King,Pasta,Chinese,3,673.37,Cash,16,2024-11-19,161,Inactive,5,2025-03-26,Delivered,2020.11
C2083,Other,Teenager,Karachi,2024-08-11,O6083,2025-07-28,Pizza Hut,Pizza,Italian,4,1375.05,Card,48,2024-10-09,310,Inactive,3,2025-03-07,Delivered,5500.2
C1252,Other,Senior,Multan,2024-08-21,O5252,2025-07-28,Burger King,Sandwich,Chinese,1,1368.07,Card,15,2025-04-17,121,Active,1,2025-03-09,Delayed,1368.07
C3611,Other,Senior,Karachi,2024-05-02,O7611,2025-07-28,Pizza Hut,Sandwich,Italian,1,748.07,Cash,40,2025-05-20,31,Active,4,2024-09-10,Cancelled,748.07
C4430,Other,Senior,Lahore,2024-01-01,O8430,2025-07-28,KFC,Pizza,Continental,4,580.27,Cash,34,2025-08-08,479,Inactive,4,2025-04-13,Delayed,2321.08
C4851,Female,Adult,Peshawar,2024-08-21,O8851,2025-07-28,Burger King,Burger,Italian,3,301.33,Wallet,26,2025-08-03,346,Inactive,2,2024-10-19,Delayed,903.99
C5350,Male,Senior,Lahore,2024-02-29,O9350,2025-07-28,Burger King,Pasta,Dessert,5,233.91,Card,43,2024-09-04,420,Inactive,5,2025-03-10,Delayed,1169.55
C3334,Male,Adult,Multan,2024-12-03,O7334,2025-07-28,KFC,Burger,Italian,4,579.79,Wallet,1,2025-04-24,279,Inactive,2,2025-05-08,Cancelled,2319.16
C4302,Other,Adult,Karachi,2024-08-23,O8302,2025-07-28,Pizza Hut,Fries,Italian,5,1156.25,Cash,15,2025-08-08,359,Inactive,5,2025-04-13,Cancelled,5781.25
C4822,Male,Teenager,Multan,2024-04-25,O8822,2025-07-29,Burger King,Sandwich,Italian,1,1226.67,Card,6,2024-09-05,195,Active,4,2025-08-04,Delayed,1226.67
C5761,Other,Senior,Multan,2024-02-02,O9761,2025-07-29,Burger King,Pizza,Dessert,2,1152.64,Cash,43,2025-04-11,329,Active,3,2025-02-26,Delayed,2305.28
C6012,Other,Adult,Multan,2024-09-10,O10012,2025-07-29,Pizza Hut,Sandwich,Continental,5,1085.51,Wallet,6,2025-07-25,386,Inactive,1,2025-06-09,Delivered,5427.55
C6223,Female,Senior,Multan,2024-06-04,O10223,2025-07-29,Pizza Hut,Pizza,Dessert,2,238.76,Card,25,2025-05-16,435,Inactive,2,2025-03-08,Delayed,477.52
C1683,Other,Senior,Multan,2023-10-18,O5683,2025-07-29,Burger King,Pasta,Continental,5,794.84,Card,32,2024-12-14,322,Active,3,2024-11-17,Cancelled,3974.2
C5189,Other,Teenager,Peshawar,2025-01-15,O9189,2025-07-30,Pizza Hut,Pasta,Chinese,5,568.85,Card,25,2025-01-18,104,Active,4,2025-02-10,Delayed,2844.25
C6457,Male,Adult,Multan,2024-09-02,O10457,2025-07-30,Subway,Fries,Fast Food,3,1134.45,Card,29,2025-03-23,477,Active,5,2025-06-06,Delivered,3403.35
C1973,Other,Senior,Lahore,2024-10-16,O5973,2025-07-30,McDonald's,Pasta,Continental,2,267.63,Wallet,34,2025-03-06,218,Inactive,2,2024-12-10,Delayed,535.26
C5472,Other,Teenager,Islamabad,2024-07-19,O9472,2025-07-30,Burger King,Sandwich,Chinese,3,635.41,Cash,43,2025-07-03,155,Inactive,1,2025-06-28,Delivered,1906.23
C1237,Male,Senior,Karachi,2025-04-23,O5237,2025-07-30,Pizza Hut,Pizza,Dessert,4,1015.84,Cash,32,2025-05-17,460,Inactive,4,2024-12-18,Cancelled,4063.36
C3063,Male,Senior,Multan,2024-10-12,O7063,2025-07-30,Subway,Pasta,Dessert,2,243.68,Card,15,2025-01-25,175,Active,4,2024-09-15,Delayed,487.36
C3153,Other,Teenager,Peshawar,2025-06-04,O7153,2025-07-31,Burger King,Burger,Continental,3,1433.25,Cash,19,2025-06-30,120,Inactive,2,2024-10-31,Delivered,4299.75
C2116,Female,Adult,Karachi,2025-03-17,O6116,2025-07-31,Burger King,Sandwich,Chinese,4,1441.52,Wallet,19,2025-06-28,81,Inactive,5,2025-07-10,Cancelled,5766.08
C1545,Other,Teenager,Lahore,2024-07-02,O5545,2025-07-31,Subway,Fries,Chinese,2,430.93,Card,36,2025-03-04,487,Inactive,4,2025-05-02,Delivered,861.86
C6865,Other,Adult,Lahore,2024-08-01,O10865,2025-07-31,Burger King,Burger,Dessert,4,477.76,Cash,15,2024-11-03,176,Inactive,3,2024-12-04,Delayed,1911.04
C5824,Male,Adult,Lahore,2024-04-18,O9824,2025-07-31,McDonald's,Fries,Continental,3,344.86,Cash,3,2025-02-09,113,Active,1,2025-07-10,Delayed,1034.58
C6010,Female,Teenager,Islamabad,2024-02-10,O10010,2025-08-01,McDonald's,Fries,Chinese,4,249.03,Wallet,14,2025-05-12,213,Active,3,2025-06-16,Delivered,996.12
C2104,Other,Teenager,Islamabad,2024-10-10,O6104,2025-08-01,Subway,Pasta,Chinese,4,821.37,Card,16,2024-12-21,180,Inactive,3,2024-10-21,Cancelled,3285.48
C4221,Male,Adult,Peshawar,2025-01-04,O8221,2025-08-01,KFC,Pizza,Chinese,3,534.43,Card,23,2025-06-05,483,Inactive,5,2025-07-18,Cancelled,1603.29
C6170,Male,Senior,Lahore,2024-10-06,O10170,2025-08-01,Subway,Fries,Dessert,2,1412.92,Wallet,48,2025-05-14,211,Active,1,2025-03-24,Delivered,2825.84
C2061,Other,Teenager,Lahore,2024-03-21,O6061,2025-08-01,McDonald's,Burger,Chinese,5,288.0,Cash,19,2024-10-02,170,Active,3,2025-06-03,Delayed,1440.0
C3113,Male,Senior,Multan,2023-11-24,O7113,2025-08-01,Subway,Pasta,Fast Food,3,509.94,Cash,2,2025-07-22,395,Inactive,1,2025-05-25,Cancelled,1529.82
C2480,Female,Senior,Lahore,2024-01-15,O6480,2025-08-01,Subway,Sandwich,Continental,3,227.62,Cash,37,2025-02-16,8,Inactive,5,2024-10-04,Delayed,682.86
C2738,Female,Teenager,Multan,2024-12-29,O6738,2025-08-01,McDonald's,Pizza,Italian,3,1143.18,Card,4,2025-05-30,43,Active,5,2025-01-08,Delivered,3429.54
C1776,Male,Adult,Karachi,2023-10-28,O5776,2025-08-01,KFC,Sandwich,Italian,1,862.8,Card,30,2024-08-29,17,Active,2,2024-12-18,Delayed,862.8
C2861,Female,Teenager,Peshawar,2024-02-25,O6861,2025-08-01,Subway,Pizza,Chinese,1,776.93,Card,49,2025-06-04,431,Active,1,2025-06-14,Delivered,776.93
C1530,Male,Teenager,Multan,2024-03-10,O5530,2025-08-01,Burger King,Sandwich,Continental,2,140.16,Card,38,2024-08-23,359,Active,4,2025-01-04,Delivered,280.32
C1506,Male,Adult,Multan,2025-01-29,O5506,2025-08-02,KFC,Sandwich,Fast Food,2,113.42,Cash,42,2025-07-01,299,Inactive,3,2025-06-02,Delivered,226.84
C3766,Male,Teenager,Karachi,2025-05-14,O7766,2025-08-02,Burger King,Sandwich,Continental,5,341.92,Wallet,24,2025-08-05,284,Inactive,5,2025-05-24,Cancelled,1709.6
C4527,Other,Senior,Karachi,2025-06-14,O8527,2025-08-02,KFC,Sandwich,Chinese,5,1309.79,Cash,24,2025-08-18,207,Inactive,3,2025-06-11,Delayed,6548.95
C5839,Male,Senior,Multan,2024-06-15,O9839,2025-08-02,Subway,Fries,Chinese,5,835.09,Wallet,31,2025-03-25,370,Active,2,2025-05-14,Delivered,4175.45
C5050,Other,Adult,Peshawar,2024-10-06,O9050,2025-08-02,KFC,Fries,Chinese,3,169.53,Card,31,2025-04-09,484,Active,4,2025-02-03,Delayed,508.59
C1193,Other,Teenager,Multan,2023-10-26,O5193,2025-08-02,McDonald's,Pizza,Chinese,5,834.87,Wallet,27,2024-12-05,324,Active,4,2025-03-24,Delayed,4174.35
C5191,Other,Teenager,Karachi,2024-09-14,O9191,2025-08-02,Subway,Pizza,Dessert,4,328.06,Card,45,2025-01-20,267,Active,2,2024-10-04,Delivered,1312.24
C3162,Male,Adult,Multan,2023-09-05,O7162,2025-08-02,Subway,Burger,Chinese,1,1146.15,Wallet,15,2025-05-19,451,Inactive,5,2025-03-15,Delivered,1146.15
C2005,Female,Adult,Multan,2025-06-03,O6005,2025-08-02,McDonald's,Fries,Continental,2,728.37,Cash,15,2025-08-09,274,Inactive,4,2024-11-01,Cancelled,1456.74
C6630,Other,Teenager,Karachi,2023-12-06,O10630,2025-08-03,Subway,Burger,Italian,2,582.2,Card,4,2024-12-11,409,Active,3,2025-02-26,Delivered,1164.4
C4561,Other,Adult,Multan,2024-07-17,O8561,2025-08-03,McDonald's,Sandwich,Dessert,2,1387.42,Card,11,2024-09-26,297,Active,1,2025-06-18,Delivered,2774.84
C6710,Female,Adult,Lahore,2024-06-11,O10710,2025-08-03,Pizza Hut,Fries,Fast Food,4,117.28,Card,47,2025-06-03,60,Active,2,2025-02-06,Cancelled,469.12
C5370,Male,Teenager,Islamabad,2023-12-21,O9370,2025-08-03,Pizza Hut,Burger,Dessert,3,311.23,Cash,37,2024-10-30,230,Inactive,2,2025-04-01,Delayed,933.69
C5463,Female,Senior,Multan,2024-10-19,O9463,2025-08-03,McDonald's,Burger,Continental,2,268.18,Card,34,2025-02-19,69,Inactive,1,2025-06-03,Delayed,536.36
C2027,Male,Adult,Islamabad,2024-04-03,O6027,2025-08-03,McDonald's,Fries,Chinese,3,431.36,Wallet,44,2025-03-06,409,Active,1,2025-03-08,Delivered,1294.08
C5750,Female,Adult,Islamabad,2023-11-15,O9750,2025-08-03,Subway,Sandwich,Chinese,2,308.09,Wallet,34,2025-07-13,298,Inactive,4,2025-02-18,Delayed,616.18
C4216,Other,Adult,Lahore,2024-04-05,O8216,2025-08-03,KFC,Pasta,Dessert,4,945.08,Cash,39,2025-03-24,249,Inactive,5,2024-10-28,Cancelled,3780.32
C3477,Male,Teenager,Peshawar,2024-07-24,O7477,2025-08-04,Subway,Pasta,Dessert,4,522.3,Cash,4,2025-05-03,257,Inactive,2,2025-05-17,Delayed,2089.2
C5594,Female,Teenager,Islamabad,2024-11-02,O9594,2025-08-04,Pizza Hut,Fries,Continental,1,1297.58,Cash,19,2025-06-21,47,Inactive,5,2025-07-01,Delivered,1297.58
C5150,Female,Senior,Lahore,2024-03-27,O9150,2025-08-04,Pizza Hut,Pasta,Chinese,3,227.9,Wallet,50,2025-04-04,211,Inactive,4,2025-07-06,Delayed,683.7
C6147,Male,Senior,Karachi,2024-06-11,O10147,2025-08-04,Subway,Pasta,Fast Food,4,520.78,Card,35,2025-02-23,278,Active,2,2025-07-19,Cancelled,2083.12
C3203,Other,Adult,Multan,2023-11-09,O7203,2025-08-04,Burger King,Burger,Italian,3,612.35,Card,15,2025-06-19,274,Active,2,2025-04-09,Delayed,1837.05
C5996,Other,Teenager,Islamabad,2024-05-14,O9996,2025-08-04,McDonald's,Burger,Italian,4,1133.94,Card,20,2024-10-15,230,Active,3,2024-11-25,Delivered,4535.76
C2184,Other,Senior,Multan,2024-09-13,O6184,2025-08-04,McDonald's,Pasta,Fast Food,4,1449.72,Cash,43,2025-07-15,186,Active,1,2025-05-30,Cancelled,5798.88
C3756,Male,Adult,Karachi,2025-02-22,O7756,2025-08-04,Subway,Sandwich,Continental,1,655.24,Cash,50,2025-07-13,151,Active,5,2025-04-10,Delivered,655.24
C3666,Male,Adult,Peshawar,2025-01-24,O7666,2025-08-04,Subway,Pasta,Chinese,1,172.53,Card,3,2025-05-30,72,Active,1,2024-09-03,Cancelled,172.53
C6294,Other,Adult,Multan,2024-12-27,O10294,2025-08-05,Pizza Hut,Burger,Italian,3,1273.04,Cash,39,2025-05-27,70,Active,5,2025-04-03,Cancelled,3819.12
C4357,Female,Teenager,Islamabad,2025-04-24,O8357,2025-08-05,Pizza Hut,Pizza,Continental,4,1174.8,Cash,26,2025-07-17,1,Inactive,1,2025-05-10,Cancelled,4699.2
C4782,Female,Senior,Peshawar,2024-05-21,O8782,2025-08-05,Burger King,Fries,Dessert,3,955.21,Wallet,40,2024-09-18,300,Inactive,2,2024-12-23,Cancelled,2865.63
C1958,Female,Senior,Lahore,2024-10-06,O5958,2025-08-05,Pizza Hut,Fries,Continental,4,110.38,Wallet,13,2025-05-11,171,Inactive,5,2025-02-25,Cancelled,441.52
C5135,Other,Teenager,Peshawar,2024-11-04,O9135,2025-08-05,Subway,Sandwich,Fast Food,2,917.14,Cash,44,2025-02-21,100,Active,4,2024-09-27,Cancelled,1834.28
C3164,Other,Adult,Peshawar,2025-01-29,O7164,2025-08-05,Burger King,Pizza,Dessert,5,181.01,Card,31,2025-04-30,399,Inactive,4,2024-08-23,Delivered,905.05
C3122,Female,Adult,Peshawar,2024-06-22,O7122,2025-08-05,KFC,Fries,Dessert,4,280.37,Card,3,2024-09-10,431,Inactive,2,2025-07-23,Delivered,1121.48
C2544,Female,Senior,Islamabad,2024-11-20,O6544,2025-08-05,KFC,Sandwich,Continental,3,1366.65,Wallet,8,2024-12-12,189,Active,4,2025-01-30,Cancelled,4099.95
C2847,Other,Senior,Peshawar,2024-06-17,O6847,2025-08-05,Subway,Pasta,Continental,3,1448.07,Card,7,2025-01-25,143,Inactive,1,2025-01-27,Delayed,4344.21
C6190,Male,Adult,Peshawar,2024-12-02,O10190,2025-08-05,Burger King,Pasta,Italian,3,1476.75,Cash,42,2025-07-17,267,Active,1,2024-09-05,Cancelled,4430.25
C3964,Other,Teenager,Karachi,2023-09-21,O7964,2025-08-05,Pizza Hut,Burger,Continental,5,1222.24,Cash,22,2025-06-17,146,Inactive,5,2025-01-21,Cancelled,6111.2
C4522,Female,Adult,Islamabad,2025-03-11,O8522,2025-08-06,Pizza Hut,Burger,Italian,5,1160.99,Cash,8,2025-04-24,69,Active,5,2024-09-03,Cancelled,5804.95
C1520,Other,Senior,Peshawar,2025-03-21,O5520,2025-08-06,Subway,Pizza,Italian,2,132.86,Wallet,30,2025-05-19,244,Active,4,2024-10-26,Delivered,265.72
C6619,Male,Teenager,Lahore,2024-07-12,O10619,2025-08-06,Burger King,Pizza,Fast Food,2,698.75,Cash,27,2025-01-25,145,Inactive,2,2025-03-22,Cancelled,1397.5
C5676,Other,Teenager,Karachi,2024-12-02,O9676,2025-08-06,Pizza Hut,Sandwich,Chinese,4,314.88,Wallet,13,2025-07-13,54,Inactive,2,2025-03-27,Delivered,1259.52
C3145,Male,Senior,Peshawar,2024-12-09,O7145,2025-08-06,McDonald's,Pasta,Chinese,2,1155.12,Card,17,2025-07-08,317,Active,3,2025-05-21,Delivered,2310.24
C2107,Female,Teenager,Karachi,2024-05-03,O6107,2025-08-06,McDonald's,Sandwich,Continental,2,1436.08,Card,23,2024-08-26,13,Active,1,2025-01-13,Delivered,2872.16
C4718,Other,Adult,Multan,2024-08-06,O8718,2025-08-06,KFC,Burger,Fast Food,2,633.07,Card,43,2025-07-01,170,Active,1,2024-08-22,Delivered,1266.14
C5374,Female,Teenager,Multan,2024-04-11,O9374,2025-08-06,McDonald's,Sandwich,Continental,1,493.85,Cash,21,2025-05-13,84,Active,5,2025-07-25,Delivered,493.85
C6844,Female,Senior,Multan,2023-12-18,O10844,2025-08-06,Pizza Hut,Pasta,Fast Food,5,709.31,Wallet,43,2025-07-20,327,Active,1,2024-12-17,Delivered,3546.55
C6506,Male,Adult,Lahore,2024-07-22,O10506,2025-08-06,Subway,Sandwich,Italian,2,587.43,Cash,9,2024-09-05,39,Inactive,3,2024-11-17,Delayed,1174.86
C6017,Other,Adult,Islamabad,2025-04-21,O10017,2025-08-06,Subway,Pasta,Fast Food,2,1069.04,Card,2,2025-05-13,149,Active,3,2024-09-06,Delayed,2138.08
C5562,Male,Senior,Multan,2024-05-29,O9562,2025-08-06,McDonald's,Sandwich,Chinese,3,416.44,Cash,19,2024-10-07,84,Active,3,2024-10-11,Delayed,1249.32
C1213,Female,Teenager,Karachi,2023-09-28,O5213,2025-08-06,KFC,Sandwich,Chinese,5,910.38,Card,23,2024-08-23,394,Active,3,2024-12-27,Delayed,4551.9
C1039,Female,Senior,Karachi,2023-10-14,O5039,2025-08-07,KFC,Sandwich,Italian,5,330.63,Card,25,2024-09-30,475,Active,2,2025-02-12,Delayed,1653.15
C5241,Male,Teenager,Lahore,2024-09-20,O9241,2025-08-07,Pizza Hut,Pasta,Chinese,2,1121.22,Card,44,2025-08-09,172,Active,1,2025-05-24,Delivered,2242.44
C1474,Female,Senior,Islamabad,2024-03-03,O5474,2025-08-07,McDonald's,Pasta,Dessert,4,376.72,Cash,17,2025-05-19,428,Active,2,2025-03-17,Delayed,1506.88
C5884,Other,Adult,Karachi,2023-08-31,O9884,2025-08-07,Subway,Pizza,Chinese,3,624.11,Card,44,2025-03-01,277,Inactive,5,2025-01-19,Delayed,1872.33
C4397,Other,Teenager,Lahore,2025-02-08,O8397,2025-08-07,Pizza Hut,Burger,Continental,4,732.45,Card,23,2025-08-13,500,Inactive,1,2025-03-27,Delayed,2929.8
C3104,Female,Adult,Multan,2024-01-20,O7104,2025-08-07,Pizza Hut,Fries,Continental,5,432.64,Wallet,28,2025-04-29,115,Active,1,2025-06-11,Delivered,2163.2
C5230,Female,Senior,Peshawar,2023-11-28,O9230,2025-08-07,McDonald's,Pizza,Italian,5,177.24,Cash,12,2025-03-29,434,Inactive,4,2025-07-13,Cancelled,886.2
C1809,Female,Teenager,Islamabad,2024-10-18,O5809,2025-08-07,McDonald's,Burger,Italian,1,1322.34,Cash,34,2025-05-21,135,Inactive,2,2024-11-29,Delivered,1322.34
C5310,Female,Teenager,Islamabad,2024-08-08,O9310,2025-08-07,Pizza Hut,Sandwich,Dessert,5,877.87,Wallet,28,2025-03-31,357,Active,2,2025-03-04,Delivered,4389.35
C3752,Male,Adult,Multan,2024-01-23,O7752,2025-08-07,Pizza Hut,Pizza,Chinese,4,1319.47,Card,38,2024-11-26,383,Inactive,3,2025-01-06,Delayed,5277.88
C4858,Female,Senior,Karachi,2025-03-17,O8858,2025-08-07,Pizza Hut,Pizza,Continental,3,1308.54,Cash,16,2025-05-18,361,Inactive,2,2024-10-09,Cancelled,3925.62
C6473,Other,Teenager,Peshawar,2024-02-04,O10473,2025-08-08,Pizza Hut,Fries,Dessert,4,1099.84,Wallet,47,2025-04-16,383,Inactive,2,2024-09-08,Delayed,4399.36
C1064,Male,Adult,Multan,2023-10-13,O5064,2025-08-08,Burger King,Burger,Italian,5,1041.61,Wallet,36,2024-10-24,286,Active,5,2025-06-19,Cancelled,5208.05
C3261,Male,Senior,Lahore,2024-04-16,O7261,2025-08-08,McDonald's,Pizza,Chinese,1,532.87,Cash,25,2025-06-16,198,Inactive,4,2025-07-18,Delivered,532.87
C4296,Female,Senior,Multan,2023-09-07,O8296,2025-08-08,KFC,Pasta,Fast Food,2,1318.89,Card,42,2024-09-06,462,Inactive,4,2025-02-14,Cancelled,2637.78
C3624,Other,Senior,Islamabad,2023-09-28,O7624,2025-08-08,KFC,Pizza,Chinese,4,534.82,Cash,30,2025-03-28,303,Active,4,2025-04-16,Cancelled,2139.28
C4803,Female,Teenager,Islamabad,2024-06-29,O8803,2025-08-08,Subway,Burger,Dessert,3,636.17,Cash,15,2025-08-20,494,Active,3,2025-03-23,Cancelled,1908.51
C2431,Female,Teenager,Karachi,2025-02-20,O6431,2025-08-08,Subway,Sandwich,Continental,2,447.47,Card,22,2025-05-25,196,Inactive,1,2025-08-13,Delayed,894.94
C5670,Other,Adult,Islamabad,2024-10-26,O9670,2025-08-08,Pizza Hut,Pasta,Continental,4,473.35,Wallet,9,2025-08-20,404,Inactive,1,2025-06-23,Cancelled,1893.4
C4563,Male,Adult,Lahore,2024-04-17,O8563,2025-08-08,McDonald's,Sandwich,Italian,4,1045.34,Wallet,33,2025-04-18,386,Inactive,2,2025-08-14,Delivered,4181.36
C2878,Other,Adult,Karachi,2024-03-21,O6878,2025-08-09,Burger King,Sandwich,Continental,2,238.46,Wallet,41,2025-08-17,373,Active,3,2025-06-22,Delayed,476.92
C4015,Male,Teenager,Karachi,2025-02-07,O8015,2025-08-09,McDonald's,Pizza,Dessert,4,134.37,Card,11,2025-07-21,489,Inactive,5,2024-10-05,Cancelled,537.48
C6388,Other,Senior,Karachi,2025-07-15,O10388,2025-08-09,Burger King,Pasta,Chinese,4,680.93,Card,1,2025-08-03,395,Active,2,2024-12-18,Delivered,2723.72
C3755,Male,Senior,Karachi,2024-02-08,O7755,2025-08-09,Subway,Sandwich,Dessert,4,100.59,Card,23,2025-07-16,260,Active,5,2025-01-24,Delayed,402.36
C5511,Other,Senior,Islamabad,2024-09-03,O9511,2025-08-09,Pizza Hut,Pasta,Chinese,1,951.39,Cash,27,2024-09-24,498,Inactive,4,2025-01-13,Delayed,951.39
C5980,Other,Teenager,Peshawar,2025-01-04,O9980,2025-08-09,KFC,Pizza,Chinese,4,206.91,Card,49,2025-03-07,43,Active,4,2024-11-08,Cancelled,827.64
C6771,Male,Adult,Islamabad,2024-04-30,O10771,2025-08-09,Burger King,Pizza,Chinese,4,1135.95,Wallet,40,2024-11-12,324,Active,2,2024-09-19,Cancelled,4543.8
C1549,Male,Adult,Peshawar,2024-07-24,O5549,2025-08-10,Subway,Fries,Chinese,2,340.37,Wallet,9,2025-07-12,308,Inactive,3,2025-01-23,Cancelled,680.74
C4440,Female,Senior,Islamabad,2023-10-23,O8440,2025-08-10,Pizza Hut,Burger,Chinese,2,1388.69,Wallet,36,2025-05-04,274,Active,4,2024-08-21,Delivered,2777.38
C4785,Female,Teenager,Karachi,2024-03-03,O8785,2025-08-10,Burger King,Sandwich,Italian,1,1126.5,Wallet,34,2025-06-29,363,Inactive,2,2025-03-12,Delivered,1126.5
C3798,Male,Senior,Karachi,2025-05-02,O7798,2025-08-10,Subway,Sandwich,Continental,1,1320.43,Card,5,2025-05-08,410,Inactive,1,2025-08-05,Delayed,1320.43
C1488,Other,Adult,Lahore,2024-03-26,O5488,2025-08-10,Burger King,Burger,Continental,4,971.9,Cash,34,2025-07-28,156,Inactive,4,2025-01-29,Delayed,3887.6
C1097,Other,Adult,Lahore,2023-11-19,O5097,2025-08-10,McDonald's,Burger,Italian,5,791.62,Cash,26,2024-11-07,30,Inactive,3,2025-08-08,Cancelled,3958.1
C6860,Female,Teenager,Multan,2025-07-28,O10860,2025-08-10,McDonald's,Burger,Italian,4,257.2,Wallet,2,2025-08-05,404,Inactive,4,2025-07-19,Delayed,1028.8
C3062,Other,Adult,Islamabad,2024-10-24,O7062,2025-08-10,McDonald's,Fries,Fast Food,3,1071.16,Cash,14,2025-07-04,37,Inactive,2,2024-12-29,Delivered,3213.48
C3921,Other,Teenager,Karachi,2025-03-31,O7921,2025-08-11,Burger King,Sandwich,Italian,5,1388.28,Wallet,34,2025-07-24,434,Inactive,1,2025-03-05,Delivered,6941.4
C5947,Other,Senior,Peshawar,2023-10-12,O9947,2025-08-11,McDonald's,Sandwich,Dessert,1,1491.19,Cash,33,2025-01-09,1,Inactive,4,2024-11-14,Delayed,1491.19
C3533,Other,Teenager,Peshawar,2025-02-20,O7533,2025-08-11,Subway,Fries,Dessert,1,1019.73,Wallet,36,2025-03-16,215,Active,5,2024-11-10,Cancelled,1019.73
C5941,Female,Senior,Lahore,2024-07-26,O9941,2025-08-11,McDonald's,Burger,Continental,5,1270.15,Wallet,26,2024-10-16,273,Active,1,2025-01-28,Cancelled,6350.75
C5732,Female,Adult,Lahore,2025-02-23,O9732,2025-08-11,Burger King,Fries,Continental,2,602.0,Cash,7,2025-06-12,173,Active,3,2024-10-11,Delayed,1204.0
C1270,Male,Teenager,Islamabad,2023-12-27,O5270,2025-08-11,KFC,Burger,Dessert,3,816.25,Wallet,35,2025-06-30,280,Active,2,2025-08-01,Delivered,2448.75
C2349,Female,Teenager,Lahore,2024-10-29,O6349,2025-08-11,Burger King,Pizza,Chinese,5,101.16,Cash,6,2025-06-14,42,Active,3,2025-02-03,Delivered,505.8
C4620,Male,Teenager,Multan,2024-08-05,O8620,2025-08-12,Burger King,Fries,Italian,2,841.04,Wallet,38,2025-05-11,137,Inactive,1,2025-05-23,Delayed,1682.08
C5593,Male,Adult,Karachi,2023-10-10,O9593,2025-08-12,KFC,Pizza,Fast Food,1,1423.68,Wallet,26,2024-11-02,485,Active,3,2025-01-16,Delayed,1423.68
C1281,Male,Teenager,Karachi,2025-05-29,O5281,2025-08-12,Burger King,Fries,Fast Food,3,1337.25,Card,40,2025-07-10,303,Active,4,2025-02-18,Delayed,4011.75
C4525,Male,Teenager,Peshawar,2024-12-22,O8525,2025-08-12,Burger King,Fries,Dessert,3,406.37,Cash,47,2025-01-01,491,Active,3,2025-03-13,Delayed,1219.11
C4989,Female,Senior,Islamabad,2024-02-18,O8989,2025-08-12,KFC,Pasta,Italian,1,1400.6,Wallet,37,2025-08-13,100,Inactive,3,2025-06-26,Cancelled,1400.6
C3583,Male,Adult,Karachi,2024-03-27,O7583,2025-08-12,Subway,Burger,Italian,2,989.1,Card,27,2025-05-31,407,Inactive,2,2025-02-15,Cancelled,1978.2
C3777,Female,Teenager,Lahore,2023-12-25,O7777,2025-08-12,Burger King,Burger,Chinese,2,814.79,Card,19,2025-06-28,165,Active,5,2024-11-15,Delivered,1629.58
C6495,Other,Teenager,Peshawar,2023-12-21,O10495,2025-08-12,McDonald's,Pasta,Fast Food,5,131.24,Cash,3,2025-04-14,109,Active,3,2024-10-27,Cancelled,656.2
C3078,Male,Teenager,Islamabad,2024-07-03,O7078,2025-08-12,McDonald's,Pizza,Italian,2,545.17,Wallet,43,2025-05-23,227,Inactive,3,2024-11-14,Delayed,1090.34
C5338,Male,Teenager,Multan,2024-09-07,O9338,2025-08-12,Burger King,Pasta,Dessert,4,537.57,Wallet,24,2025-07-19,43,Active,3,2025-05-06,Delayed,2150.28
C6369,Other,Adult,Islamabad,2024-11-21,O10369,2025-08-13,McDonald's,Pasta,Dessert,2,926.83,Cash,2,2025-06-06,13,Active,2,2025-07-23,Cancelled,1853.66
C6430,Other,Senior,Islamabad,2024-08-18,O10430,2025-08-13,Pizza Hut,Burger,Dessert,1,1163.86,Wallet,37,2025-02-11,236,Inactive,1,2025-03-09,Delayed,1163.86
C2151,Other,Adult,Peshawar,2024-04-16,O6151,2025-08-13,Pizza Hut,Pizza,Italian,3,769.9,Wallet,5,2025-01-29,309,Inactive,4,2024-12-22,Delayed,2309.7
C5667,Other,Teenager,Karachi,2024-12-31,O9667,2025-08-13,Burger King,Fries,Dessert,4,782.04,Cash,9,2025-07-22,136,Inactive,4,2025-06-21,Cancelled,3128.16
C3675,Female,Teenager,Islamabad,2024-11-04,O7675,2025-08-13,Burger King,Burger,Italian,1,817.41,Wallet,2,2025-04-21,166,Active,3,2025-02-13,Cancelled,817.41
C2802,Female,Adult,Multan,2025-02-20,O6802,2025-08-13,Pizza Hut,Sandwich,Dessert,1,1112.4,Cash,48,2025-08-14,221,Inactive,2,2025-08-14,Delivered,1112.4
C6023,Other,Senior,Lahore,2025-01-11,O10023,2025-08-13,Subway,Sandwich,Continental,5,1195.04,Card,44,2025-08-15,244,Active,4,2025-05-22,Delayed,5975.2
C6310,Male,Adult,Lahore,2024-02-03,O10310,2025-08-13,Burger King,Fries,Continental,3,1199.27,Wallet,31,2025-02-20,12,Active,3,2024-12-11,Delivered,3597.81
C4494,Female,Adult,Lahore,2024-08-28,O8494,2025-08-13,McDonald's,Pizza,Italian,4,1064.78,Card,23,2025-02-27,383,Active,5,2025-07-05,Delivered,4259.12
C1449,Other,Adult,Peshawar,2024-05-05,O5449,2025-08-14,KFC,Burger,Italian,3,637.63,Card,3,2025-07-03,50,Inactive,3,2025-06-23,Delayed,1912.89
C1841,Female,Adult,Karachi,2024-03-31,O5841,2025-08-14,Subway,Fries,Dessert,4,767.68,Cash,14,2025-04-16,379,Active,5,2024-10-21,Delayed,3070.72
C1926,Male,Teenager,Lahore,2024-03-06,O5926,2025-08-14,Burger King,Pasta,Chinese,2,800.95,Cash,20,2025-02-27,5,Inactive,1,2025-06-29,Cancelled,1601.9
C3177,Male,Senior,Karachi,2023-10-06,O7177,2025-08-14,McDonald's,Burger,Continental,4,1466.24,Card,24,2025-01-13,107,Inactive,3,2025-07-20,Cancelled,5864.96
C5506,Female,Adult,Lahore,2024-04-22,O9506,2025-08-14,KFC,Pasta,Chinese,4,545.71,Cash,20,2025-01-06,48,Active,2,2025-05-15,Cancelled,2182.84
C5361,Other,Senior,Multan,2025-03-13,O9361,2025-08-14,Burger King,Pizza,Chinese,1,637.36,Card,27,2025-04-04,349,Inactive,3,2024-10-23,Delivered,637.36
C2957,Female,Adult,Islamabad,2025-08-01,O6957,2025-08-14,Burger King,Fries,Continental,5,1309.37,Cash,2,2025-08-05,430,Inactive,1,2025-04-10,Delayed,6546.85
C4992,Male,Teenager,Karachi,2025-05-30,O8992,2025-08-14,Pizza Hut,Pizza,Dessert,1,188.55,Card,23,2025-07-22,247,Inactive,4,2025-04-14,Delayed,188.55
C2440,Male,Teenager,Karachi,2025-04-19,O6440,2025-08-14,McDonald's,Pasta,Chinese,3,131.12,Wallet,20,2025-07-06,135,Inactive,2,2025-03-02,Delivered,393.36
C4766,Male,Senior,Peshawar,2023-10-07,O8766,2025-08-14,Subway,Burger,Italian,3,355.98,Cash,41,2025-08-09,498,Active,4,2025-08-09,Delayed,1067.94
C6038,Male,Senior,Lahore,2025-06-25,O10038,2025-08-14,McDonald's,Pizza,Fast Food,1,160.7,Card,48,2025-08-20,11,Inactive,1,2025-01-11,Delayed,160.7
C1007,Male,Adult,Multan,2024-10-15,O5007,2025-08-15,Subway,Sandwich,Continental,1,994.97,Cash,15,2025-06-24,448,Inactive,2,2024-10-11,Delayed,994.97
C4614,Female,Teenager,Karachi,2024-09-19,O8614,2025-08-15,Subway,Pizza,Italian,2,421.96,Cash,40,2024-12-27,319,Inactive,3,2025-05-15,Delivered,843.92
C5788,Other,Adult,Lahore,2024-03-04,O9788,2025-08-15,Burger King,Fries,Italian,4,896.52,Cash,40,2025-08-11,421,Active,4,2025-07-24,Delivered,3586.08
C3589,Male,Teenager,Karachi,2024-10-13,O7589,2025-08-15,Pizza Hut,Pasta,Fast Food,4,1011.2,Cash,30,2025-06-10,115,Active,5,2025-07-22,Delayed,4044.8
C2925,Male,Adult,Lahore,2024-12-21,O6925,2025-08-15,Burger King,Pasta,Fast Food,2,485.22,Wallet,23,2025-04-01,340,Inactive,5,2024-10-15,Cancelled,970.44
C2743,Male,Adult,Multan,2023-09-02,O6743,2025-08-15,McDonald's,Fries,Chinese,4,318.92,Cash,23,2024-10-25,172,Active,5,2025-04-05,Cancelled,1275.68
C1421,Other,Adult,Multan,2024-12-13,O5421,2025-08-15,Burger King,Fries,Continental,4,1029.9,Card,10,2025-06-20,257,Inactive,5,2024-11-12,Delivered,4119.6
C3074,Other,Senior,Peshawar,2024-09-01,O7074,2025-08-15,Burger King,Pizza,Fast Food,2,961.78,Cash,9,2024-09-19,237,Active,2,2025-01-04,Delayed,1923.56
C1241,Other,Adult,Multan,2024-11-14,O5241,2025-08-15,KFC,Pasta,Dessert,5,274.94,Wallet,19,2025-03-16,444,Active,1,2025-02-19,Delivered,1374.7
C3565,Male,Senior,Multan,2023-08-31,O7565,2025-08-16,Subway,Burger,Fast Food,1,251.78,Wallet,30,2025-06-21,158,Inactive,4,2025-07-10,Delayed,251.78
C6513,Male,Teenager,Karachi,2024-06-23,O10513,2025-08-16,KFC,Fries,Dessert,1,1311.72,Wallet,40,2024-12-27,153,Active,3,2025-08-18,Delivered,1311.72
C5881,Female,Teenager,Multan,2023-09-14,O9881,2025-08-16,Subway,Pizza,Continental,3,1376.26,Cash,43,2025-01-08,380,Active,4,2024-11-27,Delivered,4128.78
C4369,Male,Teenager,Peshawar,2023-09-26,O8369,2025-08-16,McDonald's,Burger,Continental,4,742.51,Wallet,26,2025-07-25,212,Active,1,2025-04-05,Delayed,2970.04
C6407,Female,Adult,Islamabad,2024-04-07,O10407,2025-08-16,Subway,Pizza,Dessert,4,818.08,Cash,39,2025-02-05,320,Active,3,2024-12-08,Delivered,3272.32
C5114,Male,Adult,Lahore,2025-06-10,O9114,2025-08-16,Burger King,Fries,Dessert,3,547.85,Cash,16,2025-06-22,263,Active,4,2024-09-14,Delivered,1643.55
C6057,Male,Senior,Karachi,2024-12-24,O10057,2025-08-16,McDonald's,Pasta,Continental,2,688.47,Wallet,34,2025-03-15,20,Inactive,2,2024-12-18,Delivered,1376.94
C5195,Male,Adult,Karachi,2024-09-15,O9195,2025-08-17,Pizza Hut,Pasta,Fast Food,1,1312.96,Card,32,2024-10-04,225,Active,3,2025-08-08,Delivered,1312.96
C3903,Male,Adult,Lahore,2025-03-11,O7903,2025-08-17,Burger King,Burger,Continental,4,166.53,Cash,10,2025-04-07,251,Active,4,2025-01-09,Cancelled,666.12
C5217,Female,Teenager,Karachi,2025-03-14,O9217,2025-08-17,Subway,Fries,Fast Food,5,979.67,Card,17,2025-08-04,224,Active,3,2025-02-20,Delivered,4898.35
C3252,Male,Teenager,Lahore,2024-02-01,O7252,2025-08-17,Pizza Hut,Fries,Chinese,1,104.08,Wallet,22,2024-08-27,186,Active,4,2025-01-09,Cancelled,104.08
C5422,Female,Adult,Lahore,2024-04-26,O9422,2025-08-17,KFC,Pasta,Continental,3,1341.44,Card,42,2024-10-09,377,Inactive,4,2025-03-28,Delivered,4024.32
C1124,Female,Teenager,Karachi,2023-12-06,O5124,2025-08-17,Pizza Hut,Fries,Continental,4,211.41,Card,1,2025-07-05,118,Inactive,5,2024-12-29,Delayed,845.64
C1087,Female,Adult,Multan,2024-11-27,O5087,2025-08-17,McDonald's,Fries,Continental,3,1435.56,Cash,9,2025-08-21,219,Active,3,2025-01-15,Delivered,4306.68
C1362,Male,Teenager,Islamabad,2024-07-16,O5362,2025-08-17,McDonald's,Fries,Continental,5,276.11,Wallet,1,2025-02-28,294,Inactive,3,2025-02-20,Delivered,1380.55
C6477,Male,Adult,Peshawar,2023-10-18,O10477,2025-08-18,Burger King,Pasta,Italian,2,185.72,Wallet,50,2024-10-30,440,Active,3,2025-02-21,Cancelled,371.44
C6560,Male,Senior,Peshawar,2024-07-12,O10560,2025-08-18,Pizza Hut,Burger,Chinese,3,683.25,Wallet,24,2024-11-18,306,Inactive,2,2025-06-15,Delivered,2049.75
C3420,Male,Senior,Multan,2024-03-06,O7420,2025-08-18,Pizza Hut,Pizza,Chinese,3,293.3,Card,14,2025-08-21,383,Inactive,3,2024-09-10,Delayed,879.9
C1349,Other,Senior,Multan,2024-09-06,O5349,2025-08-18,Pizza Hut,Sandwich,Fast Food,1,837.66,Cash,46,2025-01-22,116,Active,2,2025-03-11,Delayed,837.66
C2655,Other,Senior,Peshawar,2025-01-15,O6655,2025-08-18,Subway,Pizza,Dessert,3,1042.43,Wallet,9,2025-06-07,463,Active,4,2025-01-31,Cancelled,3127.29
C1879,Female,Teenager,Lahore,2023-12-16,O5879,2025-08-19,McDonald's,Pasta,Italian,1,1143.37,Wallet,18,2024-11-02,249,Inactive,5,2025-07-13,Delayed,1143.37
C3043,Female,Adult,Peshawar,2024-03-03,O7043,2025-08-19,Pizza Hut,Pasta,Chinese,3,1402.34,Wallet,8,2025-01-29,355,Inactive,1,2025-06-05,Delayed,4207.02
C2798,Female,Teenager,Multan,2024-08-25,O6798,2025-08-19,Burger King,Sandwich,Dessert,5,436.27,Cash,29,2024-09-18,107,Inactive,5,2025-08-08,Delayed,2181.35
C3786,Other,Teenager,Islamabad,2024-09-23,O7786,2025-08-19,Pizza Hut,Fries,Dessert,3,918.86,Card,39,2025-02-02,475,Inactive,5,2025-03-11,Delivered,2756.58
C2989,Male,Teenager,Lahore,2024-04-27,O6989,2025-08-20,KFC,Pizza,Italian,1,589.25,Cash,15,2025-01-06,369,Inactive,2,2025-05-03,Cancelled,589.25
C1650,Female,Teenager,Islamabad,2024-12-08,O5650,2025-08-20,Pizza Hut,Pizza,Dessert,2,707.0,Cash,9,2025-04-28,335,Active,5,2024-10-01,Cancelled,1414.0
C1274,Other,Teenager,Lahore,2024-07-20,O5274,2025-08-20,Subway,Fries,Fast Food,3,1453.04,Card,49,2025-02-07,469,Active,5,2024-11-29,Delivered,4359.12
C4254,Other,Adult,Karachi,2024-12-12,O8254,2025-08-20,Burger King,Fries,Fast Food,1,507.73,Wallet,26,2025-05-31,406,Active,1,2024-09-23,Delayed,507.73
C1156,Other,Senior,Lahore,2024-08-21,O5156,2025-08-20,Pizza Hut,Burger,Chinese,1,1033.42,Card,12,2024-09-16,122,Active,2,2025-01-24,Delivered,1033.42
C4936,Female,Senior,Karachi,2023-10-11,O8936,2025-08-20,Pizza Hut,Sandwich,Continental,2,1137.66,Cash,19,2024-12-11,494,Active,5,2025-07-28,Delivered,2275.32
C4417,Other,Adult,Lahore,2023-09-21,O8417,2025-08-20,Subway,Burger,Chinese,3,1095.84,Cash,13,2024-09-27,202,Active,4,2025-03-27,Delivered,3287.52
C4726,Female,Teenager,Multan,2024-05-29,O8726,2025-08-20,Subway,Fries,Chinese,4,1145.9,Cash,16,2025-02-25,8,Inactive,4,2025-03-14,Delivered,4583.6
C1450,Female,Adult,Karachi,2024-09-22,O5450,2025-08-21,Pizza Hut,Pizza,Chinese,4,404.82,Wallet,10,2025-01-15,148,Active,5,2024-09-15,Delayed,1619.28
C1955,Female,Senior,Peshawar,2024-09-07,O5955,2025-08-21,Pizza Hut,Fries,Fast Food,1,1318.02,Card,39,2025-01-29,106,Inactive,2,2024-11-12,Delayed,1318.02
C4870,Male,Teenager,Multan,2025-03-10,O8870,2025-08-21,McDonald's,Burger,Italian,3,857.9,Wallet,27,2025-04-02,486,Active,1,2025-05-09,Delivered,2573.7
C3042,Other,Adult,Multan,2024-09-28,O7042,2025-08-21,Subway,Pasta,Continental,2,1479.85,Wallet,19,2025-07-14,374,Inactive,5,2025-03-16,Delayed,2959.7
C2877,Other,Adult,Peshawar,2025-03-28,O6877,2025-08-21,Subway,Burger,Fast Food,4,1078.12,Card,43,2025-06-03,290,Active,5,2025-04-19,Cancelled,4312.48
C2893,Male,Adult,Multan,2024-08-13,O6893,2025-08-21,Burger King,Pizza,Chinese,5,598.92,Cash,49,2025-06-30,259,Active,5,2025-01-20,Cancelled,2994.6
C4048,Male,Teenager,Lahore,2023-10-16,O8048,2025-08-21,McDonald's,Fries,Dessert,5,493.48,Wallet,10,2025-08-18,369,Inactive,3,2025-02-20,Delayed,2467.4
C1430,Other,Senior,Peshawar,2024-12-13,O5430,2025-08-21,KFC,Pizza,Chinese,1,536.61,Cash,9,2025-05-13,113,Inactive,1,2024-09-29,Delivered,536.61
C5691,Male,Senior,Lahore,2025-06-03,O9691,2025-08-21,Subway,Sandwich,Italian,1,595.87,Wallet,19,2025-07-15,446,Active,2,2024-12-30,Delayed,595.87
C3236,Female,Senior,Peshawar,2024-11-12,O7236,2025-08-21,Pizza Hut,Pasta,Continental,5,1168.73,Card,49,2025-07-18,141,Inactive,1,2024-10-12,Delayed,5843.65
C5793,Other,Senior,Multan,2023-10-01,O9793,2025-08-21,Subway,Pizza,Italian,2,1375.28,Cash,42,2025-05-21,237,Active,1,2025-02-14,Delivered,2750.56
C2476,Male,Teenager,Peshawar,2024-09-10,O6476,2025-08-22,Pizza Hut,Pizza,Fast Food,3,1378.12,Card,15,2025-02-23,273,Inactive,1,2025-02-15,Delayed,4134.36
C5777,Female,Senior,Peshawar,2024-02-11,O9777,2025-08-22,Pizza Hut,Pasta,Fast Food,1,1103.73,Wallet,43,2025-08-21,211,Inactive,1,2024-09-04,Delivered,1103.73
C5590,Female,Adult,Multan,2024-08-11,O9590,2025-08-22,McDonald's,Burger,Chinese,4,598.01,Card,1,2024-11-28,457,Inactive,2,2024-12-06,Cancelled,2392.04
C6849,Male,Adult,Multan,2024-11-25,O10849,2025-08-22,Pizza Hut,Burger,Italian,4,875.71,Cash,28,2024-11-29,166,Active,5,2024-12-30,Cancelled,3502.84
C3787,Female,Adult,Islamabad,2025-01-28,O7787,2025-08-22,KFC,Pizza,Italian,5,1118.26,Cash,12,2025-06-08,193,Inactive,3,2025-02-09,Delayed,5591.3
C2841,Other,Teenager,Islamabad,2023-10-19,O6841,2025-08-22,KFC,Sandwich,Italian,4,1005.83,Card,31,2024-12-30,278,Active,4,2025-03-23,Cancelled,4023.32
C1624,Male,Adult,Islamabad,2024-06-17,O5624,2025-08-22,KFC,Fries,Fast Food,4,1226.1,Card,37,2024-12-27,55,Inactive,2,2025-03-15,Delivered,4904.4
C2068,Female,Adult,Multan,2025-03-15,O6068,2025-08-22,Burger King,Fries,Fast Food,3,1131.27,Card,2,2025-06-13,41,Inactive,1,2025-07-15,Delayed,3393.81
